gid,d_name,area,
다사462437,구로4동,10000,구로4동
다사399421,항동,9005.984,항동
다사412444,오류1동,8052.624,오류1동
다사412444,오류1동,1947.376,오류1동
다사428439,개봉2동,10000,개봉2동
다사424440,개봉2동,9996.937,개봉2동
다사424440,개봉2동,3.063,개봉2동
다사439449,고척1동,10000,고척1동
다사460428,가리봉동,10000,가리봉동
다사462434,구로3동,10000,구로3동
다사417440,오류1동,9442.807,오류1동
다사417440,오류1동,557.193,오류1동
다사421448,개봉1동,10000,개봉1동
다사436443,고척1동,7799.552,고척1동
다사436443,고척1동,2200.448,고척1동
다사427429,개봉3동,10000,개봉3동
다사430451,고척2동,10000,고척2동
다사456453,신도림동,10000,신도림동
다사422451,개봉1동,10000,개봉1동
다사456429,가리봉동,10000,가리봉동
다사447445,구로1동,7922.97,구로1동
다사447445,구로1동,2077.03,구로1동
다사426435,개봉3동,57.165,개봉3동
다사426435,개봉3동,9942.835,개봉3동
다사405445,수궁동,10000,수궁동
다사431451,고척2동,3380.268,고척2동
다사431451,고척2동,6619.732,고척2동
다사461433,구로3동,10000,구로3동
다사434440,개봉2동,7080.368,개봉2동
다사434440,개봉2동,2919.632,개봉2동
다사414437,오류2동,10000,오류2동
다사424446,개봉1동,10000,개봉1동
다사430445,개봉1동,238.889,개봉1동
다사430445,개봉1동,9761.111,개봉1동
다사434454,고척2동,8279.6,고척2동
다사404423,항동,10000,항동
다사427438,개봉2동,10000,개봉2동
다사432433,개봉3동,10000,개봉3동
다사448452,구로2동,10000,구로2동
다사457457,신도림동,10000,신도림동
다사408445,수궁동,10000,수궁동
다사432450,고척1동,9848.3,고척1동
다사432450,고척1동,151.7,고척1동
다사461425,가리봉동,10000,가리봉동
다사412427,오류2동,10000,오류2동
다사449437,구로1동,10000,구로1동
다사424455,고척2동,10000,고척2동
다사434438,개봉2동,10000,개봉2동
다사450452,구로2동,3070.368,구로2동
다사450452,구로2동,6929.632,구로2동
다사457449,구로5동,10000,구로5동
다사459441,구로2동,1178.33,구로2동
다사459441,구로2동,8821.67,구로2동
다사398431,항동,4231.789,항동
다사457460,신도림동,10000,신도림동
다사422446,개봉1동,10000,개봉1동
다사463425,구로3동,7984.477,구로3동
다사463425,구로3동,2015.523,구로3동
다사421449,개봉1동,10000,개봉1동
다사434446,고척1동,10000,고척1동
다사421442,오류1동,10000,오류1동
다사430446,고척1동,5920.591,고척1동
다사430446,고척1동,4079.409,고척1동
다사456439,구로2동,10000,구로2동
다사419428,오류2동,10000,오류2동
다사452438,구로2동,10000,구로2동
다사432432,개봉3동,8775.652,개봉3동
다사403437,수궁동,10000,수궁동
다사423447,개봉1동,10000,개봉1동
다사410448,수궁동,10000,수궁동
다사416423,오류2동,10000,오류2동
다사418428,오류2동,10000,오류2동
다사429438,개봉2동,10000,개봉2동
다사431441,개봉2동,5115.565,개봉2동
다사431441,개봉2동,4884.435,개봉2동
다사404445,수궁동,10000,수궁동
다사421452,개봉1동,10000,개봉1동
다사408449,수궁동,10000,수궁동
다사442452,고척1동,6922.635,고척1동
다사462429,구로3동,10000,구로3동
다사400423,항동,10000,항동
다사430439,개봉2동,10000,개봉2동
다사403442,수궁동,10000,수궁동
다사414443,오류1동,10000,오류1동
다사408435,오류2동,10000,오류2동
다사457442,구로2동,10000,구로2동
다사417428,오류2동,10000,오류2동
다사453442,구로2동,10000,구로2동
다사414431,오류2동,10000,오류2동
다사447439,구로1동,10000,구로1동
다사453459,신도림동,10000,신도림동
다사414446,오류1동,10000,오류1동
다사403449,수궁동,10000,수궁동
다사417449,개봉1동,10000,개봉1동
다사400438,수궁동,10000,수궁동
다사428453,고척2동,10000,고척2동
다사431440,개봉2동,10000,개봉2동
다사454459,신도림동,10000,신도림동
다사417422,오류2동,10000,오류2동
다사452432,가리봉동,2557.373,가리봉동
다사452432,가리봉동,7413.914,가리봉동
다사452432,가리봉동,28.713,가리봉동
다사409446,수궁동,10000,수궁동
다사431442,개봉1동,10000,개봉1동
다사428442,개봉1동,2919.172,개봉1동
다사428442,개봉1동,7080.828,개봉1동
다사454443,구로2동,10000,구로2동
다사459438,구로2동,10000,구로2동
다사421444,오류1동,10000,오류1동
다사432456,고척2동,10000,고척2동
다사435449,고척1동,10000,고척1동
다사430437,개봉2동,10000,개봉2동
다사432449,고척1동,10000,고척1동
다사427441,개봉2동,10000,개봉2동
다사464440,구로4동,9988.813,구로4동
다사418447,개봉1동,1184.583,개봉1동
다사418447,개봉1동,8815.417,개봉1동
다사408441,수궁동,10000,수궁동
다사429448,개봉1동,10000,개봉1동
다사420427,오류2동,10000,오류2동
다사420438,오류2동,10000,오류2동
다사451457,신도림동,10000,신도림동
다사461438,구로4동,10000,구로4동
다사428438,개봉2동,10000,개봉2동
다사468424,구로3동,8064.555,구로3동
다사419442,오류1동,10000,오류1동
다사418438,오류2동,10000,오류2동
다사460452,구로5동,10000,구로5동
다사429440,개봉2동,10000,개봉2동
다사417442,오류1동,10000,오류1동
다사449456,신도림동,10000,신도림동
다사451455,신도림동,10000,신도림동
다사425432,개봉3동,10000,개봉3동
다사401433,항동,3920.448,항동
다사458430,구로3동,8571.165,구로3동
다사458430,구로3동,1428.835,구로3동
다사470429,구로3동,10000,구로3동
다사450457,신도림동,10000,신도림동
다사462425,가리봉동,2361.647,가리봉동
다사462425,가리봉동,7638.353,가리봉동
다사434450,고척1동,10000,고척1동
다사451456,신도림동,10000,신도림동
다사450454,신도림동,10000,신도림동
다사452442,구로2동,10000,구로2동
다사456447,구로5동,10000,구로5동
다사450449,구로2동,10000,구로2동
다사463441,구로4동,10000,구로4동
다사404441,수궁동,10000,수궁동
다사456440,구로2동,10000,구로2동
다사432442,개봉1동,10000,개봉1동
다사430444,개봉1동,10000,개봉1동
다사432441,개봉1동,2082.621,개봉1동
다사432441,개봉1동,7917.379,개봉1동
다사436445,고척1동,10000,고척1동
다사436441,개봉1동,10000,개봉1동
다사458460,신도림동,10000,신도림동
다사417432,오류2동,10000,오류2동
다사426448,고척2동,8791.503,고척2동
다사426448,고척2동,1208.497,고척2동
다사426453,고척2동,10000,고척2동
다사459434,구로4동,10000,구로4동
다사404425,항동,10000,항동
다사453444,구로2동,10000,구로2동
다사466424,구로3동,10000,구로3동
다사424444,개봉1동,4139.364,개봉1동
다사424444,개봉1동,5860.636,개봉1동
다사469429,구로3동,10000,구로3동
다사416441,오류1동,10000,오류1동
다사417433,오류2동,10000,오류2동
다사414425,오류2동,10000,오류2동
다사448456,신도림동,10000,신도림동
다사403450,수궁동,10000,수궁동
다사401432,항동,9906.788,항동
다사464435,구로3동,10000,구로3동
다사431455,고척2동,10000,고척2동
다사447438,구로1동,10000,구로1동
다사430433,개봉3동,10000,개봉3동
다사459442,구로5동,7371.023,구로5동
다사459442,구로5동,2628.977,구로5동
다사404433,항동,10000,항동
다사399428,항동,10000,항동
다사412441,수궁동,10000,수궁동
다사452433,구로2동,169.404,구로2동
다사452433,구로2동,1343.177,구로2동
다사452433,구로2동,8487.419,구로2동
다사424449,개봉1동,714.329,개봉1동
다사424449,개봉1동,9285.671,개봉1동
다사414440,오류1동,5004.319,오류1동
다사414440,오류1동,4995.681,오류1동
다사418420,오류2동,10000,오류2동
다사421428,오류2동,10000,오류2동
다사463436,구로3동,6062.075,구로3동
다사463436,구로3동,3937.925,구로3동
다사419450,개봉1동,10000,개봉1동
다사416425,오류2동,10000,오류2동
다사423439,오류2동,1798.934,오류2동
다사423439,오류2동,8201.066,오류2동
다사411442,수궁동,10000,수궁동
다사438443,고척1동,10000,고척1동
다사404447,수궁동,10000,수궁동
다사418450,개봉1동,10000,개봉1동
다사461436,구로4동,10000,구로4동
다사455456,신도림동,10000,신도림동
다사462435,구로3동,7559.31,구로3동
다사462435,구로3동,2440.69,구로3동
다사406441,수궁동,10000,수궁동
다사428454,고척2동,10000,고척2동
다사400428,항동,10000,항동
다사428444,개봉1동,10000,개봉1동
다사429453,고척2동,10000,고척2동
다사439447,고척1동,10000,고척1동
다사401436,수궁동,8849.17,수궁동
다사453451,신도림동,8089.375,신도림동
다사453451,신도림동,1893.543,신도림동
다사453451,신도림동,17.082,신도림동
다사462453,구로5동,10000,구로5동
다사415444,오류1동,10000,오류1동
다사406443,수궁동,10000,수궁동
다사407446,수궁동,10000,수궁동
다사410449,수궁동,10000,수궁동
다사415435,오류2동,10000,오류2동
다사402435,수궁동,8767.499,수궁동
다사402435,수궁동,1229.881,수궁동
다사402435,수궁동,2.62,수궁동
다사427447,고척2동,8602.022,고척2동
다사427447,고척2동,1397.978,고척2동
다사438444,고척1동,10000,고척1동
다사452446,구로2동,10000,구로2동
다사456437,구로2동,10000,구로2동
다사427435,개봉3동,10000,개봉3동
다사430432,개봉3동,10000,개봉3동
다사457451,구로5동,10000,구로5동
다사414441,오류1동,7305.186,오류1동
다사414441,오류1동,2694.814,오류1동
다사445440,구로1동,10000,구로1동
다사462426,구로3동,5689.833,구로3동
다사462426,구로3동,4310.167,구로3동
다사414429,오류2동,10000,오류2동
다사450453,신도림동,10000,신도림동
다사403434,항동,4387.43,항동
다사403434,항동,5612.57,항동
다사452440,구로2동,10000,구로2동
다사456432,구로2동,4112.311,구로2동
다사456432,구로2동,5887.689,구로2동
다사455434,구로2동,292.425,구로2동
다사455434,구로2동,9707.575,구로2동
다사461429,구로3동,8114.141,구로3동
다사461429,구로3동,1885.859,구로3동
다사399429,항동,10000,항동
다사426446,개봉1동,10000,개봉1동
다사429454,고척2동,10000,고척2동
다사432440,개봉2동,10000,개봉2동
다사419430,오류2동,10000,오류2동
다사422455,고척2동,10000,고척2동
다사415437,오류2동,10000,오류2동
다사415438,오류2동,10000,오류2동
다사448445,구로1동,10000,구로1동
다사404435,오류2동,10000,오류2동
다사417439,오류2동,138.441,오류2동
다사417439,오류2동,9861.559,오류2동
다사431447,고척1동,10000,고척1동
다사457434,구로4동,10000,구로4동
다사454439,구로2동,10000,구로2동
다사457432,구로4동,10000,구로4동
다사454432,구로2동,2764.588,구로2동
다사454432,구로2동,7235.412,구로2동
다사462441,구로4동,10000,구로4동
다사403422,항동,10000,항동
다사462424,가리봉동,10000,가리봉동
다사424428,개봉3동,10000,개봉3동
다사453445,구로2동,10000,구로2동
다사413444,오류1동,10000,오류1동
다사427433,개봉3동,10000,개봉3동
다사423440,오류2동,965.117,오류2동
다사423440,오류2동,9034.883,오류2동
다사465433,구로3동,10000,구로3동
다사400443,수궁동,10000,수궁동
다사404424,항동,10000,항동
다사440442,고척1동,9157.394,고척1동
다사440442,고척1동,433.131,고척1동
다사440442,고척1동,409.475,고척1동
다사411444,수궁동,207.805,수궁동
다사411444,수궁동,9792.195,수궁동
다사458447,구로5동,10000,구로5동
다사432436,개봉2동,7540.72,개봉2동
다사432436,개봉2동,2459.28,개봉2동
다사413441,수궁동,10000,수궁동
다사417436,오류2동,10000,오류2동
다사407423,항동,10000,항동
다사461449,구로5동,10000,구로5동
다사464441,구로4동,8823.99,구로4동
다사424454,고척2동,10000,고척2동
다사445443,구로1동,9806.525,구로1동
다사445443,구로1동,193.475,구로1동
다사464427,구로3동,10000,구로3동
다사425447,개봉1동,10000,개봉1동
다사431453,고척2동,10000,고척2동
다사457429,가리봉동,10000,가리봉동
다사453430,가리봉동,2868.132,가리봉동
다사420449,개봉1동,10000,개봉1동
다사456459,신도림동,10000,신도림동
다사451460,신도림동,10000,신도림동
다사431448,고척1동,10000,고척1동
다사454461,신도림동,10000,신도림동
다사428456,고척2동,10000,고척2동
다사461443,구로5동,4.016,구로5동
다사461443,구로5동,9995.984,구로5동
다사408433,오류2동,10000,오류2동
다사410433,오류2동,10000,오류2동
다사407448,수궁동,10000,수궁동
다사459445,구로5동,10000,구로5동
다사466433,구로3동,9953.838,구로3동
다사432454,고척2동,10000,고척2동
다사439446,고척1동,10000,고척1동
다사449449,구로2동,10000,구로2동
다사457445,구로5동,7878.607,구로5동
다사457445,구로5동,2121.393,구로5동
다사456428,가리봉동,7921.913,가리봉동
다사461451,구로5동,10000,구로5동
다사433441,개봉1동,41.379,개봉1동
다사433441,개봉1동,9958.621,개봉1동
다사436450,고척1동,10000,고척1동
다사458450,구로5동,10000,구로5동
다사458443,구로2동,4033.232,구로2동
다사458443,구로2동,5966.768,구로2동
다사408434,오류2동,10000,오류2동
다사424448,개봉1동,10000,개봉1동
다사438449,고척1동,10000,고척1동
다사471429,구로3동,8260.729,구로3동
다사409432,오류2동,10000,오류2동
다사459431,구로3동,10000,구로3동
다사415442,오류1동,10000,오류1동
다사435453,고척2동,10000,고척2동
다사439451,고척1동,10000,고척1동
다사456441,구로2동,10000,구로2동
다사407432,오류2동,10000,오류2동
다사416427,오류2동,10000,오류2동
다사453435,구로2동,10000,구로2동
다사450447,구로2동,569.403,구로2동
다사450447,구로2동,9430.597,구로2동
다사435444,고척1동,10000,고척1동
다사458440,구로2동,10000,구로2동
다사401420,항동,1995.615,항동
다사465432,구로3동,10000,구로3동
다사419452,개봉1동,10000,개봉1동
다사436454,고척2동,1042.354,고척2동
다사436454,고척2동,6793.726,고척2동
다사428435,개봉3동,364.527,개봉3동
다사428435,개봉3동,9635.473,개봉3동
다사427454,고척2동,10000,고척2동
다사452459,신도림동,10000,신도림동
다사455431,가리봉동,9313.861,가리봉동
다사455431,가리봉동,686.139,가리봉동
다사463434,구로3동,10000,구로3동
다사399445,수궁동,10000,수궁동
다사417427,오류2동,10000,오류2동
다사417447,개봉1동,4163.991,개봉1동
다사417447,개봉1동,5836.009,개봉1동
다사448454,신도림동,7515.916,신도림동
다사448454,신도림동,2484.084,신도림동
다사422445,개봉1동,19.164,개봉1동
다사422445,개봉1동,9980.836,개봉1동
다사452462,신도림동,10000,신도림동
다사398430,항동,6792.484,항동
다사419445,오류1동,10000,오류1동
다사422427,오류2동,1749.717,오류2동
다사422427,오류2동,7192.408,오류2동
다사455452,신도림동,9817.026,신도림동
다사455452,신도림동,182.974,신도림동
다사425446,개봉1동,10000,개봉1동
다사459444,구로5동,10000,구로5동
다사453439,구로2동,10000,구로2동
다사429432,개봉3동,10000,개봉3동
다사437451,고척1동,10000,고척1동
다사436438,개봉2동,10000,개봉2동
다사402421,항동,9196.83,항동
다사427430,개봉3동,10000,개봉3동
다사459428,가리봉동,10000,가리봉동
다사458434,구로4동,10000,구로4동
다사404434,오류2동,6325.536,오류2동
다사404434,오류2동,3674.464,오류2동
다사415425,오류2동,10000,오류2동
다사420428,오류2동,10000,오류2동
다사426437,개봉2동,10000,개봉2동
다사455437,구로2동,10000,구로2동
다사426449,고척2동,10000,고척2동
다사450451,구로2동,10000,구로2동
다사425450,고척2동,10000,고척2동
다사397420,항동,9234.309,항동
다사455457,신도림동,10000,신도림동
다사458455,신도림동,10000,신도림동
다사417431,오류2동,10000,오류2동
다사406444,수궁동,10000,수궁동
다사423445,개봉1동,10000,개봉1동
다사455442,구로2동,10000,구로2동
다사460437,구로4동,9965.711,구로4동
다사460437,구로4동,34.289,구로4동
다사461447,구로5동,10000,구로5동
다사403423,항동,10000,항동
다사453432,가리봉동,6886.803,가리봉동
다사453432,가리봉동,3113.197,가리봉동
다사462455,구로5동,10000,구로5동
다사401423,항동,10000,항동
다사422428,오류2동,10000,오류2동
다사430455,고척2동,10000,고척2동
다사447454,구로2동,4190.301,구로2동
다사447454,구로2동,4479.554,구로2동
다사425454,고척2동,10000,고척2동
다사447432,구로1동,2596.676,구로1동
다사448432,구로1동,7951.58,구로1동
다사405447,수궁동,10000,수궁동
다사430454,고척2동,10000,고척2동
다사448453,구로2동,1306.362,구로2동
다사448453,구로2동,8693.638,구로2동
다사422447,개봉1동,10000,개봉1동
다사464423,가리봉동,7266.784,가리봉동
다사461454,구로5동,10000,구로5동
다사426451,고척2동,10000,고척2동
다사404422,항동,10000,항동
다사411441,수궁동,10000,수궁동
다사400439,수궁동,10000,수궁동
다사456431,구로2동,810.902,구로2동
다사456431,구로2동,1447.659,구로2동
다사456431,구로2동,7741.439,구로2동
다사397439,수궁동,10000,수궁동
다사433437,개봉2동,10000,개봉2동
다사436451,고척1동,10000,고척1동
다사410446,수궁동,10000,수궁동
다사400422,항동,10000,항동
다사434437,개봉2동,10000,개봉2동
다사458438,구로2동,10000,구로2동
다사458445,구로5동,10000,구로5동
다사416433,오류2동,10000,오류2동
다사438447,고척1동,10000,고척1동
다사409439,오류2동,2254.617,오류2동
다사409439,오류2동,7745.383,오류2동
다사417423,오류2동,10000,오류2동
다사413434,오류2동,10000,오류2동
다사469430,구로3동,10000,구로3동
다사399447,수궁동,10000,수궁동
다사461434,구로3동,9483.886,구로3동
다사461434,구로3동,516.114,구로3동
다사428457,고척2동,10000,고척2동
다사414442,오류1동,8638.991,오류1동
다사414442,오류1동,1361.009,오류1동
다사416439,오류2동,341.985,오류2동
다사416439,오류2동,9658.015,오류2동
다사433443,개봉1동,193.717,개봉1동
다사433443,개봉1동,9806.283,개봉1동
다사417441,오류1동,10000,오류1동
다사423442,오류1동,10000,오류1동
다사433433,개봉3동,6489.011,개봉3동
다사417430,오류2동,10000,오류2동
다사418435,오류2동,10000,오류2동
다사419436,오류2동,10000,오류2동
다사466432,구로3동,10000,구로3동
다사407438,오류2동,10000,오류2동
다사453436,구로2동,10000,구로2동
다사425439,개봉2동,10000,개봉2동
다사457450,구로5동,10000,구로5동
다사429445,개봉1동,10000,개봉1동
다사417434,오류2동,10000,오류2동
다사425436,개봉2동,8501.993,개봉2동
다사425436,개봉2동,1498.007,개봉2동
다사406437,오류2동,10000,오류2동
다사410435,오류2동,10000,오류2동
다사426431,개봉3동,10000,개봉3동
다사436452,고척1동,9930.017,고척1동
다사436452,고척1동,69.983,고척1동
다사457444,구로2동,1127.061,구로2동
다사457444,구로2동,8872.939,구로2동
다사457439,구로2동,10000,구로2동
다사427455,고척2동,10000,고척2동
다사413435,오류2동,10000,오류2동
다사401450,수궁동,10000,수궁동
다사432438,개봉2동,10000,개봉2동
다사397442,수궁동,10000,수궁동
다사432437,개봉2동,10000,개봉2동
다사412434,오류2동,10000,오류2동
다사460450,구로5동,10000,구로5동
다사422444,오류1동,7541.968,오류1동
다사422444,오류1동,2458.032,오류1동
다사452457,신도림동,10000,신도림동
다사412445,오류1동,10000,오류1동
다사431445,고척1동,7147.716,고척1동
다사431445,고척1동,2852.284,고척1동
다사463439,구로4동,10000,구로4동
다사429439,개봉2동,10000,개봉2동
다사439448,고척1동,10000,고척1동
다사468426,구로3동,10000,구로3동
다사402440,수궁동,10000,수궁동
다사458458,신도림동,10000,신도림동
다사399427,항동,10000,항동
다사421445,오류1동,5700.45,오류1동
다사421445,오류1동,4299.55,오류1동
다사429437,개봉2동,10000,개봉2동
다사413432,오류2동,10000,오류2동
다사429456,고척2동,10000,고척2동
다사452454,신도림동,10000,신도림동
다사452435,구로2동,10000,구로2동
다사463452,구로5동,9461.1,구로5동
다사458446,구로5동,10000,구로5동
다사460434,구로4동,3040.614,구로4동
다사460434,구로4동,6959.386,구로4동
다사435439,개봉2동,10000,개봉2동
다사456446,구로5동,9970.156,구로5동
다사456446,구로5동,29.844,구로5동
다사432435,개봉3동,10000,개봉3동
다사435448,고척1동,10000,고척1동
다사449438,구로1동,10000,구로1동
다사398439,수궁동,10000,수궁동
다사405446,수궁동,10000,수궁동
다사428434,개봉3동,10000,개봉3동
다사405435,오류2동,10000,오류2동
다사450434,구로1동,10000,구로1동
다사452431,가리봉동,3094.928,가리봉동
다사452431,가리봉동,3937.649,가리봉동
다사429441,개봉2동,9777.29,개봉2동
다사429441,개봉2동,222.71,개봉2동
다사458436,구로2동,1402.862,구로2동
다사458436,구로2동,8597.138,구로2동
다사408442,수궁동,10000,수궁동
다사438448,고척1동,10000,고척1동
다사422450,개봉1동,10000,개봉1동
다사444440,구로1동,10000,구로1동
다사413440,수궁동,10000,수궁동
다사457440,구로2동,10000,구로2동
다사448443,구로1동,10000,구로1동
다사433454,고척2동,10000,고척2동
다사437448,고척1동,10000,고척1동
다사456457,신도림동,10000,신도림동
다사463453,구로5동,9782.841,구로5동
다사429442,개봉1동,221.659,개봉1동
다사429442,개봉1동,9778.341,개봉1동
다사429443,개봉1동,10000,개봉1동
다사462449,구로5동,10000,구로5동
다사420439,오류2동,10000,오류2동
다사464439,구로4동,10000,구로4동
다사429447,개봉1동,10000,개봉1동
다사416445,오류1동,10000,오류1동
다사416428,오류2동,10000,오류2동
다사403424,항동,10000,항동
다사421443,오류1동,10000,오류1동
다사423444,오류1동,7706.47,오류1동
다사423444,오류1동,2293.53,오류1동
다사426445,개봉1동,10000,개봉1동
다사450455,신도림동,10000,신도림동
다사398442,수궁동,10000,수궁동
다사401438,수궁동,10000,수궁동
다사414426,오류2동,10000,오류2동
다사432452,고척2동,10000,고척2동
다사453437,구로2동,10000,구로2동
다사417445,오류1동,10000,오류1동
다사456433,구로4동,7367.489,구로4동
다사456433,구로4동,2632.511,구로4동
다사425455,고척2동,10000,고척2동
다사417448,개봉1동,10000,개봉1동
다사455447,구로5동,10000,구로5동
다사404431,항동,10000,항동
다사452439,구로2동,10000,구로2동
다사425441,개봉2동,10000,개봉2동
다사418425,오류2동,10000,오류2동
다사448450,구로2동,10000,구로2동
다사458426,가리봉동,9566.593,가리봉동
다사461428,가리봉동,2285.979,가리봉동
다사461428,가리봉동,7714.021,가리봉동
다사428452,고척2동,10000,고척2동
다사438442,고척1동,10000,고척1동
다사454430,가리봉동,9252.969,가리봉동
다사434452,고척2동,10000,고척2동
다사460432,구로3동,10000,구로3동
다사464438,구로4동,10000,구로4동
다사429446,개봉1동,10000,개봉1동
다사455446,구로5동,6475.131,구로5동
다사455446,구로5동,3524.869,구로5동
다사422438,오류2동,10000,오류2동
다사454433,구로2동,10000,구로2동
다사436447,고척1동,10000,고척1동
다사466423,구로3동,6132.984,구로3동
다사466423,구로3동,627.962,구로3동
다사410447,수궁동,10000,수궁동
다사437440,개봉1동,511.824,개봉1동
다사437440,개봉1동,2311.941,개봉1동
다사437440,개봉1동,7176.235,개봉1동
다사401421,항동,10000,항동
다사427440,개봉2동,10000,개봉2동
다사401427,항동,10000,항동
다사429435,개봉3동,10.387,개봉3동
다사429435,개봉3동,9989.613,개봉3동
다사433435,개봉2동,6080.1,개봉2동
다사433435,개봉2동,3919.9,개봉2동
다사437447,고척1동,10000,고척1동
다사402424,항동,10000,항동
다사424427,개봉3동,8088.687,개봉3동
다사398421,항동,8847.444,항동
다사426450,고척2동,10000,고척2동
다사461435,구로4동,1233.487,구로4동
다사461435,구로4동,8766.513,구로4동
다사398438,수궁동,10000,수궁동
다사400437,수궁동,10000,수궁동
다사456448,구로5동,10000,구로5동
다사459433,구로4동,4024.003,구로4동
다사459433,구로4동,5975.997,구로4동
다사459451,구로5동,10000,구로5동
다사417437,오류2동,10000,오류2동
다사455454,신도림동,10000,신도림동
다사466425,구로3동,10000,구로3동
다사468427,구로3동,10000,구로3동
다사457448,구로5동,10000,구로5동
다사403439,수궁동,10000,수궁동
다사432455,고척2동,10000,고척2동
다사457458,신도림동,10000,신도림동
다사402444,수궁동,10000,수궁동
다사448442,구로1동,10000,구로1동
다사424456,고척2동,10000,고척2동
다사448440,구로1동,10000,구로1동
다사452455,신도림동,10000,신도림동
다사456442,구로2동,10000,구로2동
다사462439,구로4동,10000,구로4동
다사413427,오류2동,10000,오류2동
다사469426,구로3동,8377.465,구로3동
다사436453,고척2동,3779.046,고척2동
다사436453,고척2동,5224.439,고척2동
다사415429,오류2동,10000,오류2동
다사418421,오류2동,10000,오류2동
다사418449,개봉1동,10000,개봉1동
다사419438,오류2동,10000,오류2동
다사465436,구로3동,8973.201,구로3동
다사429430,개봉3동,7553.786,개봉3동
다사462442,구로4동,10000,구로4동
다사413433,오류2동,10000,오류2동
다사452458,신도림동,10000,신도림동
다사403440,수궁동,10000,수궁동
다사413436,오류2동,10000,오류2동
다사423446,개봉1동,10000,개봉1동
다사426430,개봉3동,10000,개봉3동
다사427449,고척2동,10000,고척2동
다사435438,개봉2동,10000,개봉2동
다사399422,항동,10000,항동
다사461432,구로3동,10000,구로3동
다사449458,신도림동,9804.234,신도림동
다사459457,신도림동,10000,신도림동
다사420443,오류1동,10000,오류1동
다사442448,고척1동,9374.363,고척1동
다사442448,고척1동,625.637,고척1동
다사416434,오류2동,10000,오류2동
다사452434,구로2동,10000,구로2동
다사469427,구로3동,10000,구로3동
다사414436,오류2동,10000,오류2동
다사460430,구로3동,10000,구로3동
다사407436,오류2동,10000,오류2동
다사455453,신도림동,10000,신도림동
다사460445,구로5동,10000,구로5동
다사403426,항동,10000,항동
다사412435,오류2동,10000,오류2동
다사416437,오류2동,10000,오류2동
다사454449,구로5동,10000,구로5동
다사427439,개봉2동,10000,개봉2동
다사435445,고척1동,10000,고척1동
다사464436,구로3동,10000,구로3동
다사401444,수궁동,10000,수궁동
다사452444,구로2동,10000,구로2동
다사406436,오류2동,10000,오류2동
다사447431,구로1동,5633.395,구로1동
다사448435,구로1동,10000,구로1동
다사440448,고척1동,10000,고척1동
다사463433,구로3동,10000,구로3동
다사449452,구로2동,164.051,구로2동
다사449452,구로2동,9835.949,구로2동
다사404437,수궁동,9857.233,수궁동
다사404437,수궁동,142.767,수궁동
다사413425,오류2동,10000,오류2동
다사428445,개봉1동,10000,개봉1동
다사454431,가리봉동,10000,가리봉동
다사409435,오류2동,10000,오류2동
다사454450,구로5동,381.073,구로5동
다사454450,구로5동,9618.927,구로5동
다사430435,개봉3동,10000,개봉3동
다사452450,구로5동,8593.763,구로5동
다사452450,구로5동,1406.237,구로5동
다사459449,구로5동,10000,구로5동
다사401422,항동,10000,항동
다사425453,고척2동,10000,고척2동
다사462450,구로5동,10000,구로5동
다사406446,수궁동,10000,수궁동
다사431444,개봉1동,3396.754,개봉1동
다사431444,개봉1동,6603.246,개봉1동
다사426440,개봉2동,10000,개봉2동
다사456430,가리봉동,8514.149,가리봉동
다사456430,가리봉동,1485.851,가리봉동
다사411449,수궁동,10000,수궁동
다사419439,오류2동,10000,오류2동
다사399430,항동,10000,항동
다사429451,고척2동,10000,고척2동
다사436437,개봉2동,7636.196,개봉2동
다사436437,개봉2동,2273.137,개봉2동
다사459436,구로4동,10000,구로4동
다사409434,오류2동,10000,오류2동
다사454446,구로2동,208.696,구로2동
다사454446,구로2동,9791.304,구로2동
다사461437,구로4동,10000,구로4동
다사422448,개봉1동,10000,개봉1동
다사420426,오류2동,10000,오류2동
다사432444,고척1동,6658.628,고척1동
다사432444,고척1동,3341.372,고척1동
다사449455,신도림동,10000,신도림동
다사420446,오류1동,7707.048,오류1동
다사420446,오류1동,2292.952,오류1동
다사458432,구로4동,2190.85,구로4동
다사458432,구로4동,7809.15,구로4동
다사440450,고척1동,10000,고척1동
다사453462,신도림동,10000,신도림동
다사437450,고척1동,10000,고척1동
다사408438,오류2동,10000,오류2동
다사455458,신도림동,10000,신도림동
다사416432,오류2동,10000,오류2동
다사428448,고척2동,6381.254,고척2동
다사428448,고척2동,3618.746,고척2동
다사457433,구로4동,10000,구로4동
다사458444,구로5동,9429.524,구로5동
다사458444,구로5동,570.476,구로5동
다사449439,구로1동,10000,구로1동
다사409447,수궁동,10000,수궁동
다사457435,구로4동,10000,구로4동
다사421427,오류2동,10000,오류2동
다사457436,구로2동,1288.641,구로2동
다사457436,구로2동,8711.359,구로2동
다사461441,구로4동,10000,구로4동
다사407449,수궁동,10000,수궁동
다사423449,개봉1동,10000,개봉1동
다사456456,신도림동,10000,신도림동
다사399426,항동,10000,항동
다사432447,고척1동,10000,고척1동
다사431433,개봉3동,10000,개봉3동
다사398444,수궁동,10000,수궁동
다사435441,개봉1동,10000,개봉1동
다사453431,가리봉동,9946.177,가리봉동
다사419443,오류1동,10000,오류1동
다사399442,수궁동,10000,수궁동
다사458433,구로4동,10000,구로4동
다사460453,구로5동,10000,구로5동
다사407435,오류2동,10000,오류2동
다사408444,수궁동,10000,수궁동
다사416436,오류2동,10000,오류2동
다사424447,개봉1동,10000,개봉1동
다사405448,수궁동,10000,수궁동
다사450448,구로2동,10000,구로2동
다사462443,구로5동,3446.775,구로5동
다사462443,구로5동,6553.225,구로5동
다사416440,오류1동,9742.214,오류1동
다사416440,오류1동,257.786,오류1동
다사449454,신도림동,10000,신도림동
다사449445,구로1동,10000,구로1동
다사402423,항동,10000,항동
다사427442,개봉2동,5128.891,개봉2동
다사427442,개봉2동,4871.109,개봉2동
다사431446,고척1동,10000,고척1동
다사453452,신도림동,10000,신도림동
다사440451,고척1동,10000,고척1동
다사418430,오류2동,10000,오류2동
다사458449,구로5동,10000,구로5동
다사407450,수궁동,10000,수궁동
다사459435,구로4동,10000,구로4동
다사423453,고척2동,10000,고척2동
다사404426,항동,10000,항동
다사415428,오류2동,10000,오류2동
다사416429,오류2동,10000,오류2동
다사423450,개봉1동,299.553,개봉1동
다사423450,개봉1동,9700.447,개봉1동
다사431439,개봉2동,10000,개봉2동
다사451458,신도림동,10000,신도림동
다사414435,오류2동,10000,오류2동
다사437443,고척1동,9531.985,고척1동
다사437443,고척1동,468.015,고척1동
다사438445,고척1동,10000,고척1동
다사465425,구로3동,10000,구로3동
다사395442,수궁동,10000,수궁동
다사413431,오류2동,10000,오류2동
다사415440,오류1동,10000,오류1동
다사425440,개봉2동,10000,개봉2동
다사436455,고척2동,3474.996,고척2동
다사426442,개봉2동,7007.241,개봉2동
다사426442,개봉2동,2992.759,개봉2동
다사408432,오류2동,10000,오류2동
다사419449,개봉1동,10000,개봉1동
다사404444,수궁동,10000,수궁동
다사410434,오류2동,10000,오류2동
다사425429,개봉3동,10000,개봉3동
다사414432,오류2동,10000,오류2동
다사430448,개봉1동,3742.341,개봉1동
다사430448,개봉1동,6257.659,개봉1동
다사461424,가리봉동,9953.565,가리봉동
다사418437,오류2동,10000,오류2동
다사434435,개봉2동,6342.587,개봉2동
다사434435,개봉2동,3055.809,개봉2동
다사416444,오류1동,10000,오류1동
다사426447,개봉1동,815.084,개봉1동
다사426447,개봉1동,9184.916,개봉1동
다사409441,수궁동,10000,수궁동
다사430431,개봉3동,8511.065,개봉3동
다사435446,고척1동,10000,고척1동
다사453440,구로2동,10000,구로2동
다사459437,구로2동,4409.968,구로2동
다사459437,구로2동,5590.032,구로2동
다사461446,구로5동,10000,구로5동
다사469428,구로3동,10000,구로3동
다사419451,개봉1동,10000,개봉1동
다사458448,구로5동,10000,구로5동
다사427431,개봉3동,10000,개봉3동
다사441448,고척1동,10000,고척1동
다사457446,구로5동,10000,구로5동
다사399444,수궁동,10000,수궁동
다사406453,수궁동,10000,수궁동
다사459424,가리봉동,3075.808,가리봉동
다사463438,구로4동,10000,구로4동
다사419447,개봉1동,123.934,개봉1동
다사419447,개봉1동,9876.066,개봉1동
다사449442,구로1동,10000,구로1동
다사453458,신도림동,10000,신도림동
다사457438,구로2동,10000,구로2동
다사459459,신도림동,10000,신도림동
다사448439,구로1동,10000,구로1동
다사446450,구로2동,10000,구로2동
다사454437,구로2동,10000,구로2동
다사461427,가리봉동,1701.22,가리봉동
다사461427,가리봉동,8298.78,가리봉동
다사460438,구로4동,7064.612,구로4동
다사460438,구로4동,2935.388,구로4동
다사433439,개봉2동,10000,개봉2동
다사433450,고척1동,10000,고척1동
다사439453,고척1동,2992.122,고척1동
다사452437,구로2동,10000,구로2동
다사421447,개봉1동,10000,개봉1동
다사417443,오류1동,10000,오류1동
다사417446,오류1동,10000,오류1동
다사456460,신도림동,10000,신도림동
다사463440,구로4동,10000,구로4동
다사468431,구로3동,9513.171,구로3동
다사458437,구로2동,10.245,구로2동
다사458437,구로2동,9989.755,구로2동
다사396418,항동,9351.544,항동
다사416446,오류1동,9882.585,오류1동
다사416446,오류1동,117.415,오류1동
다사435451,고척1동,8372.593,고척1동
다사435451,고척1동,1627.407,고척1동
다사416431,오류2동,10000,오류2동
다사448431,구로1동,7410.59,구로1동
다사410442,수궁동,10000,수궁동
다사460435,구로4동,10000,구로4동
다사415430,오류2동,10000,오류2동
다사423451,개봉1동,3565.708,개봉1동
다사423451,개봉1동,6434.292,개봉1동
다사429450,고척2동,9910.085,고척2동
다사429450,고척2동,89.915,고척2동
다사412440,수궁동,10000,수궁동
다사422453,개봉1동,4194.481,개봉1동
다사422453,개봉1동,5805.519,개봉1동
다사402449,수궁동,10000,수궁동
다사452453,신도림동,10000,신도림동
다사457437,구로2동,10000,구로2동
다사429436,개봉2동,9719.441,개봉2동
다사429436,개봉2동,280.559,개봉2동
다사433440,개봉2동,8488.801,개봉2동
다사433440,개봉2동,1511.199,개봉2동
다사464433,구로3동,10000,구로3동
다사466426,구로3동,10000,구로3동
다사409436,오류2동,10000,오류2동
다사418434,오류2동,10000,오류2동
다사452445,구로2동,10000,구로2동
다사453443,구로2동,10000,구로2동
다사462438,구로4동,10000,구로4동
다사431435,개봉3동,10000,개봉3동
다사455445,구로2동,10000,구로2동
다사465435,구로3동,10000,구로3동
다사455461,신도림동,10000,신도림동
다사424443,오류1동,9775.887,오류1동
다사424443,오류1동,224.113,오류1동
다사418423,오류2동,10000,오류2동
다사425427,개봉3동,9994.014,개봉3동
다사400444,수궁동,10000,수궁동
다사420451,개봉1동,10000,개봉1동
다사423452,고척2동,8223.304,고척2동
다사423452,고척2동,1776.696,고척2동
다사433452,고척2동,10000,고척2동
다사470428,구로3동,9849.952,구로3동
다사407442,수궁동,10000,수궁동
다사452452,신도림동,7967.134,신도림동
다사452452,신도림동,2032.866,신도림동
다사426428,개봉3동,10000,개봉3동
다사424431,개봉3동,10000,개봉3동
다사458435,구로4동,9565.814,구로4동
다사458435,구로4동,434.186,구로4동
다사397438,수궁동,9517.11,수궁동
다사421439,오류2동,10000,오류2동
다사426443,개봉1동,10000,개봉1동
다사414434,오류2동,10000,오류2동
다사428431,개봉3동,10000,개봉3동
다사436448,고척1동,10000,고척1동
다사431436,개봉2동,8211.126,개봉2동
다사431436,개봉2동,1788.874,개봉2동
다사430442,개봉1동,10000,개봉1동
다사443452,고척1동,10000,고척1동
다사465423,가리봉동,1725.433,가리봉동
다사465423,가리봉동,7138.769,가리봉동
다사447453,구로2동,9663.741,구로2동
다사457459,신도림동,10000,신도림동
다사455439,구로2동,10000,구로2동
다사437449,고척1동,10000,고척1동
다사399431,항동,8773.996,항동
다사463432,구로3동,10000,구로3동
다사424451,고척2동,10000,고척2동
다사422442,오류1동,10000,오류1동
다사408447,수궁동,10000,수궁동
다사421450,개봉1동,10000,개봉1동
다사424452,고척2동,10000,고척2동
다사426427,개봉3동,10000,개봉3동
다사426436,개봉2동,9968.625,개봉2동
다사426436,개봉2동,31.375,개봉2동
다사457441,구로2동,10000,구로2동
다사461452,구로5동,10000,구로5동
다사413445,오류1동,10000,오류1동
다사418424,오류2동,10000,오류2동
다사436442,개봉1동,10000,개봉1동
다사449435,구로1동,10000,구로1동
다사451449,구로2동,10000,구로2동
다사438450,고척1동,10000,고척1동
다사407441,수궁동,10000,수궁동
다사415426,오류2동,10000,오류2동
다사425430,개봉3동,10000,개봉3동
다사451452,구로2동,1889.915,구로2동
다사451452,구로2동,8110.085,구로2동
다사461426,가리봉동,10000,가리봉동
다사417444,오류1동,10000,오류1동
다사456451,구로5동,10000,구로5동
다사408440,수궁동,10000,수궁동
다사411439,오류2동,2259.649,오류2동
다사411439,오류2동,7740.351,오류2동
다사434443,개봉1동,2112.205,개봉1동
다사434443,개봉1동,7887.795,개봉1동
다사413442,수궁동,0.436,수궁동
다사413442,수궁동,9999.564,수궁동
다사401424,항동,10000,항동
다사427432,개봉3동,10000,개봉3동
다사458425,가리봉동,4141.566,가리봉동
다사430449,개봉1동,1619.501,개봉1동
다사430449,개봉1동,2226.419,개봉1동
다사430449,개봉1동,6154.08,개봉1동
다사433451,고척1동,8417.797,고척1동
다사433451,고척1동,1582.203,고척1동
다사409443,수궁동,10000,수궁동
다사453434,구로2동,10000,구로2동
다사410436,오류2동,10000,오류2동
다사434436,개봉2동,9939.534,개봉2동
다사434436,개봉2동,60.466,개봉2동
다사450458,신도림동,10000,신도림동
다사430436,개봉2동,8956.669,개봉2동
다사430436,개봉2동,1043.331,개봉2동
다사416426,오류2동,10000,오류2동
다사452460,신도림동,10000,신도림동
다사428446,개봉1동,485.009,개봉1동
다사428446,개봉1동,9514.991,개봉1동
다사452441,구로2동,10000,구로2동
다사455433,구로2동,10000,구로2동
다사455448,구로5동,10000,구로5동
다사453433,구로2동,10000,구로2동
다사433442,개봉1동,10000,개봉1동
다사396443,수궁동,10000,수궁동
다사414438,오류2동,10000,오류2동
다사458454,신도림동,8741.069,신도림동
다사458454,신도림동,1258.931,신도림동
다사398440,수궁동,10000,수궁동
다사421451,개봉1동,10000,개봉1동
다사463443,구로4동,8680.627,구로4동
다사463443,구로4동,1319.373,구로4동
다사453457,신도림동,10000,신도림동
다사415434,오류2동,10000,오류2동
다사426434,개봉3동,10000,개봉3동
다사407447,수궁동,10000,수궁동
다사426432,개봉3동,10000,개봉3동
다사449431,구로1동,4233.132,구로1동
다사456438,구로2동,10000,구로2동
다사453446,구로2동,10000,구로2동
다사459425,가리봉동,9980.454,가리봉동
다사460451,구로5동,10000,구로5동
다사432448,고척1동,10000,고척1동
다사456445,구로2동,1827.519,구로2동
다사456445,구로2동,8172.481,구로2동
다사456449,구로5동,10000,구로5동
다사462452,구로5동,10000,구로5동
다사428449,고척2동,9963.319,고척2동
다사428449,고척2동,36.681,고척2동
다사420454,개봉1동,3660.036,개봉1동
다사427456,고척2동,10000,고척2동
다사428455,고척2동,10000,고척2동
다사451453,신도림동,10000,신도림동
다사415443,오류1동,10000,오류1동
다사426439,개봉2동,10000,개봉2동
다사445442,구로1동,10000,구로1동
다사420450,개봉1동,10000,개봉1동
다사406447,수궁동,10000,수궁동
다사428451,고척2동,10000,고척2동
다사432439,개봉2동,10000,개봉2동
다사465437,구로3동,6515.688,구로3동
다사465437,구로3동,68.95,구로3동
다사429455,고척2동,10000,고척2동
다사430443,개봉1동,10000,개봉1동
다사468430,구로3동,10000,구로3동
다사446438,구로1동,10000,구로1동
다사460443,구로5동,10000,구로5동
다사400427,항동,10000,항동
다사415436,오류2동,10000,오류2동
다사462447,구로5동,10000,구로5동
다사430441,개봉2동,7702.546,개봉2동
다사430441,개봉2동,2297.454,개봉2동
다사434451,고척1동,6719.434,고척1동
다사434451,고척1동,3280.566,고척1동
다사448449,구로2동,10000,구로2동
다사407440,수궁동,10000,수궁동
다사421438,오류2동,10000,오류2동
다사452461,신도림동,10000,신도림동
다사455429,가리봉동,8720.366,가리봉동
다사451459,신도림동,10000,신도림동
다사408443,수궁동,10000,수궁동
다사402433,항동,9996.638,항동
다사418446,오류1동,9961.443,오류1동
다사418446,오류1동,38.557,오류1동
다사432434,개봉3동,10000,개봉3동
다사447437,구로1동,9717.944,구로1동
다사431443,개봉1동,10000,개봉1동
다사454441,구로2동,10000,구로2동
다사456452,구로5동,4462.197,구로5동
다사456452,구로5동,5537.803,구로5동
다사458452,구로5동,10000,구로5동
다사435442,개봉1동,10000,개봉1동
다사457443,구로2동,10000,구로2동
다사425449,고척2동,8716.143,고척2동
다사425449,고척2동,1283.857,고척2동
다사440449,고척1동,10000,고척1동
다사462433,구로3동,10000,구로3동
다사397440,수궁동,10000,수궁동
다사419435,오류2동,10000,오류2동
다사454440,구로2동,10000,구로2동
다사455436,구로2동,2857.492,구로2동
다사455436,구로2동,7142.508,구로2동
다사460448,구로5동,10000,구로5동
다사420440,오류1동,5239.285,오류1동
다사420440,오류1동,4760.715,오류1동
다사407443,수궁동,10000,수궁동
다사459426,가리봉동,10000,가리봉동
다사459458,신도림동,10000,신도림동
다사401439,수궁동,10000,수궁동
다사435454,고척2동,9236.104,고척2동
다사416442,오류1동,10000,오류1동
다사402443,수궁동,10000,수궁동
다사433455,고척2동,9944.67,고척2동
다사459448,구로5동,10000,구로5동
다사445441,구로1동,10000,구로1동
다사454456,신도림동,10000,신도림동
다사458442,구로2동,46.818,구로2동
다사458442,구로2동,9953.182,구로2동
다사459453,구로5동,10000,구로5동
다사408448,수궁동,10000,수궁동
다사462432,구로3동,10000,구로3동
다사447442,구로1동,10000,구로1동
다사419426,오류2동,10000,오류2동
다사423438,오류2동,10000,오류2동
다사453454,신도림동,10000,신도림동
다사448438,구로1동,10000,구로1동
다사459432,구로3동,9841.245,구로3동
다사459432,구로3동,158.755,구로3동
다사455455,신도림동,10000,신도림동
다사432445,고척1동,10000,고척1동
다사436446,고척1동,10000,고척1동
다사454436,구로2동,10000,구로2동
다사460440,구로2동,2421.565,구로2동
다사460440,구로2동,7578.435,구로2동
다사400421,항동,9815.319,항동
다사426429,개봉3동,10000,개봉3동
다사430452,고척2동,10000,고척2동
다사415424,오류2동,10000,오류2동
다사453463,신도림동,10000,신도림동
다사428441,개봉2동,10000,개봉2동
다사432451,고척1동,8580.966,고척1동
다사432451,고척1동,1419.034,고척1동
다사432453,고척2동,10000,고척2동
다사437452,고척1동,8094.771,고척1동
다사454438,구로2동,10000,구로2동
다사454458,신도림동,10000,신도림동
다사455441,구로2동,10000,구로2동
다사437442,개봉1동,4738.93,개봉1동
다사437442,개봉1동,5261.07,개봉1동
다사401443,수궁동,10000,수궁동
다사453438,구로2동,10000,구로2동
다사456436,구로2동,3532.237,구로2동
다사456436,구로2동,6467.763,구로2동
다사449436,구로1동,10000,구로1동
다사450456,신도림동,10000,신도림동
다사404446,수궁동,10000,수궁동
다사455440,구로2동,10000,구로2동
다사454445,구로2동,10000,구로2동
다사408446,수궁동,10000,수궁동
다사433444,고척1동,8739.767,고척1동
다사433444,고척1동,1260.233,고척1동
다사421426,오류2동,9438.883,오류2동
다사400426,항동,10000,항동
다사415445,오류1동,10000,오류1동
다사431431,개봉3동,6166.438,개봉3동
다사397443,수궁동,10000,수궁동
다사434449,고척1동,10000,고척1동
다사401425,항동,10000,항동
다사417438,오류2동,10000,오류2동
다사419444,오류1동,10000,오류1동
다사439450,고척1동,10000,고척1동
다사426438,개봉2동,10000,개봉2동
다사402442,수궁동,10000,수궁동
다사402439,수궁동,10000,수궁동
다사442447,고척1동,7902.794,고척1동
다사442447,고척1동,2097.206,고척1동
다사422443,오류1동,10000,오류1동
다사435452,고척2동,3510.479,고척2동
다사435452,고척2동,6489.521,고척2동
다사428429,개봉3동,10000,개봉3동
다사446443,구로1동,10000,구로1동
다사453441,구로2동,10000,구로2동
다사394420,항동,7318.149,항동
다사409433,오류2동,10000,오류2동
다사454444,구로2동,10000,구로2동
다사395419,항동,10000,항동
다사429431,개봉3동,10000,개봉3동
다사434439,개봉2동,10000,개봉2동
다사401437,수궁동,10000,수궁동
다사432443,개봉1동,10000,개봉1동
다사467425,구로3동,10000,구로3동
다사458457,신도림동,10000,신도림동
다사429434,개봉3동,10000,개봉3동
다사456461,신도림동,10000,신도림동
다사434442,개봉1동,10000,개봉1동
다사446444,구로1동,9978.992,구로1동
다사446444,구로1동,21.008,구로1동
다사412432,오류2동,10000,오류2동
다사463435,구로3동,10000,구로3동
다사438452,고척1동,7713.056,고척1동
다사437456,고척2동,647.386,고척2동
다사419429,오류2동,10000,오류2동
다사420437,오류2동,10000,오류2동
다사410440,수궁동,10000,수궁동
다사398429,항동,6764.93,항동
다사429449,개봉1동,2794.286,개봉1동
다사429449,개봉1동,7205.714,개봉1동
다사448444,구로1동,10000,구로1동
다사411433,오류2동,10000,오류2동
다사415431,오류2동,10000,오류2동
다사460454,구로5동,10000,구로5동
다사400429,항동,10000,항동
다사432457,고척2동,9803.472,고척2동
다사431434,개봉3동,10000,개봉3동
다사413446,오류1동,10000,오류1동
다사416435,오류2동,10000,오류2동
다사423454,고척2동,10000,고척2동
다사452443,구로2동,10000,구로2동
다사422452,개봉1동,52.4,개봉1동
다사422452,개봉1동,9947.6,개봉1동
다사424442,오류1동,16.032,오류1동
다사424442,오류1동,9983.968,오류1동
다사458429,가리봉동,2.256,가리봉동
다사458429,가리봉동,9997.744,가리봉동
다사442449,고척1동,10000,고척1동
다사467432,구로3동,8693.072,구로3동
다사404443,수궁동,10000,수궁동
다사420445,오류1동,10000,오류1동
다사448436,구로1동,10000,구로1동
다사425452,고척2동,10000,고척2동
다사426455,고척2동,10000,고척2동
다사440447,고척1동,10000,고척1동
다사449446,구로1동,8298.591,구로1동
다사449446,구로1동,1701.409,구로1동
다사459439,구로2동,10000,구로2동
다사434441,개봉1동,10000,개봉1동
다사454454,신도림동,10000,신도림동
다사406442,수궁동,10000,수궁동
다사468425,구로3동,9998.953,구로3동
다사418442,오류1동,10000,오류1동
다사410428,오류2동,10000,오류2동
다사433438,개봉2동,10000,개봉2동
다사455428,가리봉동,959.283,가리봉동
다사418422,오류2동,10000,오류2동
다사436440,개봉1동,2530.093,개봉1동
다사436440,개봉1동,7469.907,개봉1동
다사461439,구로4동,8541.689,구로4동
다사461439,구로4동,1458.311,구로4동
다사462451,구로5동,10000,구로5동
다사419448,개봉1동,10000,개봉1동
다사421446,개봉1동,673.459,개봉1동
다사421446,개봉1동,9326.541,개봉1동
다사458451,구로5동,10000,구로5동
다사455451,구로5동,1059.53,구로5동
다사455451,구로5동,8940.47,구로5동
다사457447,구로5동,10000,구로5동
다사458439,구로2동,10000,구로2동
다사459452,구로5동,10000,구로5동
다사416443,오류1동,10000,오류1동
다사459447,구로5동,10000,구로5동
다사462440,구로4동,10000,구로4동
다사409440,수궁동,10000,수궁동
다사463423,가리봉동,5129.672,가리봉동
다사401435,수궁동,5007.505,수궁동
다사449432,구로1동,10000,구로1동
다사418451,개봉1동,10000,개봉1동
다사447441,구로1동,10000,구로1동
다사456434,구로4동,9768.006,구로4동
다사456434,구로4동,231.994,구로4동
다사414444,오류1동,10000,오류1동
다사403441,수궁동,10000,수궁동
다사430450,고척2동,10000,고척2동
다사452436,구로2동,10000,구로2동
다사437445,고척1동,10000,고척1동
다사420429,오류2동,10000,오류2동
다사428447,개봉1동,4182.102,개봉1동
다사428447,개봉1동,5817.898,개봉1동
다사433456,고척2동,6907.793,고척2동
다사415427,오류2동,10000,오류2동
다사407444,수궁동,10000,수궁동
다사435450,고척1동,10000,고척1동
다사430440,개봉2동,10000,개봉2동
다사431449,고척1동,6966.135,고척1동
다사431449,고척1동,3033.865,고척1동
다사447440,구로1동,10000,구로1동
다사428430,개봉3동,10000,개봉3동
다사431450,고척2동,669.532,고척2동
다사431450,고척2동,9330.468,고척2동
다사395441,수궁동,10000,수궁동
다사427446,개봉1동,1041.47,개봉1동
다사427446,개봉1동,8958.53,개봉1동
다사455450,구로5동,10000,구로5동
다사459446,구로5동,10000,구로5동
다사415439,오류2동,2024.112,오류2동
다사415439,오류2동,7975.888,오류2동
다사403425,항동,10000,항동
다사423448,개봉1동,10000,개봉1동
다사427448,고척2동,10000,고척2동
다사428433,개봉3동,10000,개봉3동
다사407433,오류2동,10000,오류2동
다사427427,개봉3동,9114.552,개봉3동
다사402425,항동,10000,항동
다사460447,구로5동,10000,구로5동
다사431454,고척2동,10000,고척2동
다사397444,수궁동,10000,수궁동
다사421440,오류2동,2818.645,오류2동
다사421440,오류2동,7181.355,오류2동
다사452456,신도림동,10000,신도림동
다사414433,오류2동,10000,오류2동
다사455435,구로2동,2208.313,구로2동
다사455435,구로2동,7791.687,구로2동
다사458459,신도림동,10000,신도림동
다사454435,구로2동,10000,구로2동
다사457431,구로4동,461.244,구로4동
다사457431,구로4동,9399.645,구로4동
다사457431,구로4동,139.111,구로4동
다사446439,구로1동,10000,구로1동
다사402432,항동,10000,항동
다사430453,고척2동,10000,고척2동
다사458431,구로3동,8528.479,구로3동
다사458431,구로3동,1471.521,구로3동
다사452447,구로2동,10000,구로2동
다사398437,수궁동,4856.91,수궁동
다사400440,수궁동,10000,수궁동
다사407445,수궁동,10000,수궁동
다사447443,구로1동,10000,구로1동
다사462436,구로4동,142.868,구로4동
다사462436,구로4동,9857.132,구로4동
다사396444,수궁동,10000,수궁동
다사409442,수궁동,10000,수궁동
다사450459,신도림동,10000,신도림동
다사404427,항동,10000,항동
다사410439,오류2동,2418.818,오류2동
다사410439,오류2동,7581.182,오류2동
다사437441,개봉1동,2114.077,개봉1동
다사437441,개봉1동,7885.923,개봉1동
다사459454,구로5동,2200.953,구로5동
다사459454,구로5동,7799.047,구로5동
다사418436,오류2동,10000,오류2동
다사420442,오류1동,10000,오류1동
다사448448,구로2동,10000,구로2동
다사449434,구로1동,9743.704,구로1동
다사457456,신도림동,10000,신도림동
다사451442,구로2동,4215.452,구로2동
다사451442,구로2동,5784.548,구로2동
다사428440,개봉2동,10000,개봉2동
다사448441,구로1동,10000,구로1동
다사461431,구로3동,10000,구로3동
다사447444,구로1동,10000,구로1동
다사417435,오류2동,10000,오류2동
다사399439,수궁동,10000,수궁동
다사428432,개봉3동,10000,개봉3동
다사437446,고척1동,10000,고척1동
다사422440,오류2동,424.559,오류2동
다사422440,오류2동,9575.441,오류2동
다사428450,고척2동,10000,고척2동
다사441449,고척1동,10000,고척1동
다사455432,구로2동,931.907,구로2동
다사455432,구로2동,9068.093,구로2동
다사454457,신도림동,10000,신도림동
다사417450,개봉1동,10000,개봉1동
다사455430,가리봉동,10000,가리봉동
다사467426,구로3동,10000,구로3동
다사447452,구로2동,10000,구로2동
다사460425,가리봉동,10000,가리봉동
다사403432,항동,10000,항동
다사423441,오류1동,237.443,오류1동
다사423441,오류1동,7466.816,오류1동
다사423441,오류1동,2295.741,오류1동
다사435437,개봉2동,9999.3,개봉2동
다사435437,개봉2동,0.7,개봉2동
다사448455,신도림동,10000,신도림동
다사414430,오류2동,10000,오류2동
다사410432,오류2동,10000,오류2동
다사433449,고척1동,10000,고척1동
다사461442,구로4동,7004.397,구로4동
다사461442,구로4동,2995.603,구로4동
다사460429,가리봉동,4928.584,가리봉동
다사460429,가리봉동,5071.416,가리봉동
다사464424,가리봉동,1568.249,가리봉동
다사464424,가리봉동,8431.751,가리봉동
다사424453,고척2동,10000,고척2동
다사426456,고척2동,10000,고척2동
다사411440,수궁동,10000,수궁동
다사402431,항동,10000,항동
다사455443,구로2동,10000,구로2동
다사427445,개봉1동,10000,개봉1동
다사420453,개봉1동,7168.007,개봉1동
다사463424,가리봉동,53.258,가리봉동
다사463424,가리봉동,9946.742,가리봉동
다사426452,고척2동,10000,고척2동
다사455459,신도림동,10000,신도림동
다사460426,가리봉동,10000,가리봉동
다사420444,오류1동,10000,오류1동
다사427434,개봉3동,10000,개봉3동
다사449457,신도림동,10000,신도림동
다사399425,항동,10000,항동
다사405423,항동,10000,항동
다사457428,가리봉동,10000,가리봉동
다사440452,고척1동,9595.387,고척1동
다사455449,구로5동,10000,구로5동
다사460427,가리봉동,10000,가리봉동
다사459427,가리봉동,10000,가리봉동
다사457454,신도림동,10000,신도림동
다사457452,구로5동,10.926,구로5동
다사457452,구로5동,9989.074,구로5동
다사428443,개봉1동,10000,개봉1동
다사397441,수궁동,10000,수궁동
다사438451,고척1동,10000,고척1동
다사457455,신도림동,10000,신도림동
다사417451,개봉1동,10000,개봉1동
다사424432,개봉3동,10000,개봉3동
다사411434,오류2동,10000,오류2동
다사400442,수궁동,10000,수궁동
다사425448,개봉1동,2478.927,개봉1동
다사425448,개봉1동,7521.073,개봉1동
다사409438,오류2동,10000,오류2동
다사451448,구로2동,10000,구로2동
다사454453,신도림동,10000,신도림동
다사460436,구로4동,10000,구로4동
다사416438,오류2동,10000,오류2동
다사460424,가리봉동,8018.364,가리봉동
다사463431,구로3동,10000,구로3동
다사464437,구로4동,4262.59,구로4동
다사464437,구로4동,5737.41,구로4동
다사412442,수궁동,10000,수궁동
다사431437,개봉2동,10000,개봉2동
다사462448,구로5동,10000,구로5동
다사422454,고척2동,8978.741,고척2동
다사422454,고척2동,1021.259,고척2동
다사407451,수궁동,10000,수궁동
다사413443,오류1동,6009.161,오류1동
다사413443,오류1동,3990.839,오류1동
다사418452,개봉1동,10000,개봉1동
다사463437,구로4동,9.891,구로4동
다사463437,구로4동,9990.109,구로4동
다사399443,수궁동,10000,수궁동
다사410441,수궁동,10000,수궁동
다사460441,구로4동,7720.76,구로4동
다사460441,구로4동,841.449,구로4동
다사460441,구로4동,1437.791,구로4동
다사409437,오류2동,10000,오류2동
다사422439,오류2동,10000,오류2동
다사395420,항동,10000,항동
다사429452,고척2동,10000,고척2동
다사431452,고척2동,10000,고척2동
다사456444,구로2동,10000,구로2동
다사428437,개봉2동,10000,개봉2동
다사416424,오류2동,10000,오류2동
다사417425,오류2동,10000,오류2동
다사420447,개봉1동,10000,개봉1동
다사456443,구로2동,10000,구로2동
다사467424,구로3동,10000,구로3동
다사455444,구로2동,10000,구로2동
다사460444,구로5동,10000,구로5동
다사428428,개봉3동,8700.503,개봉3동
다사408436,오류2동,10000,오류2동
다사467431,구로3동,10000,구로3동
다사412433,오류2동,10000,오류2동
다사418441,오류1동,10000,오류1동
다사430434,개봉3동,10000,개봉3동
다사459430,구로3동,10000,구로3동
다사409444,수궁동,10000,수궁동
다사424441,개봉2동,8525.46,개봉2동
다사424441,개봉2동,1383.223,개봉2동
다사424441,개봉2동,91.317,개봉2동
다사396442,수궁동,10000,수궁동
다사428436,개봉2동,9998.189,개봉2동
다사428436,개봉2동,1.811,개봉2동
다사421454,개봉1동,447.215,개봉1동
다사421454,개봉1동,9552.785,개봉1동
다사418444,오류1동,10000,오류1동
다사406445,수궁동,10000,수궁동
다사415423,오류2동,10000,오류2동
다사425431,개봉3동,10000,개봉3동
다사407439,오류2동,2608.376,오류2동
다사407439,오류2동,7391.624,오류2동
다사412443,수궁동,461.883,수궁동
다사412443,수궁동,9538.117,수궁동
다사423443,오류1동,10000,오류1동
다사401440,수궁동,10000,수궁동
다사458427,가리봉동,10000,가리봉동
다사458453,구로5동,644.025,구로5동
다사458453,구로5동,9355.975,구로5동
다사402436,수궁동,10000,수궁동
다사414445,오류1동,10000,오류1동
다사415446,오류1동,10000,오류1동
다사424450,고척2동,8233.541,고척2동
다사424450,고척2동,1766.459,고척2동
다사461445,구로5동,10000,구로5동
다사406439,오류2동,2524.942,오류2동
다사406439,오류2동,7475.058,오류2동
다사438446,고척1동,10000,고척1동
다사438453,고척1동,1206.395,고척1동
다사466434,구로3동,5880.046,구로3동
다사429433,개봉3동,10000,개봉3동
다사460433,구로3동,9918.887,구로3동
다사460433,구로3동,81.113,구로3동
다사399423,항동,10000,항동
다사396419,항동,10000,항동
다사433436,개봉2동,9136.286,개봉2동
다사433436,개봉2동,863.714,개봉2동
다사459440,구로2동,10000,구로2동
다사430447,개봉1동,4914.131,개봉1동
다사430447,개봉1동,5085.869,개봉1동
다사453453,신도림동,10000,신도림동
다사460439,구로2동,2476.697,구로2동
다사460439,구로2동,7523.303,구로2동
다사433453,고척2동,10000,고척2동
다사462430,구로3동,10000,구로3동
다사456450,구로5동,10000,구로5동
다사456435,구로4동,10000,구로4동
다사418448,개봉1동,10000,개봉1동
다사403446,수궁동,10000,수궁동
다사459429,가리봉동,1525.106,가리봉동
다사459429,가리봉동,8474.894,가리봉동
다사418443,오류1동,10000,오류1동
다사431438,개봉2동,10000,개봉2동
다사462444,구로5동,10000,구로5동
다사425451,고척2동,10000,고척2동
다사403443,수궁동,10000,수궁동
다사422449,개봉1동,10000,개봉1동
다사418427,오류2동,10000,오류2동
다사458428,가리봉동,10000,가리봉동
다사403435,오류2동,1792.668,오류2동
다사403435,오류2동,8207.332,오류2동
다사455460,신도림동,10000,신도림동
다사409448,수궁동,10000,수궁동
다사427436,개봉2동,9686.188,개봉2동
다사427436,개봉2동,313.812,개봉2동
다사433434,개봉3동,324.564,개봉3동
다사433434,개봉3동,9675.436,개봉3동
다사434453,고척2동,10000,고척2동
다사457427,가리봉동,7579.852,가리봉동
다사418445,오류1동,10000,오류1동
다사449453,신도림동,8323.125,신도림동
다사449453,신도림동,1676.875,신도림동
다사430438,개봉2동,10000,개봉2동
다사427437,개봉2동,10000,개봉2동
다사438441,고척1동,9752.175,고척1동
다사438441,고척1동,247.825,고척1동
다사435440,개봉1동,4790.367,개봉1동
다사435440,개봉1동,5209.633,개봉1동
다사457430,구로3동,3725.294,구로3동
다사457430,구로3동,2018.072,구로3동
다사457430,구로3동,3078.023,구로3동
다사457430,구로3동,1178.61,구로3동
다사448437,구로1동,10000,구로1동
다사459443,구로5동,10000,구로5동
다사418439,오류2동,10000,오류2동
다사454434,구로2동,10000,구로2동
다사460458,신도림동,10000,신도림동
다사399438,수궁동,10000,수궁동
다사417424,오류2동,10000,오류2동
다사421453,개봉1동,10000,개봉1동
다사426441,개봉2동,10000,개봉2동
다사436444,고척1동,10000,고척1동
다사426433,개봉3동,10000,개봉3동
다사415441,오류1동,10000,오류1동
다사411443,수궁동,10000,수궁동
다사419446,오류1동,9720.565,오류1동
다사419446,오류1동,279.435,오류1동
다사415433,오류2동,10000,오류2동
다사410437,오류2동,10000,오류2동
다사451443,구로2동,3681.767,구로2동
다사451443,구로2동,6318.233,구로2동
다사460431,구로3동,10000,구로3동
다사419427,오류2동,10000,오류2동
다사427450,고척2동,10000,고척2동
다사462427,구로3동,9757.904,구로3동
다사462427,구로3동,242.096,구로3동
다사412431,오류2동,10000,오류2동
다사462446,구로5동,10000,구로5동
다사408439,오류2동,2312.765,오류2동
다사408439,오류2동,7687.235,오류2동
다사421455,고척2동,4660.472,고척2동
다사421455,고척2동,4522.542,고척2동
다사463442,구로4동,10000,구로4동
다사419437,오류2동,10000,오류2동
다사464430,구로3동,10000,구로3동
다사420448,개봉1동,10000,개봉1동
다사460442,구로5동,1114.845,구로5동
다사460442,구로5동,8885.155,구로5동
다사427428,개봉3동,10000,개봉3동
다사460456,신도림동,10000,신도림동
다사454448,구로5동,9999.159,구로5동
다사454448,구로5동,0.841,구로5동
다사403436,수궁동,9195.766,수궁동
다사403436,수궁동,804.234,수궁동
다사403448,수궁동,10000,수궁동
다사461450,구로5동,10000,구로5동
다사425437,개봉2동,10000,개봉2동
다사454442,구로2동,10000,구로2동
다사423455,고척2동,10000,고척2동
다사439452,고척1동,10000,고척1동
다사431432,개봉3동,10000,개봉3동
다사404421,항동,9997.755,항동
다사401454,수궁동,9166.654,수궁동
다사419425,오류2동,10000,오류2동
다사462454,구로5동,10000,구로5동
다사406427,항동,10000,항동
다사444443,구로1동,5611.519,구로1동
다사444443,구로1동,4388.481,구로1동
다사446447,구로2동,10000,구로2동
다사415449,개봉1동,10000,개봉1동
다사404429,항동,10000,항동
다사407428,항동,10000,항동
다사397419,항동,3740.9,항동
다사409422,오류2동,4457.549,오류2동
다사409422,오류2동,1240.694,오류2동
다사444452,고척1동,4335.51,고척1동
다사395439,수궁동,8253.469,수궁동
다사405424,항동,10000,항동
다사421422,오류2동,5311.798,오류2동
다사459460,신도림동,8096.82,신도림동
다사421441,오류1동,10000,오류1동
다사449459,신도림동,9107.058,신도림동
다사419434,오류2동,10000,오류2동
다사393442,수궁동,8225.773,수궁동
다사403430,항동,10000,항동
다사440439,개봉2동,6525.206,개봉2동
다사401448,수궁동,10000,수궁동
다사397418,항동,2492.48,항동
다사443440,구로1동,9848.025,구로1동
다사459450,구로5동,10000,구로5동
다사403454,수궁동,10000,수궁동
다사405456,수궁동,9305.913,수궁동
다사439441,고척1동,5636.331,고척1동
다사439441,고척1동,4363.669,고척1동
다사412428,오류2동,10000,오류2동
다사405455,수궁동,10000,수궁동
다사421456,고척2동,1643.481,고척2동
다사404438,수궁동,10000,수궁동
다사405454,수궁동,10000,수궁동
다사465428,구로3동,10000,구로3동
다사420425,오류2동,10000,오류2동
다사398427,항동,3427.522,항동
다사399446,수궁동,10000,수궁동
다사397421,항동,9992.001,항동
다사407424,항동,10000,항동
다사425433,개봉3동,10000,개봉3동
다사419423,오류2동,10000,오류2동
다사410421,오류2동,520.941,오류2동
다사414419,오류2동,2397.055,오류2동
다사468423,구로3동,1538.964,구로3동
다사463446,구로5동,9422.503,구로5동
다사445448,구로2동,10000,구로2동
다사449440,구로1동,10000,구로1동
다사407437,오류2동,10000,오류2동
다사451436,구로1동,6887.158,구로1동
다사451436,구로1동,3112.842,구로1동
다사448459,신도림동,6755.097,신도림동
다사415452,개봉1동,1866.64,개봉1동
다사402437,수궁동,10000,수궁동
다사418429,오류2동,10000,오류2동
다사466427,구로3동,10000,구로3동
다사409426,오류2동,7114.687,오류2동
다사409426,오류2동,2885.313,오류2동
다사450437,구로1동,10000,구로1동
다사424437,오류2동,1497.875,오류2동
다사424437,오류2동,8502.125,오류2동
다사444442,구로1동,10000,구로1동
다사444450,고척1동,5641.148,고척1동
다사444450,고척1동,4358.852,고척1동
다사406424,항동,10000,항동
다사402450,수궁동,10000,수궁동
다사411421,오류2동,8920.449,오류2동
다사405425,항동,10000,항동
다사401451,수궁동,10000,수궁동
다사404432,항동,10000,항동
다사460446,구로5동,10000,구로5동
다사443449,구로2동,3587.804,구로2동
다사443449,구로2동,6412.196,구로2동
다사415447,개봉1동,3593.72,개봉1동
다사415447,개봉1동,6406.28,개봉1동
다사427452,고척2동,10000,고척2동
다사427458,고척2동,7556.833,고척2동
다사426458,고척2동,3748.353,고척2동
다사460459,신도림동,9357.922,신도림동
다사399424,항동,10000,항동
다사409427,오류2동,9942.97,오류2동
다사409427,오류2동,57.03,오류2동
다사454447,구로5동,5715.041,구로5동
다사454447,구로5동,4284.959,구로5동
다사410444,수궁동,10000,수궁동
다사446455,신도림동,102.496,신도림동
다사432431,개봉3동,1827.088,개봉3동
다사444437,구로1동,10000,구로1동
다사450435,구로1동,10000,구로1동
다사412437,오류2동,10000,오류2동
다사447446,구로2동,59.439,구로2동
다사447446,구로2동,9940.561,구로2동
다사439442,고척1동,10000,고척1동
다사412446,오류1동,9655.175,오류1동
다사412446,오류1동,344.825,오류1동
다사414449,개봉1동,10000,개봉1동
다사403427,항동,10000,항동
다사450445,구로1동,10000,구로1동
다사436436,개봉3동,1237.865,개봉3동
다사445447,구로2동,10000,구로2동
다사406435,오류2동,10000,오류2동
다사423427,개봉3동,5897.61,개봉3동
다사423427,개봉3동,387.609,개봉3동
다사451461,신도림동,10000,신도림동
다사413424,오류2동,10000,오류2동
다사437453,고척1동,379.295,고척1동
다사431457,고척2동,6913.581,고척2동
다사412449,수궁동,10000,수궁동
다사404449,수궁동,10000,수궁동
다사405436,오류2동,10000,오류2동
다사410430,오류2동,10000,오류2동
다사463448,구로5동,3408.29,구로5동
다사452463,신도림동,10000,신도림동
다사404440,수궁동,10000,수궁동
다사414427,오류2동,10000,오류2동
다사411445,수궁동,4133.107,수궁동
다사411445,수궁동,5866.893,수궁동
다사415421,오류2동,10000,오류2동
다사445434,구로1동,4947.085,구로1동
다사403421,항동,9883.573,항동
다사411446,수궁동,2198.361,수궁동
다사411446,수궁동,7801.639,수궁동
다사397445,수궁동,9798.266,수궁동
다사415420,오류2동,9998.508,오류2동
다사468429,구로3동,10000,구로3동
다사420441,오류1동,10000,오류1동
다사436449,고척1동,10000,고척1동
다사411420,오류2동,2879.589,오류2동
다사422426,오류2동,851.706,오류2동
다사447447,구로2동,10000,구로2동
다사449448,구로2동,10000,구로2동
다사457426,가리봉동,1282.879,가리봉동
다사393444,수궁동,4823.12,수궁동
다사443445,구로2동,10000,구로2동
다사405440,수궁동,10000,수궁동
다사398449,수궁동,19.723,수궁동
다사463444,구로5동,689.176,구로5동
다사463444,구로5동,9310.824,구로5동
다사421425,오류2동,7287.41,오류2동
다사464444,구로5동,1129.478,구로5동
다사464444,구로5동,3151.191,구로5동
다사465439,구로4동,3187.73,구로4동
다사405422,항동,10000,항동
다사402446,수궁동,10000,수궁동
다사470427,구로3동,5284.714,구로3동
다사447457,신도림동,5184.441,신도림동
다사447449,구로2동,10000,구로2동
다사461455,구로5동,21.364,구로5동
다사461455,구로5동,9978.636,구로5동
다사395421,항동,8668.692,항동
다사415432,오류2동,10000,오류2동
다사465426,구로3동,10000,구로3동
다사411429,오류2동,10000,오류2동
다사401441,수궁동,10000,수궁동
다사399440,수궁동,10000,수궁동
다사443439,구로1동,9751.178,구로1동
다사433448,고척1동,10000,고척1동
다사445444,구로1동,5400.69,구로1동
다사445444,구로1동,4599.31,구로1동
다사439443,고척1동,10000,고척1동
다사458461,신도림동,7101.537,신도림동
다사444447,구로2동,10000,구로2동
다사407455,수궁동,10000,수궁동
다사421433,오류2동,345.33,오류2동
다사421433,오류2동,9654.67,오류2동
다사465429,구로3동,10000,구로3동
다사409452,수궁동,6856.114,수궁동
다사444436,구로1동,5114.447,구로1동
다사423436,오류2동,8.454,오류2동
다사423436,오류2동,9991.546,오류2동
다사447450,구로2동,10000,구로2동
다사408437,오류2동,10000,오류2동
다사423430,개봉3동,9745.031,개봉3동
다사423430,개봉3동,254.969,개봉3동
다사406425,항동,10000,항동
다사447456,신도림동,7953.838,신도림동
다사401447,수궁동,10000,수궁동
다사454462,신도림동,10000,신도림동
다사429444,개봉1동,10000,개봉1동
다사450464,신도림동,9535.867,신도림동
다사393440,수궁동,781.485,수궁동
다사418453,개봉1동,5194.61,개봉1동
다사442446,구로2동,4167.461,구로2동
다사442446,구로2동,5832.539,구로2동
다사405437,수궁동,5521.83,수궁동
다사405437,수궁동,4478.17,수궁동
다사430458,고척2동,0.866,고척2동
다사408425,항동,10000,항동
다사463456,구로5동,901.601,구로5동
다사444438,구로1동,10000,구로1동
다사411438,오류2동,10000,오류2동
다사450441,구로1동,10000,구로1동
다사460460,신도림동,4253.896,신도림동
다사464426,구로3동,10000,구로3동
다사463445,구로5동,10000,구로5동
다사444441,구로1동,10000,구로1동
다사401442,수궁동,10000,수궁동
다사411428,오류2동,10000,오류2동
다사450436,구로1동,10000,구로1동
다사442436,구로1동,748.762,구로1동
다사407456,수궁동,6418.044,수궁동
다사420419,오류2동,10000,오류2동
다사443450,고척1동,9984.881,고척1동
다사443450,고척1동,15.119,고척1동
다사410450,수궁동,10000,수궁동
다사401456,수궁동,1117.076,수궁동
다사459456,신도림동,10000,신도림동
다사419422,오류2동,10000,오류2동
다사444453,고척1동,34.347,고척1동
다사462458,신도림동,2267.356,신도림동
다사446445,구로2동,2341.12,구로2동
다사446445,구로2동,7658.88,구로2동
다사441440,개봉2동,774.567,개봉2동
다사401453,수궁동,8762.403,수궁동
다사402420,항동,141.584,항동
다사402453,수궁동,10000,수궁동
다사466435,구로3동,1385.174,구로3동
다사451440,구로1동,5115.346,구로1동
다사451440,구로1동,4884.654,구로1동
다사422436,오류2동,10000,오류2동
다사429429,개봉3동,2891.764,개봉3동
다사412419,오류2동,9714.596,오류2동
다사438437,개봉2동,3811.792,개봉2동
다사438437,개봉2동,898.29,개봉2동
다사461423,가리봉동,712.344,가리봉동
다사413421,오류2동,10000,오류2동
다사421419,오류2동,2829.266,오류2동
다사421436,오류2동,10000,오류2동
다사463427,구로3동,10000,구로3동
다사402428,항동,10000,항동
다사404451,수궁동,10000,수궁동
다사461453,구로5동,10000,구로5동
다사398419,항동,173.168,항동
다사450460,신도림동,10000,신도림동
다사412436,오류2동,10000,오류2동
다사411418,오류2동,175.627,오류2동
다사413423,오류2동,10000,오류2동
다사418440,오류1동,7704.727,오류1동
다사418440,오류1동,2295.273,오류1동
다사433446,고척1동,10000,고척1동
다사409424,항동,1136.655,항동
다사409424,항동,8863.345,항동
다사462431,구로3동,10000,구로3동
다사406449,수궁동,10000,수궁동
다사454460,신도림동,10000,신도림동
다사441439,개봉2동,78.433,개봉2동
다사442439,구로1동,2348.973,구로1동
다사408431,오류2동,10000,오류2동
다사400455,수궁동,217.364,수궁동
다사406457,수궁동,413.095,수궁동
다사444448,구로2동,10000,구로2동
다사402430,항동,10000,항동
다사407434,오류2동,10000,오류2동
다사413437,오류2동,10000,오류2동
다사452449,구로2동,4139.131,구로2동
다사452449,구로2동,5860.869,구로2동
다사396421,항동,10000,항동
다사456427,가리봉동,370.266,가리봉동
다사435455,고척2동,212.097,고척2동
다사446454,신도림동,344.507,신도림동
다사410443,수궁동,10000,수궁동
다사465438,구로4동,438.83,구로4동
다사465438,구로4동,5105.948,구로4동
다사419418,오류2동,111.976,오류2동
다사402456,수궁동,4867.901,수궁동
다사404442,수궁동,10000,수궁동
다사445445,구로2동,10000,구로2동
다사401446,수궁동,10000,수궁동
다사422437,오류2동,10000,오류2동
다사451462,신도림동,10000,신도림동
다사405451,수궁동,10000,수궁동
다사423434,개봉3동,9924.672,개봉3동
다사423434,개봉3동,75.328,개봉3동
다사439439,개봉2동,10000,개봉2동
다사467433,구로3동,2567.169,구로3동
다사411448,수궁동,10000,수궁동
다사437444,고척1동,10000,고척1동
다사409423,항동,2746.803,항동
다사409423,항동,7253.197,항동
다사423431,개봉3동,10000,개봉3동
다사413439,오류2동,2232.715,오류2동
다사413439,오류2동,7767.285,오류2동
다사434444,고척1동,10000,고척1동
다사399441,수궁동,10000,수궁동
다사463447,구로5동,4230.141,구로5동
다사422456,고척2동,8987.51,고척2동
다사418431,오류2동,10000,오류2동
다사396423,항동,1634.888,항동
다사416451,개봉1동,10000,개봉1동
다사423432,개봉3동,10000,개봉3동
다사425443,개봉1동,1755.496,개봉1동
다사425443,개봉1동,8244.504,개봉1동
다사403451,수궁동,10000,수궁동
다사402448,수궁동,10000,수궁동
다사394439,수궁동,911.102,수궁동
다사411422,오류2동,10000,오류2동
다사398443,수궁동,10000,수궁동
다사425444,개봉1동,10000,개봉1동
다사445438,구로1동,10000,구로1동
다사404455,수궁동,10000,수궁동
다사463451,구로5동,6691.01,구로5동
다사422429,오류2동,19.626,오류2동
다사422429,오류2동,9980.374,오류2동
다사413420,오류2동,10000,오류2동
다사464443,구로4동,5636.699,구로4동
다사408423,항동,10000,항동
다사416448,개봉1동,10000,개봉1동
다사451454,신도림동,10000,신도림동
다사453465,신도림동,3581.074,신도림동
다사420452,개봉1동,10000,개봉1동
다사395422,항동,3827.444,항동
다사449444,구로1동,10000,구로1동
다사403445,수궁동,10000,수궁동
다사453455,신도림동,10000,신도림동
다사452451,구로2동,1113.613,구로2동
다사452451,구로2동,969.064,구로2동
다사452451,구로2동,7917.323,구로2동
다사397437,수궁동,107.665,수궁동
다사445449,구로2동,10000,구로2동
다사406433,오류2동,8924.381,오류2동
다사406433,오류2동,1075.619,오류2동
다사446436,구로1동,3344.634,구로1동
다사407422,항동,9625.323,항동
다사417419,오류2동,7553.377,오류2동
다사430430,개봉3동,133.002,개봉3동
다사414450,개봉1동,9707.016,개봉1동
다사395444,수궁동,9093.365,수궁동
다사407430,항동,432.583,항동
다사407430,항동,9567.417,항동
다사419419,오류2동,8239.916,오류2동
다사421420,오류2동,3587.315,오류2동
다사425457,고척2동,9653.885,고척2동
다사414424,오류2동,10000,오류2동
다사424445,개봉1동,10000,개봉1동
다사447451,구로2동,10000,구로2동
다사447455,신도림동,6049.424,신도림동
다사408430,오류2동,6581.027,오류2동
다사408430,오류2동,3418.973,오류2동
다사408427,항동,1826.939,항동
다사408427,항동,8173.061,항동
다사471430,구로3동,5670.76,구로3동
다사451447,구로2동,3226.619,구로2동
다사451447,구로2동,6773.381,구로2동
다사402455,수궁동,10000,수궁동
다사420422,오류2동,10000,오류2동
다사450438,구로1동,10000,구로1동
다사400453,수궁동,382.788,수궁동
다사439445,고척1동,10000,고척1동
다사446440,구로1동,10000,구로1동
다사408451,수궁동,10000,수궁동
다사395438,수궁동,447.842,수궁동
다사440444,고척1동,10000,고척1동
다사412426,오류2동,10000,오류2동
다사413422,오류2동,10000,오류2동
다사412423,오류2동,10000,오류2동
다사412418,오류2동,442.069,오류2동
다사416453,개봉1동,837.47,개봉1동
다사437438,개봉2동,10000,개봉2동
다사464428,구로3동,10000,구로3동
다사416450,개봉1동,10000,개봉1동
다사400432,항동,5055.026,항동
다사420421,오류2동,10000,오류2동
다사427444,개봉1동,10000,개봉1동
다사442445,구로2동,1379.794,구로2동
다사442445,구로2동,8620.206,구로2동
다사443451,고척1동,10000,고척1동
다사464445,구로5동,2451.712,구로5동
다사406448,수궁동,10000,수궁동
다사422435,오류2동,10000,오류2동
다사412422,오류2동,10000,오류2동
다사457462,신도림동,389.946,신도림동
다사401426,항동,10000,항동
다사451451,구로2동,10000,구로2동
다사446453,구로2동,346.177,구로2동
다사424429,개봉3동,10000,개봉3동
다사456458,신도림동,10000,신도림동
다사427451,고척2동,10000,고척2동
다사402452,수궁동,10000,수궁동
다사407429,항동,10000,항동
다사422433,개봉3동,8043.934,개봉3동
다사422433,개봉3동,1956.066,개봉3동
다사450465,신도림동,1860.201,신도림동
다사404453,수궁동,10000,수궁동
다사444449,구로2동,10000,구로2동
다사442437,구로1동,1878.813,구로1동
다사409449,수궁동,10000,수궁동
다사416421,오류2동,10000,오류2동
다사472429,구로3동,249.523,구로3동
다사407426,항동,10000,항동
다사446434,구로1동,4413.492,구로1동
다사464425,구로3동,9996.654,구로3동
다사464425,구로3동,3.346,구로3동
다사427453,고척2동,10000,고척2동
다사417426,오류2동,10000,오류2동
다사448446,구로2동,3623.604,구로2동
다사448446,구로2동,6376.396,구로2동
다사395440,수궁동,10000,수궁동
다사461448,구로5동,10000,구로5동
다사449450,구로2동,10000,구로2동
다사456462,신도림동,2328.811,신도림동
다사450461,신도림동,9602.823,신도림동
다사461456,신도림동,7274.349,신도림동
다사461456,신도림동,2725.651,신도림동
다사431456,고척2동,10000,고척2동
다사440446,고척1동,10000,고척1동
다사404420,항동,499.184,항동
다사417421,오류2동,10000,오류2동
다사394418,항동,1440.56,항동
다사407425,항동,10000,항동
다사425426,개봉3동,1381.657,개봉3동
다사403456,수궁동,7498.385,수궁동
다사392442,수궁동,25.991,수궁동
다사416430,오류2동,10000,오류2동
다사406451,수궁동,10000,수궁동
다사419432,오류2동,7.048,오류2동
다사419432,오류2동,9992.952,오류2동
다사397424,항동,800.621,항동
다사406454,수궁동,10000,수궁동
다사437437,개봉2동,4615.042,개봉2동
다사437437,개봉2동,3847.374,개봉2동
다사428427,개봉3동,457.658,개봉3동
다사450431,구로1동,250.616,구로1동
다사451437,구로1동,6550.63,구로1동
다사451437,구로1동,3449.37,구로1동
다사409445,수궁동,10000,수궁동
다사407421,항동,2236.699,항동
다사451445,구로2동,3240.072,구로2동
다사451445,구로2동,6759.928,구로2동
다사400445,수궁동,10000,수궁동
다사395445,수궁동,70.244,수궁동
다사408453,수궁동,9660.657,수궁동
다사435435,개봉3동,1208.724,개봉3동
다사413430,오류2동,10000,오류2동
다사461459,신도림동,1557.736,신도림동
다사461430,구로3동,10000,구로3동
다사469425,구로3동,2481.769,구로3동
다사462445,구로5동,10000,구로5동
다사411437,오류2동,10000,오류2동
다사441443,고척1동,6636.304,고척1동
다사441443,고척1동,3363.696,고척1동
다사420430,오류2동,10000,오류2동
다사405442,수궁동,10000,수궁동
다사446456,신도림동,1487.666,신도림동
다사421431,개봉3동,5486.046,개봉3동
다사421431,개봉3동,4513.954,개봉3동
다사447448,구로2동,10000,구로2동
다사466436,구로3동,138.534,구로3동
다사408429,항동,2.246,항동
다사408429,항동,9997.754,항동
다사406434,오류2동,9996.267,오류2동
다사406434,오류2동,3.733,오류2동
다사420436,오류2동,10000,오류2동
다사458441,구로2동,10000,구로2동
다사405420,항동,2019.427,항동
다사450443,구로1동,10000,구로1동
다사449462,신도림동,2575.103,신도림동
다사418432,오류2동,10000,오류2동
다사403429,항동,10000,항동
다사403447,수궁동,10000,수궁동
다사419420,오류2동,10000,오류2동
다사448462,신도림동,52.457,신도림동
다사464452,구로5동,2354.295,구로5동
다사405434,오류2동,6252.129,오류2동
다사405434,오류2동,3747.871,오류2동
다사453464,신도림동,9853.829,신도림동
다사450440,구로1동,10000,구로1동
다사428459,고척2동,19.869,고척2동
다사400449,수궁동,8972.191,수궁동
다사434434,개봉3동,504.173,개봉3동
다사434434,개봉3동,3051.865,개봉3동
다사407453,수궁동,10000,수궁동
다사435443,개봉1동,4477.762,개봉1동
다사435443,개봉1동,5522.238,개봉1동
다사396439,수궁동,10000,수궁동
다사441450,고척1동,10000,고척1동
다사409429,오류2동,5743.648,오류2동
다사409429,오류2동,4256.352,오류2동
다사448451,구로2동,10000,구로2동
다사403452,수궁동,10000,수궁동
다사420434,오류2동,10000,오류2동
다사417420,오류2동,10000,오류2동
다사469431,구로3동,4490.935,구로3동
다사410425,오류2동,10000,오류2동
다사421432,개봉3동,8749.337,개봉3동
다사421432,개봉3동,1250.663,개봉3동
다사402454,수궁동,10000,수궁동
다사406422,항동,10000,항동
다사395418,항동,4252.832,항동
다사398447,수궁동,5553.009,수궁동
다사446458,신도림동,105.732,신도림동
다사425434,개봉3동,10000,개봉3동
다사439437,개봉2동,239.105,개봉2동
다사456455,신도림동,10000,신도림동
다사451450,구로2동,252.311,구로2동
다사451450,구로2동,9747.689,구로2동
다사454464,신도림동,3743.696,신도림동
다사407454,수궁동,10000,수궁동
다사460449,구로5동,10000,구로5동
다사422430,개봉3동,8993.641,개봉3동
다사422430,개봉3동,1006.359,개봉3동
다사435447,고척1동,10000,고척1동
다사429457,고척2동,10000,고척2동
다사408450,수궁동,10000,수궁동
다사424438,오류2동,1919.658,오류2동
다사424438,오류2동,8080.342,오류2동
다사434448,고척1동,10000,고척1동
다사446449,구로2동,10000,구로2동
다사447435,구로1동,9593.295,구로1동
다사449447,구로2동,118.238,구로2동
다사449447,구로2동,9881.762,구로2동
다사432446,고척1동,10000,고척1동
다사463455,구로5동,4005.235,구로5동
다사464453,구로5동,839.376,구로5동
다사452466,신도림동,2150.033,신도림동
다사444444,구로2동,10000,구로2동
다사412424,오류2동,10000,오류2동
다사429458,고척2동,2802.591,고척2동
다사448460,신도림동,7861.257,신도림동
다사422457,고척2동,3506.778,고척2동
다사400425,항동,10000,항동
다사413449,개봉1동,3923.141,개봉1동
다사413449,개봉1동,6076.859,개봉1동
다사451434,구로1동,7916.704,구로1동
다사451434,구로1동,2083.296,구로1동
다사441441,구로1동,3309.841,구로1동
다사441441,구로1동,833.318,구로1동
다사406450,수궁동,10000,수궁동
다사404454,수궁동,10000,수궁동
다사413419,오류2동,5585.654,오류2동
다사424439,개봉2동,9039.219,개봉2동
다사424439,개봉2동,960.781,개봉2동
다사444446,구로2동,10000,구로2동
다사451464,신도림동,10000,신도림동
다사411419,오류2동,2922.164,오류2동
다사459455,신도림동,9785.696,신도림동
다사459455,신도림동,214.304,신도림동
다사434433,개봉3동,0.042,개봉3동
다사454429,가리봉동,1508.679,가리봉동
다사410445,수궁동,10000,수궁동
다사448434,구로1동,1812.601,구로1동
다사396417,항동,1432.577,항동
다사405433,항동,10000,항동
다사453448,구로2동,4603.786,구로2동
다사453448,구로2동,5396.214,구로2동
다사403433,항동,10000,항동
다사398448,수궁동,3941.552,수궁동
다사401428,항동,10000,항동
다사411430,오류2동,10000,오류2동
다사412447,수궁동,4799.314,수궁동
다사412447,수궁동,5190.174,수궁동
다사412447,수궁동,10.512,수궁동
다사465430,구로3동,10000,구로3동
다사419421,오류2동,10000,오류2동
다사464429,구로3동,10000,구로3동
다사423457,고척2동,5719.953,고척2동
다사444439,구로1동,10000,구로1동
다사414420,오류2동,9970.851,오류2동
다사451435,구로1동,7386.703,구로1동
다사451435,구로1동,2613.297,구로1동
다사447458,신도림동,1608.209,신도림동
다사402427,항동,10000,항동
다사399432,항동,114.88,항동
다사470430,구로3동,9139.715,구로3동
다사424435,개봉3동,10000,개봉3동
다사406430,항동,10000,항동
다사440440,개봉2동,7352.085,개봉2동
다사440440,개봉2동,0.002,개봉2동
다사453447,구로2동,10000,구로2동
다사436439,개봉2동,10000,개봉2동
다사446448,구로2동,10000,구로2동
다사425442,오류1동,2827.744,오류1동
다사425442,오류1동,6306.061,오류1동
다사425442,오류1동,866.195,오류1동
다사451432,구로1동,9997.498,구로1동
다사406432,오류2동,7392.372,오류2동
다사406432,오류2동,2607.628,오류2동
다사419441,오류1동,10000,오류1동
다사398441,수궁동,10000,수궁동
다사420424,오류2동,10000,오류2동
다사408454,수궁동,4591.98,수궁동
다사415448,개봉1동,10000,개봉1동
다사443435,구로1동,3437.677,구로1동
다사446457,신도림동,2109.063,신도림동
다사441451,고척1동,10000,고척1동
다사441445,고척1동,9991.099,고척1동
다사441445,고척1동,8.901,고척1동
다사399437,수궁동,8829.412,수궁동
다사398425,항동,6647.057,항동
다사412450,수궁동,5572.546,수궁동
다사410424,오류2동,10000,오류2동
다사466430,구로3동,10000,구로3동
다사443443,구로2동,660.308,구로2동
다사443443,구로2동,9339.692,구로2동
다사426457,고척2동,10000,고척2동
다사416420,오류2동,10000,오류2동
다사396441,수궁동,10000,수궁동
다사425456,고척2동,10000,고척2동
다사396420,항동,10000,항동
다사467428,구로3동,10000,구로3동
다사396422,항동,9959.936,항동
다사421435,오류2동,10000,오류2동
다사451438,구로1동,5976.648,구로1동
다사451438,구로1동,4023.352,구로1동
다사467429,구로3동,10000,구로3동
다사425445,개봉1동,10000,개봉1동
다사443436,구로1동,9224.207,구로1동
다사405426,항동,10000,항동
다사420432,개봉3동,5031.759,개봉3동
다사420432,개봉3동,4968.241,개봉3동
다사394421,항동,1603.396,항동
다사413450,개봉1동,3326.881,개봉1동
다사413450,개봉1동,4105.061,개봉1동
다사392443,수궁동,1338.165,수궁동
다사408428,항동,10000,항동
다사449443,구로1동,10000,구로1동
다사447459,신도림동,5672.741,신도림동
다사445446,구로2동,10000,구로2동
다사428458,고척2동,7989.936,고척2동
다사437439,개봉2동,10000,개봉2동
다사453461,신도림동,10000,신도림동
다사467423,구로3동,4215.56,구로3동
다사425458,고척2동,2325.053,고척2동
다사408426,항동,1680.728,항동
다사408426,항동,8319.272,항동
다사424434,개봉3동,10000,개봉3동
다사460455,구로5동,4410.504,구로5동
다사460455,구로5동,5589.496,구로5동
다사456454,신도림동,10000,신도림동
다사393419,항동,2.169,항동
다사408424,항동,10000,항동
다사453460,신도림동,10000,신도림동
다사400431,항동,10000,항동
다사450439,구로1동,10000,구로1동
다사405438,오류2동,3699.148,오류2동
다사405438,오류2동,6300.852,오류2동
다사438440,개봉1동,1161.277,개봉1동
다사438440,개봉1동,4178.116,개봉1동
다사438440,개봉1동,4660.608,개봉1동
다사459461,신도림동,1056.377,신도림동
다사440441,개봉1동,142.971,개봉1동
다사440441,개봉1동,661.442,개봉1동
다사440441,개봉1동,1128.198,개봉1동
다사440441,개봉1동,338.436,개봉1동
다사440441,개봉1동,7227.757,개봉1동
다사448433,구로1동,1315.281,구로1동
다사446446,구로2동,10000,구로2동
다사450444,구로1동,10000,구로1동
다사433457,고척2동,2175.342,고척2동
다사454455,신도림동,10000,신도림동
다사427457,고척2동,10000,고척2동
다사451433,구로1동,8574.987,구로1동
다사451433,구로1동,1425.013,구로1동
다사425435,개봉3동,10000,개봉3동
다사420420,오류2동,10000,오류2동
다사455438,구로2동,10000,구로2동
다사393445,수궁동,1296.756,수궁동
다사405431,항동,10000,항동
다사410431,오류2동,10000,오류2동
다사409428,오류2동,5434.494,오류2동
다사409428,오류2동,4565.506,오류2동
다사442450,고척1동,10000,고척1동
다사432458,고척2동,421.547,고척2동
다사401449,수궁동,10000,수궁동
다사398420,항동,105.199,항동
다사396445,수궁동,3881.119,수궁동
다사457461,신도림동,9395.442,신도림동
다사448447,구로2동,10000,구로2동
다사394443,수궁동,10000,수궁동
다사468432,구로3동,1190.759,구로3동
다사461457,신도림동,10000,신도림동
다사466431,구로3동,10000,구로3동
다사443444,구로2동,10000,구로2동
다사446459,신도림동,1895.107,신도림동
다사410422,오류2동,9175.704,오류2동
다사413428,오류2동,10000,오류2동
다사419424,오류2동,10000,오류2동
다사402451,수궁동,10000,수궁동
다사451465,신도림동,9550.216,신도림동
다사410452,수궁동,728.213,수궁동
다사411447,수궁동,10000,수궁동
다사410426,오류2동,10000,오류2동
다사399448,수궁동,10000,수궁동
다사433447,고척1동,10000,고척1동
다사414447,오류1동,5595.19,오류1동
다사414447,오류1동,4404.81,오류1동
다사443438,구로1동,9617.627,구로1동
다사403444,수궁동,10000,수궁동
다사400450,수궁동,6461.819,수궁동
다사440443,고척1동,10000,고척1동
다사448458,신도림동,9727.026,신도림동
다사420431,오류2동,104.73,오류2동
다사420431,오류2동,9895.27,오류2동
다사416452,개봉1동,5859.228,개봉1동
다사414428,오류2동,10000,오류2동
다사442451,고척1동,10000,고척1동
다사421434,오류2동,10000,오류2동
다사400441,수궁동,10000,수궁동
다사470426,구로3동,295.96,구로3동
다사393441,수궁동,2900.001,수궁동
다사450446,구로1동,9193.477,구로1동
다사450446,구로1동,806.523,구로1동
다사461444,구로5동,10000,구로5동
다사409451,수궁동,10000,수궁동
다사458456,신도림동,10000,신도림동
다사398446,수궁동,6051.386,수궁동
다사416447,개봉1동,785.825,개봉1동
다사416447,개봉1동,9214.175,개봉1동
다사400436,수궁동,4109.135,수궁동
다사449461,신도림동,9972.543,신도림동
다사418433,오류2동,10000,오류2동
다사443447,구로2동,10000,구로2동
다사443441,구로1동,10000,구로1동
다사412448,수궁동,17.082,수궁동
다사412448,수궁동,9839.167,수궁동
다사412448,수궁동,143.751,수궁동
다사452464,신도림동,10000,신도림동
다사420423,오류2동,10000,오류2동
다사394441,수궁동,10000,수궁동
다사449441,구로1동,10000,구로1동
다사451466,신도림동,6442.92,신도림동
다사401434,수궁동,2635.954,수궁동
다사401434,수궁동,1681.95,수궁동
다사412439,오류2동,2244.093,오류2동
다사412439,오류2동,7755.907,오류2동
다사412421,오류2동,10000,오류2동
다사440453,고척1동,191.343,고척1동
다사454463,신도림동,8531.032,신도림동
다사454452,신도림동,10000,신도림동
다사396440,수궁동,10000,수궁동
다사403453,수궁동,10000,수궁동
다사423433,개봉3동,10000,개봉3동
다사457453,신도림동,6773.102,신도림동
다사457453,신도림동,3226.898,신도림동
다사411432,오류2동,10000,오류2동
다사464432,구로3동,10000,구로3동
다사397446,수궁동,902.242,수궁동
다사400424,항동,10000,항동
다사435436,개봉3동,3786.101,개봉3동
다사435436,개봉3동,4227.381,개봉3동
다사472430,구로3동,860.078,구로3동
다사453456,신도림동,10000,신도림동
다사410429,오류2동,10000,오류2동
다사462428,구로3동,9928.282,구로3동
다사462428,구로3동,71.718,구로3동
다사462423,가리봉동,2903.202,가리봉동
다사465434,구로3동,10000,구로3동
다사465440,구로4동,1204.016,구로4동
다사401452,수궁동,10000,수궁동
다사411451,수궁동,1310.214,수궁동
다사447430,구로1동,317.839,구로1동
다사442442,구로2동,4938.789,구로2동
다사442442,구로2동,5061.211,구로2동
다사394442,수궁동,10000,수궁동
다사424436,오류2동,2515.152,오류2동
다사424436,오류2동,3232.89,오류2동
다사424436,오류2동,4251.958,오류2동
다사403455,수궁동,10000,수궁동
다사411427,오류2동,10000,오류2동
다사415422,오류2동,10000,오류2동
다사470431,구로3동,906.789,구로3동
다사406429,항동,10000,항동
다사433432,개봉3동,611.273,개봉3동
다사405453,수궁동,10000,수궁동
다사401431,항동,10000,항동
다사427426,개봉3동,335.488,개봉3동
다사450442,구로1동,10000,구로1동
다사441447,고척1동,10000,고척1동
다사398422,항동,10000,항동
다사447460,신도림동,4428.466,신도림동
다사414422,오류2동,10000,오류2동
다사419440,오류2동,4432.633,오류2동
다사419440,오류2동,5567.367,오류2동
다사443448,구로2동,81.566,구로2동
다사443448,구로2동,9918.434,구로2동
다사406423,항동,10000,항동
다사405443,수궁동,10000,수궁동
다사408422,항동,6265.021,항동
다사400419,항동,59.166,항동
다사398426,항동,4333.216,항동
다사402441,수궁동,10000,수궁동
다사405421,항동,10000,항동
다사410423,오류2동,10000,오류2동
다사406456,수궁동,9564.717,수궁동
다사441444,고척1동,8333.352,고척1동
다사441444,고척1동,1666.648,고척1동
다사402429,항동,10000,항동
다사442453,고척1동,76.42,고척1동
다사412438,오류2동,10000,오류2동
다사453449,구로5동,9998.103,구로5동
다사453449,구로5동,1.897,구로5동
다사406438,오류2동,10000,오류2동
다사394445,수궁동,2244.796,수궁동
다사404450,수궁동,10000,수궁동
다사421423,오류2동,5990.382,오류2동
다사442440,구로1동,1761.246,구로1동
다사452465,신도림동,9704.58,신도림동
다사406428,항동,10000,항동
다사404428,항동,10000,항동
다사406431,항동,306.95,항동
다사406431,항동,9693.05,항동
다사405450,수궁동,10000,수궁동
다사410427,오류2동,10000,오류2동
다사405427,항동,10000,항동
다사398423,항동,10000,항동
다사400430,항동,10000,항동
다사421430,오류2동,2181.189,오류2동
다사421430,오류2동,7818.811,오류2동
다사452448,구로2동,10000,구로2동
다사466429,구로3동,10000,구로3동
다사424433,개봉3동,10000,개봉3동
다사413429,오류2동,10000,오류2동
다사421429,오류2동,10000,오류2동
다사400452,수궁동,3367.511,수궁동
다사422441,오류1동,9736.961,오류1동
다사422441,오류1동,263.039,오류1동
다사442444,구로2동,10000,구로2동
다사463429,구로3동,10000,구로3동
다사412429,오류2동,10000,오류2동
다사446441,구로1동,10000,구로1동
다사434447,고척1동,10000,고척1동
다사413426,오류2동,10000,오류2동
다사426454,고척2동,10000,고척2동
다사449433,구로1동,9954.215,구로1동
다사413448,개봉1동,2254.497,개봉1동
다사413448,개봉1동,1764.453,개봉1동
다사413448,개봉1동,5981.05,개봉1동
다사419431,오류2동,10000,오류2동
다사406452,수궁동,10000,수궁동
다사402434,항동,1112.68,항동
다사402434,항동,2539.013,항동
다사402434,항동,6348.307,항동
다사416422,오류2동,10000,오류2동
다사450466,신도림동,1051.73,신도림동
다사445437,구로1동,10000,구로1동
다사418419,오류2동,5542.109,오류2동
다사453450,구로5동,253.823,구로5동
다사453450,구로5동,9746.177,구로5동
다사399436,수궁동,227.596,수궁동
다사417452,개봉1동,10000,개봉1동
다사411436,오류2동,10000,오류2동
다사427443,개봉1동,10000,개봉1동
다사424430,개봉3동,10000,개봉3동
다사411450,수궁동,9271.323,수궁동
다사420433,오류2동,10000,오류2동
다사443442,구로1동,9321.24,구로1동
다사443442,구로1동,678.76,구로1동
다사411435,오류2동,10000,오류2동
다사422432,개봉3동,10000,개봉3동
다사414448,개봉1동,201.188,개봉1동
다사414448,개봉1동,9798.812,개봉1동
다사402447,수궁동,10000,수궁동
다사440438,개봉2동,52.95,개봉2동
다사455462,신도림동,9488.17,신도림동
다사465427,구로3동,10000,구로3동
다사401429,항동,10000,항동
다사405457,수궁동,198.428,수궁동
다사409453,수궁동,1159.851,수궁동
다사441446,고척1동,10000,고척1동
다사406426,항동,10000,항동
다사406420,항동,1061.686,항동
다사414451,개봉1동,1056.999,개봉1동
다사411426,오류2동,10000,오류2동
다사463449,구로5동,3928.463,구로5동
다사410438,오류2동,10000,오류2동
다사414421,오류2동,10000,오류2동
다사451444,구로2동,2989.161,구로2동
다사451444,구로2동,7010.839,구로2동
다사401430,항동,10000,항동
다사464431,구로3동,10000,구로3동
다사462457,신도림동,7396.464,신도림동
다사462457,신도림동,32.191,신도림동
다사449451,구로2동,10000,구로2동
다사451431,구로1동,2463.351,구로1동
다사429428,개봉3동,97.338,개봉3동
다사405432,항동,3.374,항동
다사405432,항동,9996.626,항동
다사420455,개봉1동,695.502,개봉1동
다사442438,구로1동,2654.059,구로1동
다사438439,개봉2동,10000,개봉2동
다사406455,수궁동,10000,수궁동
다사411431,오류2동,10000,오류2동
다사467430,구로3동,10000,구로3동
다사446452,구로2동,3932.866,구로2동
다사401445,수궁동,10000,수궁동
다사420418,오류2동,7070.748,오류2동
다사425428,개봉3동,10000,개봉3동
다사421418,오류2동,1630.65,오류2동
다사419433,오류2동,10000,오류2동
다사450463,신도림동,9913.26,신도림동
다사463454,구로5동,6797.515,구로5동
다사423429,개봉3동,7402.802,개봉3동
다사423429,개봉3동,2597.198,개봉3동
다사415450,개봉1동,10000,개봉1동
다사450432,구로1동,8862.078,구로1동
다사421421,오류2동,4484.424,오류2동
다사447434,구로1동,5354.34,구로1동
다사446437,구로1동,6764.637,구로1동
다사465424,구로3동,9559.574,구로3동
다사465424,구로3동,440.426,구로3동
다사445450,구로2동,10000,구로2동
다사416449,개봉1동,10000,개봉1동
다사462456,구로5동,1705.754,구로5동
다사462456,구로5동,8191.131,구로5동
다사405428,항동,10000,항동
다사468428,구로3동,10000,구로3동
다사420435,오류2동,10000,오류2동
다사394419,항동,8874.005,항동
다사451441,구로2동,4659.986,구로2동
다사451441,구로2동,5340.014,구로2동
다사401455,수궁동,9885.357,수궁동
다사405429,항동,10000,항동
다사439440,개봉2동,7182.87,개봉2동
다사439440,개봉2동,2817.13,개봉2동
다사461440,구로4동,9943.287,구로4동
다사461440,구로4동,56.713,구로4동
다사443437,구로1동,9823.114,구로1동
다사412425,오류2동,10000,오류2동
다사450462,신도림동,9466.74,신도림동
다사411425,오류2동,10000,오류2동
다사408456,수궁동,3107.669,수궁동
다사430456,고척2동,10000,고척2동
다사430457,고척2동,4716.101,고척2동
다사444445,구로2동,10000,구로2동
다사415451,개봉1동,9444.551,개봉1동
다사398424,항동,9618.114,항동
다사400420,항동,4626.529,항동
다사413447,오류1동,10000,오류1동
다사449463,신도림동,620.711,신도림동
다사408455,수궁동,5812.055,수궁동
다사423456,고척2동,10000,고척2동
다사405430,항동,10000,항동
다사448457,신도림동,9498.442,신도림동
다사397423,항동,6371.658,항동
다사439444,고척1동,10000,고척1동
다사442443,구로2동,10000,구로2동
다사393443,수궁동,9951.822,수궁동
다사444435,구로1동,746.02,구로1동
다사409430,오류2동,10000,오류2동
다사422431,개봉3동,10000,개봉3동
다사440445,고척1동,10000,고척1동
다사404436,오류2동,1539.169,오류2동
다사404436,오류2동,8460.831,오류2동
다사422434,오류2동,1424.135,오류2동
다사422434,오류2동,8575.865,오류2동
다사415419,오류2동,1328.559,오류2동
다사402438,수궁동,10000,수궁동
다사398428,항동,6347.655,항동
다사412420,오류2동,10000,오류2동
다사461458,신도림동,7699.468,신도림동
다사443453,고척1동,4145.772,고척1동
다사451463,신도림동,10000,신도림동
다사399449,수궁동,3637.91,수궁동
다사394444,수궁동,9998.834,수궁동
다사414423,오류2동,10000,오류2동
다사404448,수궁동,10000,수궁동
다사467427,구로3동,10000,구로3동
다사426444,개봉1동,10000,개봉1동
다사434455,고척2동,1699.309,고척2동
다사425438,개봉2동,10000,개봉2동
다사450433,구로1동,10000,구로1동
다사460457,신도림동,10000,신도림동
다사405449,수궁동,10000,수궁동
다사417453,개봉1동,7367.637,개봉1동
다사407452,수궁동,10000,수궁동
다사409425,항동,4156.914,항동
다사409425,항동,5843.086,항동
다사439438,개봉2동,4717.389,개봉2동
다사445451,구로2동,4827.316,구로2동
다사454451,신도림동,7930.083,신도림동
다사454451,신도림동,2069.917,신도림동
다사463426,구로3동,10000,구로3동
다사400446,수궁동,10000,수궁동
다사402445,수궁동,10000,수궁동
다사396438,수궁동,5916.001,수궁동
다사443446,구로2동,10000,구로2동
다사407427,항동,10000,항동
다사416419,오류2동,5700.453,오류2동
다사444451,고척1동,6610.23,고척1동
다사444451,고척1동,2646.916,고척1동
다사410451,수궁동,8728.818,수궁동
다사411424,오류2동,10000,오류2동
다사413438,오류2동,10000,오류2동
다사424457,고척2동,2388.77,고척2동
다사446435,구로1동,9153.827,구로1동
다사404430,항동,10000,항동
다사423435,개봉3동,5305.113,개봉3동
다사423435,개봉3동,4694.887,개봉3동
다사446451,구로2동,6296.766,구로2동
다사403438,수궁동,10000,수궁동
다사406421,항동,9945.256,항동
다사409450,수궁동,10000,수궁동
다사411423,오류2동,10000,오류2동
다사394440,수궁동,9941.125,수궁동
다사447436,구로1동,8722.198,구로1동
다사433445,고척1동,10000,고척1동
다사464446,구로5동,399.952,구로5동
다사464442,구로4동,7157.583,구로4동
다사421437,오류2동,10000,오류2동
다사402426,항동,10000,항동
다사409431,오류2동,10000,오류2동
다사402422,항동,10000,항동
다사420417,오류2동,150.283,오류2동
다사403428,항동,10000,항동
다사437455,고척2동,2673.856,고척2동
다사406440,수궁동,10000,수궁동
다사404452,수궁동,10000,수궁동
다사446442,구로1동,10000,구로1동
다사445439,구로1동,10000,구로1동
다사463430,구로3동,10000,구로3동
다사407431,오류2동,5416.994,오류2동
다사407431,오류2동,4583.006,오류2동
다사419453,개봉1동,5459.984,개봉1동
다사438438,개봉2동,10000,개봉2동
다사445436,구로1동,2176.817,구로1동
다사442441,구로1동,9080.196,구로1동
다사441442,구로2동,527.82,구로2동
다사441442,구로2동,3721.381,구로2동
다사441442,구로2동,5750.799,구로2동
다사423437,오류2동,10000,오류2동
다사466428,구로3동,10000,구로3동
다사404456,수궁동,9843.816,수궁동
다사403431,항동,10000,항동
다사426426,개봉3동,2162.002,개봉3동
다사405441,수궁동,10000,수궁동
다사450450,구로2동,10000,구로2동
다사464434,구로3동,10000,구로3동
다사441452,고척1동,5859.989,고척1동
다사397422,항동,10000,항동
다사405452,수궁동,10000,수궁동
다사405439,오류2동,3632.559,오류2동
다사405439,오류2동,6367.441,오류2동
다사451446,구로2동,4821.492,구로2동
다사451446,구로2동,5178.508,구로2동
다사463428,구로3동,10000,구로3동
다사471428,구로3동,2047.806,구로3동
다사421424,오류2동,6562.24,오류2동
다사400451,수궁동,3872.865,수궁동
다사434445,고척1동,10000,고척1동
다사445435,구로1동,7008.415,구로1동
다사449460,신도림동,10000,신도림동
다사417429,오류2동,10000,오류2동
다사405444,수궁동,10000,수궁동
다사418426,오류2동,10000,오류2동
다사400448,수궁동,10000,수궁동
다사463450,구로5동,3839.177,구로5동
다사395443,수궁동,10000,수궁동
다사423428,개봉3동,9569.179,개봉3동
다사423428,개봉3동,430.821,개봉3동
다사400447,수궁동,10000,수궁동
다사412430,오류2동,10000,오류2동
다사404457,수궁동,448.079,수궁동
다사455463,신도림동,2057.92,신도림동
다사465431,구로3동,10000,구로3동
다사398445,수궁동,10000,수궁동
다사451439,구로1동,5494.634,구로1동
다사451439,구로1동,4505.366,구로1동
다사404439,수궁동,10000,수궁동
다사408452,수궁동,10000,수궁동
다사448461,신도림동,1144.116,신도림동
다사414439,오류2동,733.014,오류2동
다사414439,오류2동,1379.933,오류2동
다사414439,오류2동,7887.053,오류2동
