gid,lbl,val_200,d_name,cctv_20,g2_env,g3_flow,w1_female,w2_dandock,index_k,index_rank
다사462437,50,50,구로4동,5.865,1,4,1,1.041,11.31,411
다사399421,559,559,항동,10,0,2,1.095,1,13.14,140
다사412444,228,228,오류1동,6.514,0,3,1,1.041,9.904,546
다사428439,554,554,개봉2동,0.45,0,5,1,1.041,5.673,931
다사424440,591,591,개봉2동,5.496,0,5,1.095,1.041,11.964,341
다사439449,400,400,고척1동,3.17,0,4.5,1,1.041,7.984,709
다사460428,310,310,가리봉동,2.207,0,2,1,1.041,4.379,1036
다사462434,782,782,구로3동,6.957,0,4.5,1,1,11.457,385
다사417440,251,251,오류1동,8.02,0,3.5,1.095,1,12.614,241
다사421448,211,211,개봉1동,6.794,0.645,4,1,1.041,11.908,346
다사436443,348,348,고척1동,9.512,0.28,2.5,1.095,1,13.46,127
다사427429,1379,1379,개봉3동,9.285,0,5,1,1,14.285,59
다사430451,444,444,고척2동,2.729,0,4.5,1,1.041,7.525,756
다사456453,22,22,신도림동,10,0,1.5,1,1.041,11.971,335
다사422451,261,261,개봉1동,6.486,0.455,2.5,1,1.041,9.828,550
다사456429,300,300,가리봉동,0,0,3.5,1,1.041,3.643,1110
다사447445,166,166,구로1동,8.405,0,4,1.095,1,13.583,111
다사426435,502,502,개봉3동,3.035,0,3.5,1,1.041,6.803,836
다사405445,375,375,수궁동,6.918,0,4.5,1.095,1,12.503,253
다사431451,902,902,고척2동,6.519,0,3,1.095,1,10.423,493
다사461433,784,784,구로3동,9.519,0,4,1.095,1,14.803,45
다사434440,255,255,개봉2동,3.058,0,5,1.095,1,8.824,643
다사414437,559,559,오류2동,8.252,0,0.5,1,1,8.752,649
다사424446,524,524,개봉1동,5.04,0,4.5,1.095,1,10.446,491
다사430445,336,336,개봉1동,3.787,0,3.5,1,1.041,7.586,751
다사434454,348,348,고척2동,9.607,0.94,4,1,1,14.547,53
다사404423,447,447,항동,10,0,2.5,1.095,1,13.688,94
다사427438,693,693,개봉2동,0.961,0,4.5,1.095,1,5.98,910
다사432433,617,617,개봉3동,2.177,0,5,1,1.041,7.471,767
다사448452,483,483,구로2동,8.759,0.25,3.5,1,1,12.509,252
다사457457,257,257,신도림동,10,0.835,5,1,1,15.835,11
다사408445,563,563,수궁동,5.116,0,2.5,1.095,1,8.34,681
다사432450,184,184,고척1동,4.032,0,4.5,1,1.041,8.882,635
다사461425,241,241,가리봉동,0.603,1.47,3,1.095,1.041,5.783,921
다사412427,25,25,오류2동,6.099,0,2,1,1,8.099,700
다사449437,723,723,구로1동,6.317,0,5,1,1,11.317,409
다사424455,382,382,고척2동,0.392,0,2.5,1,1.041,3.011,1160
다사434438,906,906,개봉2동,6.555,0,3.5,1.095,1,11.01,430
다사450452,278,278,구로2동,10,0.835,3.5,1.095,1,15.697,14
다사457449,334,334,구로5동,1.754,0,5,1,1.041,7.031,811
다사459441,N/A,0,구로2동,0,0,2.5,1,1,2.5,1200
다사398431,127,127,항동,9.067,0,2.5,1.095,1,12.666,236
다사457460,851,851,신도림동,7.449,0,3.5,1.095,1,11.989,332
다사422446,182,182,개봉1동,6.423,0,2.5,1,1.041,9.289,599
다사463425,92,92,구로3동,4.405,0,3.5,1,1,7.905,719
다사421449,366,366,개봉1동,3.097,0.455,4,1,1.041,7.862,726
다사434446,18,18,고척1동,10,0,2.5,1,1,12.5,255
다사421442,551,551,오류1동,4.546,0,4.5,1.095,1,9.905,544
다사430446,504,504,고척1동,2.821,0,3,1,1.041,6.06,902
다사456439,N/A,0,구로2동,0,0,3,1,1,3,1161
다사419428,398,398,오류2동,8.438,0,4,1.095,1,13.62,109
다사452438,336,336,구로2동,0.591,0,4,1,1.041,4.779,1009
다사432432,N/A,0,개봉3동,0,0,4,1,1,4,1078
다사403437,218,218,수궁동,5.958,0,2.5,1,1.041,8.805,646
다사423447,295,295,개봉1동,4.163,0,5,1,1,9.163,609
다사410448,31,31,수궁동,8.612,0,1,1,1.041,10.006,532
다사416423,277,277,오류2동,10,0,4.5,1.095,1,15.878,9
다사418428,N/A,0,오류2동,0,0,4,1,1.041,4.164,1061
다사429438,497,497,개봉2동,5.032,0.455,4,1.095,1.041,10.814,458
다사431441,1002,1002,개봉2동,10,0.455,4,1.095,1,15.828,12
다사404445,144,144,수궁동,2.504,0,4.5,1,1.041,7.291,785
다사421452,134,134,개봉1동,2.496,0,4,1,1.041,6.762,843
다사408449,8,8,수궁동,10,0,1,1,1.041,11.451,386
다사442452,11,11,고척1동,9.337,0,1,1,1,10.337,501
다사462429,270,270,구로3동,3.125,0.455,3.5,1,1.041,7.37,775
다사400423,72,72,항동,10,0,2,1.095,1,13.14,140
다사430439,92,92,개봉2동,4.577,1,5,1,1.041,11.011,429
다사403442,47,47,수궁동,2.628,0,2,1,1.041,4.818,1003
다사414443,376,376,오류1동,2.86,0,4.5,1,1.041,7.662,744
다사408435,293,293,오류2동,9.141,0,3.5,1.095,1,13.842,88
다사457442,375,375,구로2동,4.994,0,1.5,1,1.041,6.76,844
다사417428,441,441,오류2동,9.617,0,4,1.095,1,14.911,41
다사453442,552,552,구로2동,0.159,0,2,1,1.041,2.248,1217
다사414431,300,300,오류2동,9.783,0,4,1.095,1,15.092,34
다사447439,622,622,구로1동,6.208,0,4.5,1.095,1,11.725,362
다사453459,166,166,신도림동,9.602,0,3.5,1.095,1.041,14.935,39
다사414446,230,230,오류1동,9.998,0,2.5,1,1,12.498,264
다사403449,11,11,수궁동,10,0,1,1,1.041,11.451,386
다사417449,261,261,개봉1동,5.402,0,4.5,1,1,9.902,547
다사400438,86,86,수궁동,7.906,0.555,4.5,1.095,1,14.192,75
다사428453,15,15,고척2동,5.961,0,1,1,1,6.961,823
다사431440,346,346,개봉2동,8.128,0,4.5,1,1,12.628,239
다사454459,2058,2058,신도림동,3.947,0,4.5,1.095,1,9.249,602
다사417422,317,317,오류2동,10,0,4,1.095,1,15.33,17
다사452432,N/A,0,가리봉동,0,0,1.5,1,1,1.5,1267
다사409446,433,433,수궁동,4.06,0,2,1,1,6.06,902
다사431442,12,12,개봉1동,10,0.455,3.5,1,1,13.955,83
다사428442,497,497,개봉1동,10,0,4.5,1.095,1,15.878,9
다사454443,121,121,구로2동,6.638,0.5,2.5,1,1.041,10.033,527
다사459438,345,345,구로2동,3.977,0,3,1.095,1.041,7.953,712
다사421444,269,269,오류1동,5.522,0,3,1,1,8.522,664
다사432456,214,214,고척2동,10,0,3.5,1.095,1,14.782,46
다사435449,11,11,고척1동,10,0,5,1,1,15,35
다사430437,132,132,개봉2동,2.05,0.91,4.5,1.095,1.041,8.504,666
다사432449,428,428,고척1동,3.739,0,2.5,1.095,1.041,7.112,803
다사427441,946,946,개봉2동,10,0,5,1,1,15,35
다사464440,213,213,구로4동,7.778,0.295,3,1,1,11.073,422
다사418447,137,137,개봉1동,7.447,0,2.5,1,1,9.947,539
다사408441,173,173,수궁동,7.623,0,4,1,1.041,12.1,293
다사429448,328,328,개봉1동,1.457,0,2,1,1.041,3.599,1117
다사420427,N/A,0,오류2동,0,0,3,1,1,3,1161
다사420438,145,145,오류2동,2.547,0,2.5,1,1,5.047,980
다사451457,218,218,신도림동,1.734,0,3,1,1.041,4.928,991
다사461438,220,220,구로4동,3.371,1,2.5,1,1.041,7.153,800
다사428438,499,499,개봉2동,4.949,0,4,1,1.041,9.316,594
다사468424,52,52,구로3동,6.928,0,1,1,1,7.928,714
다사419442,254,254,오류1동,5.639,0.91,5,1.095,1,12.646,238
다사418438,574,574,오류2동,2.512,0.65,5,1.095,1.041,9.304,595
다사460452,337,337,구로5동,6.118,0.315,4.5,1,1,10.933,446
다사429440,624,624,개봉2동,5.082,0,5,1,1.041,10.495,489
다사417442,408,408,오류1동,4.782,0,4,1.095,1.041,10.011,531
다사449456,N/A,0,신도림동,0,0,3,1,1,3,1161
다사451455,139,139,신도림동,0.515,0.5,4,1,1.041,5.221,965
다사425432,45,45,개봉3동,8.299,0,1,1,1.041,9.68,562
다사401433,112,112,항동,10,0,1,1,1,11,431
다사458430,481,481,구로3동,0.126,0.67,5,1,1,5.796,919
다사470429,24,24,구로3동,2.205,1.885,3.5,1,1,7.59,750
다사450457,265,265,신도림동,7.588,0.625,2.5,1,1.041,11.152,418
다사462425,390,390,가리봉동,0.967,0.715,2,1,1.041,3.833,1095
다사434450,809,809,고척1동,6.667,0,5,1.095,1,12.775,229
다사451456,326,326,신도림동,5.193,0.355,3.5,1,1.041,9.419,582
다사450454,663,663,신도림동,4.356,0,3.5,1.095,1,8.602,660
다사452442,226,226,구로2동,5.416,0,2,1.095,1.041,8.453,671
다사456447,154,154,구로5동,3.982,0,5,1,1.041,9.35,592
다사450449,14,14,구로2동,6.45,0,2.5,1,1.041,9.317,593
다사463441,403,403,구로4동,5.325,0,3.5,1.095,1,9.663,564
다사404441,93,93,수궁동,8.001,0,1.5,1,1,9.501,578
다사456440,311,311,구로2동,3.78,0.77,2.5,1,1.041,7.339,780
다사432442,332,332,개봉1동,10,0,3.5,1,1,13.5,118
다사430444,37,37,개봉1동,4.793,0,2.5,1,1,7.293,784
다사432441,N/A,0,개봉1동,0,1.07,3,1,1,4.07,1069
다사436445,864,864,고척1동,10,0,3.5,1,1,13.5,118
다사436441,1215,1215,개봉1동,10,0,3,1.095,1,14.235,62
다사458460,297,297,신도림동,10,0,2.5,1,1,12.5,255
다사417432,95,95,오류2동,10,0,5,1.095,1,16.425,3
다사426448,239,239,고척2동,6.949,0.68,2.5,1,1.041,10.544,480
다사426453,103,103,고척2동,6.557,0,1.5,1,1.041,8.387,677
다사459434,1521,1521,구로4동,4.778,0.5,4.5,1,1,9.778,555
다사404425,171,171,항동,10,0,2.5,1.095,1,13.688,94
다사453444,299,299,구로2동,2.314,0.68,3.5,1,1.041,6.76,844
다사466424,984,984,구로3동,4.215,0,4.5,1.095,1,9.543,575
다사424444,224,224,개봉1동,9.991,0,2.5,1,1,12.491,267
다사469429,34,34,구로3동,3.175,1.345,3.5,1,1.041,8.349,680
다사416441,246,246,오류1동,6.002,0.265,3.5,1.095,1,10.695,469
다사417433,112,112,오류2동,10,0,3.5,1,1,13.5,118
다사414425,460,460,오류2동,10,0,2.5,1,1,12.5,255
다사448456,263,263,신도림동,3.973,0,3.5,1,1,7.473,765
다사403450,N/A,0,수궁동,0,0,1,1,1.041,1.041,1290
다사401432,318,318,항동,10,0,2,1,1,12,310
다사464435,1041,1041,구로3동,8.233,0,4.5,1.095,1,13.943,85
다사431455,112,112,고척2동,9.969,0,2.5,1.095,1,13.654,106
다사447438,138,138,구로1동,7.848,0,3.5,1,1,11.348,406
다사430433,243,243,개봉3동,2.119,0.555,3,1,1.041,5.907,915
다사459442,322,322,구로5동,8.703,0,2,1.095,1,11.72,363
다사404433,18,18,항동,10,0,1,1.095,1,12.045,294
다사399428,45,45,항동,10,0,1,1,1.041,11.451,386
다사412441,N/A,0,수궁동,0,0,2,1,1,2,1227
다사452433,174,174,구로2동,2.917,0,2,1,1.041,5.119,969
다사424449,209,209,개봉1동,1.723,0.15,3.5,1,1.041,5.593,937
다사414440,317,317,오류1동,10,0,4.5,1.095,1.041,16.528,2
다사418420,196,196,오류2동,10,0,2,1.095,1,13.14,140
다사421428,560,560,오류2동,10,0,5,1,1,15,35
다사463436,27,27,구로3동,8.157,1.11,3.5,1,1,12.767,231
다사419450,442,442,개봉1동,6.562,0.625,3,1,1.041,10.605,474
다사416425,165,165,오류2동,4.985,0,3.5,1,1,8.485,667
다사423439,389,389,오류2동,5.821,0,5,1,1,10.821,456
다사411442,112,112,수궁동,1.853,0,3,1,1.041,5.052,979
다사438443,254,254,고척1동,8.387,0,3.5,1,1,11.887,349
다사404447,71,71,수궁동,5.646,0,1,1,1.041,6.918,826
다사418450,70,70,개봉1동,2.112,0,1.5,1,1,3.612,1116
다사461436,452,452,구로4동,2.974,0.835,2,1,1.041,6.047,906
다사455456,N/A,0,신도림동,0,0,3,1,1,3,1161
다사462435,9,9,구로3동,4.217,0.575,3,1,1,7.792,735
다사406441,363,363,수궁동,10,0,3.5,1,1,13.5,118
다사428454,29,29,고척2동,2.987,0,2,1,1,4.987,986
다사400428,377,377,항동,10,0,1,1.095,1.041,12.539,250
다사428444,9,9,개봉1동,8.376,0,2.5,1,1,10.876,451
다사429453,409,409,고척2동,2.237,0,4,1.095,1.041,7.11,804
다사439447,474,474,고척1동,3.08,1.875,3.5,1.095,1,9.258,601
다사401436,302,302,수궁동,10,0,3.5,1,1,13.5,118
다사453451,360,360,신도림동,10,0.77,4.5,1.095,1,16.721,1
다사462453,620,620,구로5동,4.193,0.745,3.5,1.095,1,9.24,603
다사415444,40,40,오류1동,6.644,0,2.5,1,1.041,9.519,577
다사406443,111,111,수궁동,5.057,0,2.5,1,1,7.557,754
다사407446,24,24,수궁동,9.302,0,2,1,1,11.302,412
다사410449,N/A,0,수궁동,0,0,1,1,1.041,1.041,1290
다사415435,11,11,오류2동,2.049,0,1.5,1,1,3.549,1123
다사402435,130,130,수궁동,3.582,0,2,1,1,5.582,940
다사427447,316,316,고척2동,3.461,1.43,2,1,1.041,7.174,799
다사438444,122,122,고척1동,5.512,0.5,2.5,1,1,8.512,665
다사452446,677,677,구로2동,3.881,0,2.5,1,1,6.381,877
다사456437,115,115,구로2동,10,0,3,1,1.041,13.533,115
다사427435,391,391,개봉3동,0,0,1.5,1,1.041,1.562,1261
다사430432,159,159,개봉3동,4.613,0.21,3.5,1,1.041,8.664,656
다사457451,416,416,구로5동,9.989,0,4,1.095,1,15.318,28
다사414441,374,374,오류1동,5.347,0,5,1,1.041,10.771,461
다사445440,387,387,구로1동,2.656,0,3.5,1.095,1,6.741,847
다사462426,102,102,구로3동,6.23,0,3.5,1,1,9.73,558
다사414429,180,180,오류2동,9.825,0,1,1,1,10.825,455
다사450453,861,861,신도림동,9.728,0,3.5,1.095,1,14.485,55
다사403434,101,101,항동,10,0,1.5,1,1,11.5,374
다사452440,349,349,구로2동,8.834,0,4,1,1.041,13.36,133
다사456432,303,303,구로2동,5.199,0.83,4,1,1.041,10.44,492
다사455434,121,121,구로2동,3.972,1.52,1,1,1.041,6.758,846
다사461429,106,106,구로3동,0.562,0.385,1,1,1.041,2.027,1226
다사399429,206,206,항동,10,0,4.5,1,1.041,15.094,33
다사426446,297,297,개봉1동,1.22,0,3.5,1,1.041,4.914,996
다사429454,301,301,고척2동,0.06,0,2,1,1.041,2.144,1219
다사432440,14,14,개봉2동,4.483,1.515,4,1,1,9.998,536
다사419430,N/A,0,오류2동,0,0,3.5,1,1,3.5,1126
다사422455,99,99,고척2동,3.903,0,3,1,1.041,7.186,795
다사415437,580,580,오류2동,9.121,0,3.5,1,1,12.621,240
다사415438,886,886,오류2동,10,0,5,1.095,1,16.425,3
다사448445,N/A,0,구로1동,0,0,3,1,1,3,1161
다사404435,312,312,오류2동,3.607,0,1.5,1.095,1,5.592,938
다사417439,271,271,오류2동,5.072,0,3.5,1.095,1,9.386,590
다사431447,161,161,고척1동,4.389,0,2,1,1.041,6.651,851
다사457434,742,742,구로4동,2.036,0,4,1,1,6.036,907
다사454439,141,141,구로2동,8.386,1.25,4.5,1,1.041,14.716,49
다사457432,639,639,구로4동,3.04,0,5,1,1,8.04,703
다사454432,257,257,구로2동,1.8,0,2.5,1,1.041,4.476,1031
다사462441,14,14,구로4동,0.123,0,2.5,1,1,2.623,1192
다사403422,661,661,항동,10,0,2,1.095,1,13.14,140
다사462424,448,448,가리봉동,0.201,0.485,5,1.095,1.041,6.481,866
다사424428,151,151,개봉3동,9.004,0,2.5,1,1,11.504,373
다사453445,331,331,구로2동,5.033,1.67,4,1,1.041,11.142,419
다사413444,317,317,오류1동,1.31,0,2.5,1,1.041,3.966,1083
다사427433,420,420,개봉3동,0.863,0,2.5,1,1.041,3.501,1125
다사423440,515,515,오류2동,1.196,0,5,1,1.041,6.45,870
다사465433,158,158,구로3동,6.596,0,3.5,1,1.041,10.51,485
다사400443,828,828,수궁동,6.437,0,4.5,1,1,10.937,445
다사404424,208,208,항동,10,0,2.5,1.095,1,13.688,94
다사440442,N/A,0,고척1동,0,0,1,1,1.041,1.041,1290
다사411444,10,10,수궁동,10,0,1.5,1,1.041,11.971,335
다사458447,351,351,구로5동,1.272,0,3,1,1.041,4.447,1032
다사432436,183,183,개봉2동,0,0,3.5,1,1.041,3.643,1110
다사413441,364,364,수궁동,9.405,0,4,1,1,13.405,131
다사417436,405,405,오류2동,0.49,0,4,1.095,1.041,5.118,970
다사407423,N/A,0,항동,0,0,0,1,1,0,1725
다사461449,6,6,구로5동,9.911,0,5,1,1,14.911,41
다사464441,8,8,구로4동,5.807,0.68,1,1,1.041,7.794,734
다사424454,491,491,고척2동,0.629,0,2.5,1.095,1.041,3.567,1120
다사445443,489,489,구로1동,4.306,0,4,1.095,1,9.095,616
다사464427,N/A,0,구로3동,0,0.5,3.5,1,1,4,1078
다사425447,337,337,개봉1동,2.473,0,3.5,1,1.041,6.218,887
다사431453,20,20,고척2동,0.195,0.5,2.5,1,1.041,3.326,1135
다사457429,74,74,가리봉동,0.003,2.385,3,1,1.041,5.609,935
다사453430,17,17,가리봉동,6.6,0,1,1,1.041,7.912,718
다사420449,432,432,개봉1동,4.275,0,3,1.095,1.041,8.293,686
다사456459,12,12,신도림동,5.848,0.21,5,1,1,11.058,425
다사451460,16,16,신도림동,8.772,0,2,1,1,10.772,460
다사431448,201,201,고척1동,4.982,0,2,1,1,6.982,818
다사454461,64,64,신도림동,2.915,0,1,1,1,3.915,1089
다사428456,414,414,고척2동,3.419,0.28,4,1.095,1,8.43,672
다사461443,221,221,구로5동,10,0,5,1.095,1,16.425,3
다사408433,326,326,오류2동,6.895,0,3,1.095,1,10.835,454
다사410433,346,346,오류2동,7.745,0,4,1,1,11.745,360
다사407448,26,26,수궁동,5.587,0,1,1,1,6.587,858
다사459445,330,330,구로5동,5.373,0,4,1,1.041,9.757,557
다사466433,957,957,구로3동,6.605,0,4.5,1.095,1,12.16,286
다사432454,302,302,고척2동,6.536,1.5,2.5,1.095,1.041,12.01,306
다사439446,141,141,고척1동,5.015,0,2,1.095,1,7.681,741
다사449449,35,35,구로2동,10,0.215,1.5,1,1,11.715,364
다사457445,191,191,구로5동,3.711,0.555,4,1.095,1.041,9.422,581
다사456428,160,160,가리봉동,2.834,0,3,1,1.041,6.073,900
다사461451,313,313,구로5동,2.936,1.5,4.5,1,1.041,9.302,596
다사433441,82,82,개봉1동,1.534,0,3,1,1,4.534,1027
다사436450,259,259,고척1동,8.68,0,4,1,1,12.68,234
다사458450,187,187,구로5동,0.75,0.625,3.5,1,1.041,5.075,975
다사458443,213,213,구로2동,1.647,0.6,2.5,1,1.041,4.942,989
다사408434,219,219,오류2동,8.502,0,3.5,1,1,12.002,308
다사424448,260,260,개봉1동,1.601,0.355,3,1,1.041,5.159,968
다사438449,186,186,고척1동,6.824,0.17,3.5,1,1.041,10.924,447
다사471429,N/A,0,구로3동,0,0.665,2.5,1,1,3.165,1150
다사409432,58,58,오류2동,6.673,0,3,1.095,1,10.592,476
다사459431,699,699,구로3동,0,0,4,1,1,4,1078
다사415442,324,324,오류1동,0.651,0,3.5,1.095,1.041,4.732,1012
다사435453,671,671,고척2동,8.314,0,4,1.095,1,13.484,124
다사439451,270,270,고척1동,3.564,0,3.5,1,1.041,7.354,776
다사456441,350,350,구로2동,8.413,0,2.5,1,1.041,11.36,404
다사407432,194,194,오류2동,9.039,0,1.5,1,1,10.539,482
다사416427,789,789,오류2동,10,0,4,1.095,1,15.33,17
다사453435,292,292,구로2동,1.571,0,1.5,1,1.041,3.197,1147
다사450447,N/A,0,구로2동,0,0.715,1,1,1,1.715,1253
다사435444,6,6,고척1동,10,0,2.5,1,1,12.5,255
다사458440,80,80,구로2동,6.153,0.91,3.5,1,1,10.563,479
다사401420,111,111,항동,10,0,1,1,1,11,431
다사465432,56,56,구로3동,9.713,0,2,1,1,11.713,365
다사419452,255,255,개봉1동,9.635,0,2,1,1.041,12.112,290
다사436454,198,198,고척2동,6.577,0,3.5,1,1,10.077,520
다사428435,629,629,개봉3동,2.326,0,1.5,1,1.041,3.983,1081
다사427454,44,44,고척2동,9.389,0,1,1,1,10.389,497
다사452459,46,46,신도림동,3.859,0,2,1,1.041,6.099,897
다사455431,264,264,가리봉동,1.33,1.43,1.5,1,1.041,4.435,1034
다사463434,349,349,구로3동,6.072,0,3.5,1,1,9.572,572
다사399445,332,332,수궁동,10,0,4,1.095,1,15.33,17
다사417427,603,603,오류2동,10,0,4,1.095,1,15.33,17
다사417447,488,488,개봉1동,8.297,0,1.5,1,1,9.797,551
다사448454,792,792,신도림동,10,0,4,1,1,14,79
다사422445,647,647,개봉1동,4.756,0.625,4.5,1,1.041,10.286,504
다사452462,384,384,신도림동,4.797,0,3,1.095,1,8.538,663
다사398430,232,232,항동,9.715,0,2.5,1,1,12.215,284
다사419445,339,339,오류1동,1.397,0,2.5,1,1.041,4.057,1072
다사422427,251,251,오류2동,3.694,0,2.5,1.095,1,6.782,839
다사455452,N/A,0,신도림동,0,0,1,1,1,1,1330
다사425446,359,359,개봉1동,7.437,0,3.5,1,1.041,11.385,403
다사459444,444,444,구로5동,0.104,0,3.5,1,1.041,3.752,1102
다사453439,419,419,구로2동,2.249,0,4,1,1.041,6.505,864
다사429432,458,458,개봉3동,0.473,0,2.5,1,1.041,3.095,1155
다사437451,59,59,고척1동,3.139,0.555,3.5,1,1,7.194,793
다사436438,113,113,개봉2동,4.805,0,2.5,1,1,7.305,781
다사402421,N/A,0,항동,0,0,2,1,1,2,1227
다사427430,435,435,개봉3동,10,0,3,1,1,13,202
다사459428,235,235,가리봉동,0.207,0,1.5,1,1.041,1.777,1250
다사458434,707,707,구로4동,1.038,0,3.5,1,1,4.538,1026
다사404434,153,153,오류2동,9.318,0,1.5,1,1,10.818,457
다사415425,508,508,오류2동,8.898,0,3,1.095,1,13.028,200
다사420428,320,320,오류2동,10,0,3.5,1.095,1,14.782,46
다사426437,477,477,개봉2동,5.212,0,3.5,1,1.041,9.069,618
다사455437,8,8,구로2동,8.808,0,3.5,1,1.041,12.813,227
다사426449,290,290,고척2동,4.8,0.15,2,1,1.041,7.235,789
다사450451,N/A,0,구로2동,0,0.135,2.5,1,1,2.635,1188
다사425450,169,169,고척2동,4.324,0.225,2,1,1.041,6.818,835
다사397420,56,56,항동,10,0,2,1,1,12,310
다사455457,845,845,신도림동,10,0,4,1,1,14,79
다사458455,449,449,신도림동,10,0,3,1.095,1,14.235,62
다사417431,189,189,오류2동,10,0,5,1.095,1,16.425,3
다사406444,303,303,수궁동,6.033,0,2,1,1,8.033,705
다사423445,N/A,0,개봉1동,0,0,1.5,1,1,1.5,1267
다사455442,317,317,구로2동,0.819,0,3,1,1.041,3.976,1082
다사460437,638,638,구로4동,1.955,0.21,2,1,1.041,4.336,1042
다사461447,780,780,구로5동,10,0,3,1.095,1,14.235,62
다사403423,209,209,항동,10,0,2,1,1,12,310
다사453432,243,243,가리봉동,0.098,0,2.5,1,1.041,2.705,1182
다사462455,N/A,0,구로5동,0,0,2.5,1,1,2.5,1200
다사401423,403,403,항동,10,0,2,1.095,1,13.14,140
다사422428,276,276,오류2동,9.825,0,4,1.095,1,15.138,32
다사430455,75,75,고척2동,5.857,0,1,1,1,6.857,832
다사447454,N/A,0,구로2동,0,0.525,2,1,1,2.525,1197
다사425454,154,154,고척2동,5.452,0,2,1,1.041,7.758,736
다사447432,121,121,구로1동,10,0,1,1,1,11,431
다사448432,604,604,구로1동,9.855,0,1.5,1,1,11.355,405
다사405447,130,130,수궁동,9.879,0,2.5,1,1,12.379,276
다사430454,151,151,고척2동,4.507,0,2,1,1.041,6.774,840
다사448453,100,100,구로2동,9.749,0,4,1,1,13.749,93
다사422447,118,118,개봉1동,4.5,0,3,1,1.041,7.807,733
다사464423,417,417,가리봉동,9.052,0,4,1.095,1,14.292,58
다사461454,N/A,0,구로5동,0,0.05,3.5,1,1,3.55,1121
다사426451,390,390,고척2동,0.468,0,2,1,1.041,2.569,1194
다사404422,532,532,항동,10,0,1,1.095,1,12.045,294
다사411441,342,342,수궁동,3.119,0,3.5,1,1.041,6.89,828
다사400439,169,169,수궁동,9.984,0,2,1.095,1.041,13.661,105
다사456431,191,191,구로2동,2.747,1.365,2.5,1,1.041,6.883,830
다사397439,293,293,수궁동,6.621,0,2.5,1,1,9.121,612
다사433437,1235,1235,개봉2동,10,0,3,1,1,13,202
다사436451,429,429,고척1동,4.682,0.715,4,1,1,9.397,587
다사410446,7,7,수궁동,10,0,1,1,1.041,11.451,386
다사400422,104,104,항동,10,0,1,1.095,1,12.045,294
다사434437,877,877,개봉2동,4.443,0,2.5,1,1.041,7.228,790
다사458438,405,405,구로2동,6.72,0,2.5,1,1.041,9.598,569
다사458445,397,397,구로5동,1.893,0,3.5,1.095,1.041,6.147,890
다사416433,207,207,오류2동,9.399,0,4,1.095,1.041,15.273,30
다사438447,451,451,고척1동,4.365,0,4,1.095,1,9.16,610
다사409439,37,37,오류2동,9.984,0,1.5,1,1,11.484,383
다사417423,595,595,오류2동,10,0,4,1,1,14,79
다사413434,156,156,오류2동,8.749,0,3.5,1,1,12.249,281
다사469430,158,158,구로3동,2.286,0,3.5,1.095,1,6.336,880
다사399447,N/A,0,수궁동,0,0,1,1,1,1,1330
다사461434,696,696,구로3동,9.592,0.515,3.5,1,1,13.607,110
다사428457,462,462,고척2동,9.034,0,3.5,1,1.041,13.048,199
다사414442,408,408,오류1동,2.833,0,3,1.095,1,6.387,875
다사416439,694,694,오류2동,7.534,0.455,4,1,1,11.989,332
다사433443,33,33,개봉1동,3.596,0.715,4,1,1,8.311,683
다사417441,380,380,오류1동,7.516,1.315,4,1.095,1,14.05,78
다사423442,656,656,오류1동,3.436,0,1,1.095,1,4.857,999
다사433433,101,101,개봉3동,5.197,0,1,1,1.041,6.451,869
다사417430,219,219,오류2동,7.558,0,4,1.095,1,12.656,237
다사418435,236,236,오류2동,7.247,0,3,1,1.041,10.667,471
다사419436,572,572,오류2동,6.901,0,3,1.095,1,10.842,453
다사466432,153,153,구로3동,10,0.37,3,1.095,1,14.64,51
다사407438,67,67,오류2동,10,0,2,1,1,12,310
다사453436,144,144,구로2동,7.328,0.555,3,1,1.041,11.329,408
다사425439,162,162,개봉2동,1.311,0,2.5,1,1,3.811,1098
다사457450,132,132,구로5동,4.685,0,3,1,1.041,8,707
다사429445,122,122,개봉1동,2.552,0,2,1.095,1.041,5.189,967
다사417434,392,392,오류2동,9.728,0,3,1.095,1,13.937,86
다사425436,38,38,개봉2동,7.377,0,1.5,1,1,8.877,636
다사406437,N/A,0,오류2동,0,0,2,1,1,2,1227
다사410435,210,210,오류2동,10,0,3,1,1.041,13.533,115
다사426431,413,413,개봉3동,5.099,0.295,4,1,1.041,9.779,554
다사436452,571,571,고척1동,10,0,4,1.095,1.041,15.959,7
다사457444,130,130,구로2동,2.488,0,2,1,1.041,4.672,1016
다사457439,79,79,구로2동,9.539,0,2.5,1,1.041,12.533,251
다사427455,627,627,고척2동,3.746,0,3.5,1,1,7.246,788
다사413435,163,163,오류2동,8.808,0,1.5,1.095,1.041,11.75,359
다사401450,N/A,0,수궁동,0,0,1,1,1,1,1330
다사432438,942,942,개봉2동,9.065,0,4,1,1,13.065,197
다사397442,378,378,수궁동,1.982,0,2,1,1.041,4.145,1063
다사432437,665,665,개봉2동,4.48,0,3.5,1,1.041,8.307,684
다사412434,93,93,오류2동,6.814,0,4,1,1,10.814,458
다사460450,41,41,구로5동,9.32,0,3.5,1,1,12.82,226
다사422444,598,598,오류1동,7.426,1.875,4,1.095,1,14.565,52
다사452457,129,129,신도림동,5.636,0,3,1,1.041,8.99,627
다사412445,70,70,오류1동,7.607,0,1.5,1,1,9.107,614
다사431445,8,8,고척1동,3.072,1.155,3.5,1,1,7.727,738
다사463439,452,452,구로4동,0.104,0,4,1,1.041,4.272,1051
다사429439,541,541,개봉2동,1.216,0,4,1,1.041,5.43,951
다사439448,112,112,고척1동,3.282,0.835,3,1,1.041,7.409,773
다사468426,692,692,구로3동,2.11,0.755,4,1.095,1.041,7.825,731
다사402440,248,248,수궁동,7.484,0,1,1,1,8.484,668
다사458458,678,678,신도림동,6.648,0,4,1,1,10.648,472
다사399427,217,217,항동,10,0,2,1.095,1,13.14,140
다사421445,262,262,오류1동,5.911,0,3,1,1.041,9.276,600
다사429437,457,457,개봉2동,1.665,0,4,1,1.041,5.897,917
다사413432,133,133,오류2동,9.991,0,2.5,1.095,1.041,14.238,61
다사429456,30,30,고척2동,7.628,0,2.5,1,1.041,10.543,481
다사452454,1074,1074,신도림동,9.892,0,3.5,1.095,1,14.664,50
다사452435,104,104,구로2동,5.712,0,1,1,1.041,6.987,815
다사463452,27,27,구로5동,3.378,0,2.5,1,1.041,6.119,894
다사458446,115,115,구로5동,1.624,0.94,2.5,1,1.041,5.272,963
다사460434,595,595,구로4동,10,0.5,3.5,1.095,1,15.33,17
다사435439,80,80,개봉2동,7.466,0,4,1,1,11.466,384
다사456446,172,172,구로5동,5.346,0,3.5,1,1.041,9.209,607
다사432435,167,167,개봉3동,1.469,0,2,1,1,3.469,1127
다사435448,591,591,고척1동,10,0,4,1.095,1,15.33,17
다사449438,733,733,구로1동,10,0,4,1.095,1,15.33,17
다사398439,116,116,수궁동,1.544,0,1.5,1,1.041,3.169,1149
다사405446,542,542,수궁동,5.166,0,4,1.095,1,10.037,525
다사428434,691,691,개봉3동,2.248,0,2.5,1,1.041,4.943,988
다사405435,119,119,오류2동,6.439,0,1,1,1,7.439,770
다사450434,36,36,구로1동,9.4,0,1,1,1,10.4,496
다사452431,42,42,가리봉동,6.199,0,1,1,1.041,7.494,762
다사429441,967,967,개봉2동,9.654,0,4,1.095,1,14.951,38
다사458436,195,195,구로2동,1.079,0.185,3,1,1.041,4.439,1033
다사408442,216,216,수궁동,2.653,0,2,1,1,4.653,1018
다사438448,583,583,고척1동,5.621,0,4,1.095,1,10.535,483
다사422450,154,154,개봉1동,7.308,1.365,3,1,1.041,12.152,287
다사444440,249,249,구로1동,10,0,2.5,1.095,1,13.688,94
다사413440,171,171,수궁동,10,0,2.5,1,1.041,13.013,201
다사457440,254,254,구로2동,8.985,1.11,3,1.095,1,14.339,56
다사448443,298,298,구로1동,10,0,4,1.095,1,15.33,17
다사433454,369,369,고척2동,5.394,0,4,1,1,9.394,588
다사437448,797,797,고척1동,4.204,0.715,3.5,1,1,8.419,673
다사456457,310,310,신도림동,10,0.135,3.5,1.095,1,14.93,40
다사463453,10,10,구로5동,3.635,0,3,1,1,6.635,853
다사429442,996,996,개봉1동,10,0,2.5,1.095,1,13.688,94
다사429443,N/A,0,개봉1동,0,0,2.5,1,1,2.5,1200
다사462449,843,843,구로5동,1.998,0.555,4,1.095,1,7.176,797
다사420439,189,189,오류2동,0.919,0.25,4,1,1.041,5.381,957
다사464439,48,48,구로4동,2.006,0,3,1,1,5.006,982
다사429447,356,356,개봉1동,5.362,0,1.5,1,1.041,7.143,801
다사416445,155,155,오류1동,6.336,0,4,1,1.041,10.76,462
다사416428,342,342,오류2동,9.475,0,3.5,1,1,12.975,217
다사403424,707,707,항동,10,0,2,1.095,1,13.14,140
다사421443,557,557,오류1동,4.408,1.11,2.5,1.095,1,8.78,647
다사423444,563,563,오류1동,8.582,0,3,1.095,1,12.682,233
다사426445,106,106,개봉1동,8.45,0.835,2.5,1,1.041,12.268,280
다사450455,67,67,신도림동,5.875,0,3,1,1.041,9.239,604
다사398442,N/A,0,수궁동,0,0,0,1,1,0,1725
다사401438,103,103,수궁동,2.573,1,2.5,1,1,6.073,900
다사414426,44,44,오류2동,8.964,0,2,1.095,1,12.006,307
다사432452,578,578,고척2동,9.572,0,3.5,1.095,1,14.314,57
다사453437,206,206,구로2동,5.131,1,3.5,1,1.041,10.026,529
다사417445,868,868,오류1동,9.792,0,2.5,1.095,1,13.46,127
다사456433,288,288,구로4동,3.96,1.6,3,1,1.041,8.911,632
다사425455,157,157,고척2동,3.183,0,2.5,1,1.041,5.916,913
다사417448,786,786,개봉1동,0.624,0,3.5,1,1,4.124,1066
다사455447,1157,1157,구로5동,5.083,0,3,1.095,1,8.851,640
다사404431,N/A,0,항동,0,0,1,1,1,1,1330
다사452439,297,297,구로2동,8.371,0,4,1,1.041,12.878,223
다사425441,391,391,개봉2동,1.796,0,3,1,1.041,4.993,985
다사418425,572,572,오류2동,10,0,3,1.095,1,14.235,62
다사448450,N/A,0,구로2동,0,0,1.5,1,1,1.5,1267
다사458426,120,120,가리봉동,5.526,0.455,3,1.095,1.041,10.237,508
다사461428,221,221,가리봉동,1.077,0,2,1,1.041,3.203,1146
다사428452,242,242,고척2동,2.179,0,3,1,1.041,5.391,955
다사438442,484,484,고척1동,9.091,0,3.5,1.095,1,13.787,89
다사454430,81,81,가리봉동,3.095,0,1,1,1.041,4.263,1053
다사434452,281,281,고척2동,6.949,0,3,1.095,1,10.894,449
다사460432,341,341,구로3동,1.218,0.63,2.5,1,1,4.348,1041
다사464438,564,564,구로4동,5.715,0,3,1,1,8.715,652
다사429446,331,331,개봉1동,2.549,0,1.5,1,1.041,4.215,1057
다사455446,13,13,구로5동,4.44,0.225,3,1,1,7.665,743
다사422438,101,101,오류2동,4.876,0,2.5,1,1.041,7.678,742
다사454433,464,464,구로2동,6.365,0.715,1.5,1,1.041,8.932,630
다사436447,136,136,고척1동,5.347,0,2.5,1,1,7.847,729
다사466423,274,274,구로3동,4.018,0,3.5,1,1,7.518,757
다사410447,74,74,수궁동,8.821,0,1,1,1.041,10.224,510
다사437440,520,520,개봉1동,10,0,4,1.095,1,15.33,17
다사401421,65,65,항동,10,0,2,1,1,12,310
다사427440,406,406,개봉2동,4.13,0,4,1,1.041,8.463,669
다사401427,637,637,항동,10,0,2,1.095,1,13.14,140
다사429435,531,531,개봉3동,2.049,0.625,3,1.095,1.041,6.468,868
다사433435,319,319,개봉2동,4.509,0,1.5,1.095,1.041,6.85,834
다사437447,N/A,0,고척1동,0,0.555,4,1,1,4.555,1025
다사402424,748,748,항동,10,0,2,1.095,1,13.14,140
다사424427,819,819,개봉3동,10,0,2.5,1,1,12.5,255
다사398421,239,239,항동,10,0,2,1.095,1,13.14,140
다사426450,193,193,고척2동,1.989,0.315,2.5,1,1.041,5.001,983
다사461435,42,42,구로4동,5.164,0.5,3,1,1.041,9.019,625
다사398438,205,205,수궁동,0.4,0.435,2,1,1.041,2.951,1169
다사400437,405,405,수궁동,8.798,0,3.5,1,1,12.298,279
다사456448,298,298,구로5동,9.883,0,3,1,1.041,13.411,130
다사459433,353,353,구로4동,5.724,0.96,3.5,1,1,10.184,514
다사459451,395,395,구로5동,10,0,3,1.095,1,14.235,62
다사417437,370,370,오류2동,5.566,0.285,4,1,1,9.851,548
다사455454,593,593,신도림동,8.579,0.12,3.5,1.095,1,13.358,134
다사466425,549,549,구로3동,7.844,0,4,1.095,1,12.969,219
다사468427,427,427,구로3동,3.291,0,3.5,1.095,1,7.436,771
다사457448,301,301,구로5동,4.888,0,3.5,1,1.041,8.732,650
다사403439,N/A,0,수궁동,0,0,1,1,1,1,1330
다사432455,366,366,고척2동,10,0,3.5,1.095,1,14.782,46
다사457458,420,420,신도림동,7.975,0,3,1,1,10.975,443
다사402444,90,90,수궁동,5.922,0,1,1,1,6.922,825
다사448442,438,438,구로1동,8.448,0,4,1.095,1,13.631,108
다사424456,53,53,고척2동,8.691,0,1,1,1,9.691,560
다사448440,378,378,구로1동,9.376,0,3,1.095,1,13.552,114
다사452455,520,520,신도림동,8.261,0,2.5,1.095,1,11.783,356
다사456442,260,260,구로2동,1.715,0,2,1,1.041,3.867,1093
다사462439,233,233,구로4동,0.237,0.75,3,1,1.041,4.15,1062
다사413427,263,263,오류2동,0.426,0,2.5,1.095,1,3.204,1145
다사469426,369,369,구로3동,3.695,0.6,4,1.095,1,9.083,617
다사436453,794,794,고척2동,7.988,0,3.5,1.095,1,12.579,249
다사415429,267,267,오류2동,4.855,0,2,1,1,6.855,833
다사418421,189,189,오류2동,10,0,3,1.095,1,14.235,62
다사418449,201,201,개봉1동,4.83,0,3,1,1.041,8.151,695
다사419438,183,183,오류2동,0.753,0,3,1,1.041,3.907,1090
다사465436,331,331,구로3동,6.033,0,1,1,1,7.033,810
다사429430,213,213,개봉3동,6.505,0,1.5,1,1.041,8.333,682
다사462442,867,867,구로4동,7.969,0,4,1.095,1,13.106,193
다사413433,227,227,오류2동,6.905,0,3,1,1,9.905,544
다사452458,34,34,신도림동,1.541,0,2.5,1,1.041,4.207,1058
다사403440,294,294,수궁동,4.754,0,1,1.095,1,6.301,881
다사413436,38,38,오류2동,10,0,1,1,1,11,431
다사423446,288,288,개봉1동,7.619,0,3,1,1.041,11.054,426
다사426430,1091,1091,개봉3동,5.76,0,3.5,1,1.041,9.64,566
다사427449,316,316,고척2동,0.688,0.835,1.5,1,1.041,3.147,1151
다사435438,359,359,개봉2동,4.487,0,2.5,1,1,6.987,815
다사399422,215,215,항동,10,0,2,1.095,1,13.14,140
다사461432,451,451,구로3동,7.903,0,3.5,1,1,11.403,401
다사449458,12,12,신도림동,4.109,0,1,1,1,5.109,971
다사459457,376,376,신도림동,2.481,0,3.5,1.095,1,6.549,862
다사420443,337,337,오류1동,6.478,0.795,3,1.095,1,11.249,414
다사442448,101,101,고척1동,5.943,0,1,1,1.041,7.228,790
다사416434,435,435,오류2동,5.184,0,4,1,1.041,9.561,573
다사452434,119,119,구로2동,1.879,0,2,1,1.041,4.038,1073
다사469427,574,574,구로3동,0.622,0.485,4,1.095,1,5.592,938
다사414436,338,338,오류2동,6.562,0,0,1.095,1,7.185,796
다사460430,271,271,구로3동,1.806,0,3,1,1,4.806,1008
다사407436,213,213,오류2동,10,0,1,1.095,1,12.045,294
다사455453,70,70,신도림동,10,0,3.5,1.095,1.041,15.389,16
다사460445,66,66,구로5동,8.555,0,2,1,1.041,10.988,442
다사403426,259,259,항동,10,0,3,1.095,1.041,14.819,43
다사412435,6,6,오류2동,6.87,0,3,1,1.041,10.275,506
다사416437,420,420,오류2동,7.231,0,4,1,1,11.231,415
다사454449,508,508,구로5동,9.153,1.19,4,1.095,1,15.706,13
다사427439,609,609,개봉2동,0.29,0,3.5,1,1.041,3.945,1086
다사435445,11,11,고척1동,10,0,2,1,1,12,310
다사464436,318,318,구로3동,0.013,0,3,1,1.041,3.137,1152
다사401444,71,71,수궁동,3.128,0,1,1,1,4.128,1064
다사452444,200,200,구로2동,1.672,0,2.5,1.095,1.041,4.756,1010
다사406436,26,26,오류2동,9.167,0,1,1,1,10.167,516
다사447431,324,324,구로1동,10,0,1.5,1,1,11.5,374
다사448435,201,201,구로1동,7.148,0,3,1,1,10.148,518
다사440448,13,13,고척1동,6.535,0,1.5,1,1,8.035,704
다사463433,770,770,구로3동,3.214,0,3.5,1.095,1,7.352,777
다사449452,364,364,구로2동,10,0.075,2.5,1.095,1,13.77,90
다사404437,6,6,수궁동,6.808,0,1,1,1,7.808,732
다사413425,64,64,오류2동,10,0,1.5,1,1,11.5,374
다사428445,114,114,개봉1동,4.693,0,2.5,1,1.041,7.488,763
다사454431,246,246,가리봉동,0.003,0,2,1,1.041,2.085,1221
다사409435,373,373,오류2동,2.977,0,2.5,1,1,5.477,948
다사454450,211,211,구로5동,10,0,3,1,1,13,202
다사430435,197,197,개봉3동,5.721,0,2.5,1,1.041,8.558,661
다사452450,99,99,구로5동,5.285,0.315,2.5,1.095,1,8.87,638
다사459449,503,503,구로5동,6.974,0.455,3.5,1.095,1,11.967,340
다사401422,82,82,항동,10,0,2,1.095,1,13.14,140
다사425453,413,413,고척2동,3.336,0,2,1,1.041,5.555,943
다사462450,1290,1290,구로5동,4.796,0,4,1.095,1,9.632,567
다사406446,63,63,수궁동,5.713,0,2,1,1,7.713,740
다사431444,279,279,개봉1동,7.139,1,3.5,1,1,11.639,367
다사426440,454,454,개봉2동,4.551,0,3,1,1.041,7.861,728
다사456430,265,265,가리봉동,1.082,1.255,2,1,1.041,4.515,1030
다사411449,6,6,수궁동,6.587,0,1,1,1.041,7.898,721
다사419439,234,234,오류2동,2.311,0.68,4,1,1.041,7.278,786
다사399430,172,172,항동,7.93,0,3.5,1,1.041,11.899,347
다사429451,378,378,고척2동,2.851,0,3,1,1.041,6.091,899
다사436437,816,816,개봉2동,9.239,0,1.5,1.095,1,11.759,357
다사459436,386,386,구로4동,7.819,1.88,3,1,1.041,13.22,137
다사409434,331,331,오류2동,4.435,0,3,1,1,7.435,772
다사454446,161,161,구로2동,10,0,3,1.095,1.041,14.819,43
다사461437,298,298,구로4동,0.55,0,2,1,1.041,2.655,1187
다사422448,332,332,개봉1동,10,0.435,3.5,1.095,1.041,15.884,8
다사420426,N/A,0,오류2동,0,0,2,1,1,2,1227
다사432444,749,749,고척1동,10,0,3,1,1,13,202
다사449455,396,396,신도림동,9.444,0,3.5,1.095,1,14.174,76
다사420446,296,296,오류1동,4.21,0,2.5,1,1.041,6.985,817
다사458432,503,503,구로4동,0.16,0.19,3.5,1,1,3.85,1094
다사440450,310,310,고척1동,7.69,0,2.5,1,1.041,10.608,473
다사453462,76,76,신도림동,2.641,0,2,1.095,1,5.082,974
다사437450,297,297,고척1동,2.981,0.65,2.5,1.095,1,6.713,849
다사408438,193,193,오류2동,10,0,2.5,1,1,12.5,255
다사455458,822,822,신도림동,9.976,0,4,1.095,1,15.304,29
다사416432,54,54,오류2동,10,0,4,1,1,14,79
다사428448,314,314,고척2동,0.118,0,2,1,1.041,2.205,1218
다사457433,742,742,구로4동,0,0.2,3.5,1,1,3.7,1106
다사458444,312,312,구로5동,4.312,0.5,2.5,1,1.041,7.612,748
다사449439,716,716,구로1동,10,0,4,1.095,1,15.33,17
다사409447,233,233,수궁동,7.55,0,1.5,1.095,1,9.91,543
다사457435,140,140,구로4동,3.582,0.115,2.5,1,1,6.197,888
다사421427,236,236,오류2동,5.84,0,3,1.095,1,9.68,562
다사457436,446,446,구로2동,8.426,0,3,1,1.041,11.894,348
다사461441,201,201,구로4동,6.33,0,4,1.095,1,11.311,410
다사407449,N/A,0,수궁동,0,0,1,1,1.041,1.041,1290
다사423449,365,365,개봉1동,9.18,0.355,3,1,1.041,13.049,198
다사456456,805,805,신도림동,10,0,2.5,1.095,1,13.688,94
다사399426,517,517,항동,10,0,2,1.095,1,13.14,140
다사432447,N/A,0,고척1동,0,0,1.5,1,1.041,1.562,1261
다사431433,235,235,개봉3동,1.514,0.37,3.5,1,1.041,5.605,936
다사398444,125,125,수궁동,10,0,3,1,1,13,202
다사435441,758,758,개봉1동,10,0,2.5,1,1,12.5,255
다사453431,306,306,가리봉동,0,0,2,1,1.041,2.082,1222
다사419443,83,83,오류1동,1.024,0.65,3,1,1.041,4.866,998
다사399442,396,396,수궁동,10,0,3,1,1,13,202
다사458433,704,704,구로4동,0.294,0.415,3,1,1,3.709,1105
다사460453,555,555,구로5동,10,0,3.5,1,1,13.5,118
다사407435,36,36,오류2동,8.238,0,1,1,1,9.238,605
다사408444,462,462,수궁동,5.654,0,2.5,1,1,8.154,694
다사416436,565,565,오류2동,8.851,0.185,3,1,1,12.036,304
다사424447,803,803,개봉1동,4.133,0.715,3,1.095,1.041,8.946,629
다사405448,N/A,0,수궁동,0,0,1,1,1.041,1.041,1290
다사450448,40,40,구로2동,6.539,0,2,1,1.041,8.889,634
다사462443,990,990,구로5동,10,0.335,4,1.095,1,15.697,14
다사416440,399,399,오류1동,0.836,0.415,3,1.095,1,4.655,1017
다사449454,294,294,신도림동,3.487,0,4,1.095,1,8.198,689
다사449445,74,74,구로1동,4.525,0.715,2,1.095,1,7.928,714
다사402423,351,351,항동,10,0,2,1.095,1,13.14,140
다사427442,615,615,개봉2동,10,0,3,1.095,1,14.235,62
다사431446,91,91,고척1동,6.985,0,1.5,1,1.041,8.833,642
다사453452,714,714,신도림동,10,0,4,1.095,1,15.33,17
다사440451,157,157,고척1동,9.739,0,3,1.095,1,13.949,84
다사418430,139,139,오류2동,2.641,0,1.5,1.095,1,4.534,1027
다사458449,317,317,구로5동,0.399,0.5,3,1,1.041,4.059,1071
다사407450,14,14,수궁동,10,0,1,1,1.041,11.451,386
다사459435,347,347,구로4동,8.458,0,3,1,1.041,11.928,343
다사423453,350,350,고척2동,0.396,0,2.5,1,1.041,3.015,1159
다사404426,362,362,항동,10,0,2,1.095,1,13.14,140
다사415428,483,483,오류2동,9.276,0,3,1.095,1,13.442,129
다사416429,203,203,오류2동,5.664,0,2,1.095,1,8.392,676
다사423450,545,545,개봉1동,2.992,0,3,1,1.041,6.238,886
다사431439,869,869,개봉2동,4.766,0,3.5,1.095,1,9.051,620
다사451458,255,255,신도림동,8.752,0.835,2.5,1,1.041,12.583,248
다사414435,95,95,오류2동,3.795,0,1.5,1,1.041,5.512,945
다사437443,257,257,고척1동,9.637,0,2.5,1,1,12.137,288
다사438445,9,9,고척1동,4.347,0,3,1,1,7.347,778
다사465425,N/A,0,구로3동,0,0,3,1,1,3,1161
다사395442,232,232,수궁동,6.882,0,1,1,1,7.882,724
다사413431,234,234,오류2동,9.989,0,2.5,1,1,12.489,268
다사415440,134,134,오류1동,10,0,3,1,1.041,13.533,115
다사425440,460,460,개봉2동,5.517,0,3,1,1.041,8.866,639
다사436455,N/A,0,고척2동,0,0,1,1,1,1,1330
다사426442,N/A,0,개봉2동,0,0,2,1,1,2,1227
다사408432,280,280,오류2동,5.181,0,2,1.095,1,7.863,725
다사419449,334,334,개봉1동,3.241,0,2,1,1.041,5.456,950
다사404444,16,16,수궁동,9.857,0,1,1,1,10.857,452
다사410434,352,352,오류2동,6.378,0,3,1.095,1,10.269,507
다사425429,N/A,0,개봉3동,0,0,2,1,1,2,1227
다사414432,318,318,오류2동,9.491,0,3,1.095,1,13.678,104
다사430448,216,216,개봉1동,2.25,0,2,1,1.041,4.424,1035
다사461424,288,288,가리봉동,4.235,1.565,3,1.095,1.041,10.031,528
다사418437,384,384,오류2동,1.835,0.18,3,1,1.041,5.221,965
다사434435,524,524,개봉2동,10,0,1.5,1,1,11.5,374
다사416444,204,204,오류1동,3.333,0,3,1,1.041,6.593,857
다사426447,352,352,개봉1동,1.73,0,1.5,1,1.041,3.362,1131
다사409441,429,429,수궁동,1.766,0,2,1,1.041,3.92,1088
다사430431,92,92,개봉3동,6.013,0,1,1,1.041,7.301,782
다사435446,N/A,0,고척1동,0,0,1.5,1,1,1.5,1267
다사453440,310,310,구로2동,0.769,0,3,1,1.041,3.924,1087
다사459437,167,167,구로2동,4.43,0.335,2,1,1.041,7.042,808
다사461446,955,955,구로5동,10,0.28,3,1.095,1,14.542,54
다사469428,15,15,구로3동,5.079,1.315,3,1,1,9.394,588
다사419451,580,580,개봉1동,5.052,0,2.5,1,1.041,7.862,726
다사458448,215,215,구로5동,1.97,0.59,3,1,1.041,5.788,920
다사427431,965,965,개봉3동,7.035,0,3,1,1,10.035,526
다사441448,275,275,고척1동,2.067,0,2,1,1.041,4.234,1055
다사457446,273,273,구로5동,3.815,0,2,1,1.041,6.053,905
다사399444,692,692,수궁동,10,0.835,3,1.095,1,15.149,31
다사406453,N/A,0,수궁동,0,0,1,1,1.041,1.041,1290
다사459424,N/A,0,가리봉동,0,0,1,1,1,1,1330
다사463438,237,237,구로4동,0.528,0.28,3,1,1.041,3.964,1084
다사419447,906,906,개봉1동,7.64,0,2.5,1,1,10.14,519
다사449442,6,6,구로1동,3.755,0,2.5,1,1,6.255,885
다사453458,7,7,신도림동,7.687,0,2.5,1,1,10.187,513
다사457438,407,407,구로2동,2.224,0,2.5,1,1.041,4.918,995
다사459459,492,492,신도림동,10,0,1.5,1.095,1,12.593,243
다사448439,817,817,구로1동,7.97,0,3,1.095,1,12.012,305
다사446450,N/A,0,구로2동,0,0,1.5,1,1,1.5,1267
다사454437,477,477,구로2동,6.669,0,2,1,1.041,9.024,624
다사461427,234,234,가리봉동,0.571,0,2,1,1.041,2.676,1184
다사460438,271,271,구로4동,1.605,0.265,2,1,1.041,4.029,1076
다사433439,283,283,개봉2동,7.835,0.18,3,1,1,11.015,428
다사433450,167,167,고척1동,3.365,0,2.5,1,1.041,6.105,895
다사439453,132,132,고척1동,5.201,0,1.5,1,1.041,6.976,819
다사452437,338,338,구로2동,1.748,0,2,1,1.041,3.902,1092
다사421447,395,395,개봉1동,2.821,0,3,1,1.041,6.06,902
다사417443,470,470,오류1동,1.811,0,3,1.095,1.041,5.484,947
다사417446,514,514,오류1동,7.121,0,2,1,1.041,9.495,579
다사456460,748,748,신도림동,4.963,0,2,1.095,1,7.624,747
다사463440,85,85,구로4동,7.079,0,3,1,1.041,10.492,490
다사468431,399,399,구로3동,9.369,0.335,2.5,1.095,1,13.363,132
다사458437,400,400,구로2동,5.308,0.5,2.5,1,1.041,8.649,658
다사396418,297,297,항동,10,0,1.5,1,1,11.5,374
다사416446,977,977,오류1동,10,0,3,1.095,1,14.235,62
다사435451,32,32,고척1동,5.168,2.39,3,1,1.041,10.991,441
다사416431,587,587,오류2동,10,0,3,1,1,13,202
다사448431,216,216,구로1동,7.659,0,2,1,1,9.659,565
다사410442,164,164,수궁동,4.522,0,1.5,1,1,6.022,908
다사460435,1188,1188,구로4동,4.924,0,3,1.095,1.041,9.033,621
다사415430,414,414,오류2동,4.967,0,2.5,1.095,1,8.176,693
다사423451,523,523,개봉1동,4.452,1.155,2,1,1.041,7.919,716
다사429450,601,601,고척2동,3.803,0,2.5,1,1.041,6.561,860
다사412440,37,37,수궁동,7.622,0,2,1,1.041,10.017,530
다사422453,531,531,개봉1동,6.29,0,3,1.095,1.041,10.59,477
다사402449,N/A,0,수궁동,0,0,1,1,1,1,1330
다사452453,718,718,신도림동,10,0,2.5,1.095,1,13.688,94
다사457437,341,341,구로2동,9.418,0,2.5,1,1.041,12.407,275
다사429436,464,464,개봉2동,5.468,0,3,1,1.041,8.815,645
다사433440,43,43,개봉2동,6.341,1.25,2.5,1,1.041,10.505,487
다사464433,414,414,구로3동,3.849,0,3,1.095,1,7.5,761
다사466426,70,70,구로3동,9.564,0,3,1.095,1,13.758,92
다사409436,40,40,오류2동,10,0,2,1,1,12,310
다사418434,N/A,0,오류2동,0,0,1,1,1,1,1330
다사452445,1055,1055,구로2동,2.037,0,3,1,1,5.037,981
다사453443,309,309,구로2동,4.462,0.715,2,1,1.041,7.471,767
다사462438,270,270,구로4동,5.061,1.5,3,1,1.041,9.953,538
다사431435,355,355,개봉3동,0,0,2,1,1.041,2.082,1222
다사455445,440,440,구로2동,4.463,1.365,2.5,1,1.041,8.669,655
다사465435,266,266,구로3동,9.999,0,3,1.095,1,14.234,74
다사455461,786,786,신도림동,4.182,0,2,1.095,1,6.769,842
다사424443,345,345,오류1동,9.472,0,3,1,1,12.472,271
다사418423,184,184,오류2동,10,0,2.5,1,1,12.5,255
다사425427,313,313,개봉3동,2.501,0,3,1,1.041,5.727,926
다사400444,52,52,수궁동,1.572,0,3,1,1,4.572,1024
다사420451,268,268,개봉1동,0.828,0,2.5,1,1.041,3.464,1128
다사423452,425,425,고척2동,6.89,0,2.5,1,1.041,9.775,556
다사433452,792,792,고척2동,9.903,0,2.5,1.095,1,13.581,112
다사470428,79,79,구로3동,4.909,0.675,2.5,1,1,8.084,701
다사407442,310,310,수궁동,9.771,0,2,1.095,1,12.889,222
다사452452,157,157,신도림동,10,0.265,2.5,1,1,12.765,232
다사426428,219,219,개봉3동,2.229,0,2,1.095,1.041,4.821,1002
다사424431,N/A,0,개봉3동,0,0,1,1,1,1,1330
다사458435,355,355,구로4동,1.922,0,3,1,1,4.922,993
다사397438,58,58,수궁동,7.543,0,2,1,1,9.543,575
다사421439,369,369,오류2동,0.091,0,3,1,1.041,3.218,1142
다사426443,N/A,0,개봉1동,0,0,2.5,1,1,2.5,1200
다사414434,183,183,오류2동,4.694,0,2,1,1,6.694,850
다사428431,573,573,개봉3동,3.753,0.715,2,1,1.041,6.733,848
다사436448,283,283,고척1동,10,0,2,1.095,1,13.14,140
다사431436,237,237,개봉2동,0.035,0.18,3,1,1.041,3.347,1133
다사430442,432,432,개봉1동,10,0,2,1.095,1,13.14,140
다사443452,N/A,0,고척1동,0,0,1,1,1,1,1330
다사465423,303,303,가리봉동,7.193,0,3,1.095,1,11.161,417
다사447453,117,117,구로2동,1.661,0,2,1,1,3.661,1108
다사457459,362,362,신도림동,9.001,0,3,1,1,12.001,309
다사455439,21,21,구로2동,8.627,0,3,1,1.041,12.104,291
다사437449,593,593,고척1동,5.242,0,3,1.095,1,9.025,623
다사399431,304,304,항동,5.457,0,3,1,1,8.457,670
다사463432,6,6,구로3동,10,0,3,1,1,13,202
다사424451,352,352,고척2동,0.005,0.5,2,1,1.041,2.608,1193
다사422442,552,552,오류1동,7.631,0.625,3,1.095,1,12.325,278
다사408447,354,354,수궁동,4.394,0,2,1,1,6.394,874
다사421450,133,133,개봉1동,2.24,0.385,2,1,1.041,4.815,1004
다사424452,67,67,고척2동,4.153,0,2,1,1,6.153,889
다사426427,264,264,개봉3동,1.931,0,2,1,1.041,4.092,1068
다사426436,564,564,개봉2동,2.586,0,2.5,1.095,1.041,5.798,918
다사457441,225,225,구로2동,5.515,0,1.5,1,1,7.015,813
다사461452,165,165,구로5동,7.111,0.79,3,1.095,1.041,12.426,274
다사413445,401,401,오류1동,0.948,0,1.5,1,1.041,2.548,1195
다사418424,354,354,오류2동,10,0,3,1,1,13,202
다사436442,1155,1155,개봉1동,10,0,1.5,1.095,1,12.593,243
다사449435,666,666,구로1동,5.89,0.43,3,1.095,1,10.205,512
다사451449,19,19,구로2동,9.581,1.25,2,1,1.041,13.357,135
다사438450,294,294,고척1동,0.445,0.625,2.5,1,1.041,3.716,1104
다사407441,513,513,수궁동,10,0,3,1,1,13,202
다사415426,383,383,오류2동,9.822,0.205,2,1.095,1,13.17,138
다사425430,139,139,개봉3동,4.113,0,2,1,1.041,6.364,879
다사451452,N/A,0,구로2동,0,0,1.5,1,1.041,1.562,1261
다사461426,299,299,가리봉동,1.903,0,2,1,1.041,4.063,1070
다사417444,173,173,오류1동,6.208,0,3,1,1.041,9.586,570
다사456451,608,608,구로5동,10,0,2,1,1,12,310
다사408440,233,233,수궁동,7.068,1.665,2,1,1,10.733,464
다사411439,N/A,0,오류2동,0,0,1,1,1,1,1330
다사434443,580,580,개봉1동,8.663,0,3,1,1,11.663,366
다사413442,248,248,수궁동,9.125,0,2,1.095,1,12.182,285
다사401424,321,321,항동,10,0,2,1.095,1,13.14,140
다사427432,556,556,개봉3동,0.222,0,2,1,1.041,2.313,1213
다사458425,28,28,가리봉동,8.848,0,1.5,1.095,1.041,11.796,354
다사430449,334,334,개봉1동,10,0.225,2,1.095,1.041,13.935,87
다사433451,154,154,고척1동,7.288,0,3,1,1.041,10.71,466
다사409443,285,285,수궁동,10,0,1.5,1,1,11.5,374
다사453434,345,345,구로2동,0.207,0,1.5,1,1.041,1.777,1250
다사410436,25,25,오류2동,10,0,2,1,1.041,12.492,265
다사434436,658,658,개봉2동,9.879,0,2,1,1,11.879,350
다사450458,170,170,신도림동,9.046,0,1,1.095,1.041,11.451,386
다사430436,186,186,개봉2동,7.527,1,2,1,1,10.527,484
다사416426,N/A,0,오류2동,0,0,2,1,1,2,1227
다사452460,8,8,신도림동,2.038,0,2,1,1,4.038,1073
다사428446,220,220,개봉1동,2.132,0.5,1.5,1,1.041,4.301,1046
다사452441,302,302,구로2동,8.701,0,2,1,1.041,11.14,420
다사455433,399,399,구로2동,1.703,1.62,2,1,1.041,5.541,944
다사455448,327,327,구로5동,0.986,0,2.5,1,1.041,3.629,1114
다사453433,219,219,구로2동,0.328,0,2,1,1.041,2.423,1206
다사433442,113,113,개봉1동,8.996,1.085,1.5,1,1,11.581,371
다사396443,239,239,수궁동,6.281,0,1,1.095,1.041,8.3,685
다사414438,279,279,오류2동,10,0,2,1.095,1,13.14,140
다사458454,330,330,신도림동,10,0,3,1.095,1,14.235,62
다사398440,N/A,0,수궁동,0,0,1,1,1,1,1330
다사421451,160,160,개봉1동,3.905,0,2,1,1.041,6.147,890
다사463443,302,302,구로4동,10,0,2.5,1.095,1.041,14.249,60
다사453457,195,195,신도림동,6.41,0,3,1.095,1,10.304,503
다사415434,222,222,오류2동,3.512,0,2,1,1,5.512,945
다사426434,388,388,개봉3동,0.996,0,2,1,1,2.996,1167
다사407447,222,222,수궁동,5.51,0,2,1,1,7.51,760
다사426432,158,158,개봉3동,8.704,0,1,1,1,9.704,559
다사449431,309,309,구로1동,2.906,0,1,1,1,3.906,1091
다사456438,13,13,구로2동,10,0,1,1,1,11,431
다사453446,212,212,구로2동,3.802,0.415,2.5,1,1.041,6.992,814
다사459425,110,110,가리봉동,0.302,1.5,3,1,1.041,4.999,984
다사460451,315,315,구로5동,2.694,0,3,1,1,5.694,929
다사432448,133,133,고척1동,3.741,0,2,1,1.041,5.976,911
다사456445,128,128,구로2동,9.295,0,2,1,1.041,11.758,358
다사456449,370,370,구로5동,9.121,0,2,1.095,1.041,12.677,235
다사462452,352,352,구로5동,5.231,1.19,3,1.095,1.041,10.739,463
다사428449,137,137,고척2동,1.995,0,1.5,1,1.041,3.638,1112
다사420454,56,56,개봉1동,8.275,0,2,1,1.041,10.696,468
다사427456,487,487,고척2동,3.104,0,3,1,1,6.104,896
다사428455,348,348,고척2동,7.459,0,3,1,1.041,10.888,450
다사451453,1143,1143,신도림동,9.889,0,2.5,1.095,1,13.566,113
다사415443,411,411,오류1동,2.227,0,2.5,1,1.041,4.921,994
다사426439,541,541,개봉2동,1.937,0,2.5,1.095,1.041,5.058,977
다사445442,1286,1286,구로1동,9.561,0.315,3,1.095,1,14.099,77
다사420450,440,440,개봉1동,5.851,0,2.5,1,1.041,8.693,654
다사406447,36,36,수궁동,10,0,1.5,1,1,11.5,374
다사428451,232,232,고척2동,6.912,0.715,3,1,1.041,11.063,424
다사432439,452,452,개봉2동,5.82,0,3,1,1,8.82,644
다사465437,130,130,구로3동,4.865,0,1.5,1.095,1.041,7.255,787
다사429455,134,134,고척2동,1.028,0,1.5,1,1.041,2.632,1190
다사430443,183,183,개봉1동,10,0,2,1.095,1,13.14,140
다사468430,163,163,구로3동,1.741,0,2.5,1.095,1,4.644,1020
다사446438,369,369,구로1동,7.577,0,3,1,1,10.577,478
다사460443,N/A,0,구로5동,0,0.835,2,1,1,2.835,1172
다사400427,740,740,항동,10,0,2,1.095,1,13.14,140
다사415436,97,97,오류2동,4.689,0,2.5,1,1,7.189,794
다사462447,586,586,구로5동,8.737,0.59,2.5,1.095,1,12.951,220
다사430441,530,530,개봉2동,2.579,0,3,1,1,5.579,941
다사434451,173,173,고척1동,1.488,1,3,1,1.041,5.713,927
다사448449,N/A,0,구로2동,0,0.085,1,1,1,1.085,1289
다사407440,385,385,수궁동,10,0,2.5,1.095,1,13.688,94
다사421438,60,60,오류2동,4.151,0,2,1,1.041,6.403,873
다사452461,119,119,신도림동,2.857,0,1,1.095,1,4.223,1056
다사455429,158,158,가리봉동,1.189,0,2,1.095,1.041,3.635,1113
다사451459,73,73,신도림동,9.624,0,2,1,1.041,12.101,292
다사408443,418,418,수궁동,5.056,0,2,1.095,1,7.726,739
다사402433,212,212,항동,6.777,0,2,1,1,8.777,648
다사418446,266,266,오류1동,1.871,0,2,1,1.041,4.03,1075
다사432434,335,335,개봉3동,1.55,0,2,1,1.041,3.696,1107
다사447437,288,288,구로1동,7.466,0,2.5,1.095,1,10.913,448
다사431443,101,101,개봉1동,10,0,2,1,1,12,310
다사454441,147,147,구로2동,6.608,0.295,2.5,1,1.041,9.789,552
다사456452,518,518,구로5동,10,0,2,1,1,12,310
다사458452,32,32,구로5동,7.522,0,3,1.095,1,11.522,372
다사435442,885,885,개봉1동,10,0,1.5,1.095,1,12.593,243
다사457443,63,63,구로2동,3.142,0,1,1,1.041,4.312,1044
다사425449,205,205,고척2동,1.007,0.145,2,1,1.041,3.281,1138
다사440449,113,113,고척1동,4.828,0,2.5,1,1.041,7.628,746
다사462433,953,953,구로3동,10,0,3,1.095,1,14.235,62
다사397440,150,150,수궁동,3.31,0,2,1,1,5.31,960
다사419435,35,35,오류2동,5.473,0,2,1,1,7.473,765
다사454440,69,69,구로2동,4.658,1.5,2.5,1,1,8.658,657
다사455436,55,55,구로2동,6.961,0.805,2,1,1.041,10.166,517
다사460448,247,247,구로5동,9.984,0,2,1.095,1,13.122,191
다사420440,39,39,오류1동,2.61,0,3,1,1,5.61,934
다사407443,218,218,수궁동,4.787,0.625,2,1.095,1,8.116,697
다사459426,86,86,가리봉동,1.381,0.975,2.5,1,1.041,5.055,978
다사459458,183,183,신도림동,8.169,0,3,1.095,1,12.23,283
다사401439,400,400,수궁동,6.995,0,1.5,1.095,1,9.302,596
다사435454,201,201,고척2동,1.859,0,2.5,1,1,4.359,1039
다사416442,264,264,오류1동,0.952,0.225,2.5,1,1.041,3.828,1096
다사402443,226,226,수궁동,3.568,0,1.5,1,1,5.068,976
다사433455,375,375,고척2동,10,0,2,1.095,1,13.14,140
다사459448,791,791,구로5동,5.96,0,3,1.095,1.041,10.213,511
다사445441,642,642,구로1동,4.165,0,2.5,1.095,1,7.298,783
다사454456,1040,1040,신도림동,10,0,2,1.095,1,13.14,140
다사458442,235,235,구로2동,3.453,0,1,1,1.041,4.636,1021
다사459453,680,680,구로5동,9.501,0,3,1,1,12.501,254
다사408448,31,31,수궁동,9.637,0,1,1,1.041,11.073,422
다사462432,637,637,구로3동,10,0,3,1,1,13,202
다사447442,941,941,구로1동,10,0,3,1.095,1,14.235,62
다사419426,N/A,0,오류2동,0,0,2,1,1,2,1227
다사423438,143,143,오류2동,2.528,0,2,1,1.041,4.714,1013
다사453454,714,714,신도림동,9.965,0,2.5,1.095,1,13.649,107
다사448438,308,308,구로1동,7.247,0.115,3,1.095,1,11.346,407
다사459432,526,526,구로3동,2.563,1.4,3,1,1,6.963,822
다사455455,209,209,신도림동,8.484,0.835,2.5,1.095,1.041,13.472,126
다사432445,433,433,고척1동,10,0,2,1,1,12,310
다사436446,360,360,고척1동,9.984,0,2,1,1,11.984,334
다사454436,238,238,구로2동,1.87,2.03,2,1,1.041,6.142,892
다사460440,30,30,구로2동,8.439,0.835,2,1,1.041,11.736,361
다사400421,177,177,항동,10,0,2,1,1,12,310
다사426429,356,356,개봉3동,8.784,0,3,1,1,11.784,355
다사430452,144,144,고척2동,0.448,0.77,2,1,1.041,3.35,1132
다사415424,243,243,오류2동,10,0,2,1.095,1,13.14,140
다사453463,194,194,신도림동,6.847,0,2,1.095,1,9.687,561
다사428441,449,449,개봉2동,10,0,3,1,1,13,202
다사432451,250,250,고척1동,1.41,0,2,1,1.041,3.55,1121
다사432453,255,255,고척2동,1.939,0,2,1,1.041,4.1,1067
다사437452,301,301,고척1동,9.527,0,2,1,1.041,12,310
다사454438,232,232,구로2동,3.44,0.415,2.5,1,1.041,6.616,856
다사454458,675,675,신도림동,8.664,0,3,1.095,1,12.772,230
다사455441,294,294,구로2동,7.344,0.835,1.5,1,1.041,10.076,521
다사437442,688,688,개봉1동,10,0,2,1.095,1,13.14,140
다사401443,110,110,수궁동,3.228,0,2,1,1,5.228,964
다사453438,284,284,구로2동,1.655,0,3,1,1.041,4.846,1000
다사456436,168,168,구로2동,10,0.645,2,1,1.041,13.163,139
다사449436,1212,1212,구로1동,9.313,0,3,1.095,1,13.483,125
다사450456,142,142,신도림동,4.715,0,1.5,1,1.041,6.47,867
다사404446,165,165,수궁동,5.054,0,2,1,1.041,7.343,779
다사455440,301,301,구로2동,2.645,0,1,1,1.041,3.794,1100
다사454445,172,172,구로2동,5.58,0,2,1,1.041,7.891,722
다사408446,440,440,수궁동,2.528,0,1.5,1,1,4.028,1077
다사433444,229,229,고척1동,9.909,0,2,1,1,11.909,344
다사421426,N/A,0,오류2동,0,0,1,1,1,1,1330
다사400426,385,385,항동,10,0,1.5,1.095,1,12.593,243
다사415445,542,542,오류1동,8.309,0,2,1,1,10.309,502
다사431431,8,8,개봉3동,8.731,0,1.5,1,1,10.231,509
다사397443,321,321,수궁동,1.939,0,1.5,1,1.041,3.58,1119
다사434449,724,724,고척1동,10,0,3,1,1,13,202
다사401425,N/A,0,항동,0,0,2,1,1,2,1227
다사417438,378,378,오류2동,4.407,0,3,1.095,1,8.111,698
다사419444,177,177,오류1동,0.04,0.315,2,1.095,1.041,2.684,1183
다사439450,441,441,고척1동,0.43,0,2.5,1,1.041,3.05,1157
다사426438,470,470,개봉2동,5.364,0,2,1.095,1.041,8.394,675
다사402442,26,26,수궁동,7.378,0,1,1,1.041,8.721,651
다사402439,47,47,수궁동,3.774,0,1.5,1.095,1,5.775,922
다사442447,33,33,고척1동,5.319,0,1.5,1,1.041,7.099,805
다사422443,726,726,오류1동,4.471,1.75,3,1,1,9.221,606
다사435452,175,175,고척2동,10,0,3,1,1,13,202
다사428429,260,260,개봉3동,1.163,0,2.5,1,1.041,3.813,1097
다사446443,1350,1350,구로1동,5.404,0,2,1.095,1,8.107,699
다사453441,319,319,구로2동,0.91,0,1.5,1,1.041,2.509,1199
다사394420,277,277,항동,7.597,0,2,1.095,1,10.509,486
다사409433,220,220,오류2동,7.113,0,2,1,1,9.113,613
다사454444,193,193,구로2동,2.323,1.365,2,1,1.041,5.921,912
다사395419,236,236,항동,9.441,0,1,1.095,1,11.433,397
다사429431,403,403,개봉3동,5.285,0.455,2,1,1.041,8.057,702
다사434439,209,209,개봉2동,4.217,1.5,3,1.095,1.041,9.936,540
다사401437,91,91,수궁동,7.508,0.415,2.5,1.095,1,11.413,399
다사432443,525,525,개봉1동,10,0,3,1,1,13,202
다사467425,846,846,구로3동,2.253,0,3,1.095,1,5.752,924
다사458457,384,384,신도림동,5.515,0.28,3,1.095,1,9.631,568
다사429434,597,597,개봉3동,5.859,0,2,1,1.041,8.181,692
다사456461,592,592,신도림동,9.993,0,1,1.095,1,12.037,303
다사434442,843,843,개봉1동,10,0.355,2,1,1,12.355,277
다사446444,N/A,0,구로1동,0,0,2,1,1,2,1227
다사412432,268,268,오류2동,6.674,0,2,1,1.041,9.03,622
다사463435,374,374,구로3동,10,0,2,1.095,1,13.14,140
다사438452,306,306,고척1동,0.579,0,2.5,1,1.041,3.205,1144
다사437456,8,8,고척2동,10,0,0,1,1,10,534
다사419429,638,638,오류2동,10,0,2,1.095,1,13.14,140
다사420437,205,205,오류2동,7.035,0,2,1,1.041,9.405,585
다사410440,355,355,수궁동,4.051,0,2,1,1.041,6.299,882
다사398429,323,323,항동,10,0,2.5,1,1,12.5,255
다사429449,233,233,개봉1동,5.182,0,2,1,1.041,7.476,764
다사448444,974,974,구로1동,9.944,0,2,1.095,1,13.079,195
다사411433,100,100,오류2동,7.905,0,1,1,1,8.905,633
다사415431,190,190,오류2동,10,0,2,1.095,1,13.14,140
다사460454,757,757,구로5동,10,0,3,1.095,1,14.235,62
다사400429,54,54,항동,10,0,1.5,1,1.041,11.971,335
다사432457,206,206,고척2동,10,0,2,1,1,12,310
다사431434,442,442,개봉3동,1.905,0.385,2,1,1,4.29,1049
다사413446,66,66,오류1동,7.612,0,1,1,1.041,8.965,628
다사416435,232,232,오류2동,1.214,0.155,2,1,1,3.369,1130
다사423454,471,471,고척2동,0.219,0,2,1,1.041,2.31,1214
다사452443,361,361,구로2동,5.792,2.22,2,1,1.041,10.422,494
다사422452,379,379,개봉1동,3.137,0.715,2,1,1.041,6.092,898
다사424442,284,284,오류1동,10,0,1,1.095,1,12.045,294
다사458429,253,253,가리봉동,0,0,2,1,1.041,2.082,1222
다사442449,N/A,0,고척1동,0,0,1,1,1.041,1.041,1290
다사467432,261,261,구로3동,10,0,2,1.095,1,13.14,140
다사404443,114,114,수궁동,9.684,0,1,1,1,10.684,470
다사420445,264,264,오류1동,3.189,0,2,1,1.041,5.402,953
다사448436,444,444,구로1동,9.502,0,2,1.095,1,12.595,242
다사425452,254,254,고척2동,0.097,0,1.5,1,1.041,1.662,1256
다사426455,558,558,고척2동,8.055,0,1.5,1,1,9.555,574
다사440447,47,47,고척1동,7.266,1.315,1,1,1,9.581,571
다사449446,N/A,0,구로1동,0,0,2,1,1,2,1227
다사459439,441,441,구로2동,2.897,0,2,1,1.041,5.098,973
다사434441,N/A,0,개봉1동,0,1.175,2,1,1,3.175,1148
다사454454,580,580,신도림동,9.579,0,2.5,1.095,1,13.227,136
다사406442,482,482,수궁동,9.848,0,2,1,1,11.848,352
다사468425,507,507,구로3동,5.656,0,2,1.095,1,8.383,678
다사418442,466,466,오류1동,4.367,0,2,1.095,1,6.972,820
다사410428,N/A,0,오류2동,0,0,1,1,1,1,1330
다사433438,637,637,개봉2동,10,0,2,1.095,1,13.14,140
다사455428,9,9,가리봉동,8.876,0,0,1,1,8.876,637
다사418422,174,174,오류2동,10,0,2,1,1,12,310
다사436440,280,280,개봉1동,10,0,2,1,1,12,310
다사461439,92,92,구로4동,2.071,0.455,2,1,1.041,4.712,1014
다사462451,681,681,구로5동,2.056,0.715,3,1.095,1.041,6.578,859
다사419448,243,243,개봉1동,6.014,0,2,1,1,8.014,706
다사421446,404,404,개봉1동,2.354,0,2,1,1.041,4.533,1029
다사458451,N/A,0,구로5동,0,0.555,2,1,1.041,2.66,1186
다사455451,195,195,구로5동,10,0,2,1.095,1.041,13.679,102
다사457447,208,208,구로5동,5.357,0,2,1,1.041,7.659,745
다사458439,319,319,구로2동,3.146,0,2,1,1.041,5.357,959
다사459452,N/A,0,구로5동,0,0.835,2,1,1,2.835,1172
다사416443,389,389,오류1동,8.919,0,2,1.095,1.041,12.447,273
다사459447,156,156,구로5동,0,0.265,2,1,1.041,2.358,1210
다사462440,244,244,구로4동,2.192,0,2,1,1.041,4.364,1037
다사409440,532,532,수궁동,1.001,0,2,1,1.041,3.124,1154
다사463423,53,53,가리봉동,4.297,0,2,1,1.041,6.555,861
다사401435,128,128,수궁동,8.913,0,1.5,1,1,10.413,495
다사449432,25,25,구로1동,2.693,0,1.5,1,1,4.193,1059
다사418451,330,330,개봉1동,2.643,0,1.5,1,1.041,4.313,1043
다사447441,700,700,구로1동,9.983,0,2,1.095,1,13.121,192
다사456434,121,121,구로4동,5.172,0.755,1,1,1.041,7.211,792
다사414444,230,230,오류1동,4.747,0,2,1,1.041,7.024,812
다사403441,193,193,수궁동,7.358,0,1,1,1,8.358,679
다사430450,1045,1045,고척2동,9.804,0,2,1,1,11.804,353
다사452436,255,255,구로2동,0.169,0,2,1,1.041,2.258,1216
다사437445,118,118,고척1동,9.207,0,2,1,1,11.207,416
다사420429,407,407,오류2동,10,0,2,1.095,1,13.14,140
다사428447,339,339,개봉1동,1.284,0,1,1,1.041,2.378,1209
다사433456,127,127,고척2동,10,0,1.5,1,1.041,11.971,335
다사415427,163,163,오류2동,10,0,2,1,1,12,310
다사407444,228,228,수궁동,3.854,0.265,2,1,1.041,6.37,878
다사435450,447,447,고척1동,7.617,0.555,2,1,1,10.172,515
다사430440,71,71,개봉2동,5.89,0,2,1,1,7.89,723
다사431449,364,364,고척1동,9.227,0,2,1.095,1.041,12.798,228
다사447440,363,363,구로1동,8.605,0,2,1,1,10.605,474
다사428430,405,405,개봉3동,1.211,0,2,1,1.041,3.343,1134
다사431450,835,835,고척2동,8.629,0,2,1.095,1,11.639,367
다사395441,N/A,0,수궁동,0,0,1,1,1,1,1330
다사427446,290,290,개봉1동,0.847,0,1.5,1,1.041,2.443,1204
다사455450,798,798,구로5동,10,0,2,1.095,1,13.14,140
다사459446,210,210,구로5동,2.765,0,1,1.095,1.041,4.292,1048
다사415439,N/A,0,오류2동,0,0,2,1,1,2,1227
다사403425,449,449,항동,10,0,2,1.095,1,13.14,140
다사423448,569,569,개봉1동,7.591,0,2,1.095,1,10.502,488
다사427448,293,293,고척2동,5.079,0.68,1.5,1,1.041,7.557,754
다사428433,516,516,개봉3동,2.182,0,2,1,1.041,4.353,1040
다사407433,286,286,오류2동,4.971,0,2,1,1,6.971,821
다사427427,280,280,개봉3동,9.342,0,2,1.095,1.041,12.929,221
다사402425,585,585,항동,10,0,2,1.095,1,13.14,140
다사460447,733,733,구로5동,4.904,0.315,2,1.095,1,7.905,719
다사431454,158,158,고척2동,4.298,0,2,1,1,6.298,883
다사397444,20,20,수궁동,9.707,0,1,1,1,10.707,467
다사421440,201,201,오류2동,1.949,0.5,2,1,1.041,4.631,1022
다사452456,59,59,신도림동,5.618,0,1,1,1.041,6.889,829
다사414433,81,81,오류2동,5.274,0,2,1,1.041,7.572,752
다사455435,141,141,구로2동,5.676,1.6,1.5,1,1.041,9.136,611
다사458459,688,688,신도림동,8.38,0,2,1,1,10.38,499
다사454435,308,308,구로2동,5.132,0,1,1,1.041,6.383,876
다사457431,426,426,구로4동,0.427,2.5,2,1,1,4.927,992
다사446439,377,377,구로1동,9.066,0,2,1.095,1,12.117,289
다사402432,272,272,항동,4.934,0,2,1.095,1,7.593,749
다사430453,339,339,고척2동,0.53,0,2,1,1.041,2.634,1189
다사458431,394,394,구로3동,0.038,0.73,2,1,1,2.768,1177
다사452447,184,184,구로2동,5.24,0,1.5,1.095,1,7.38,774
다사398437,39,39,수궁동,5.174,0.625,1,1,1.041,7.078,806
다사400440,38,38,수궁동,10,0,1,1,1.041,11.451,386
다사407445,326,326,수궁동,1.266,0,2,1,1.041,3.4,1129
다사447443,408,408,구로1동,8.056,0,2,1,1,10.056,522
다사462436,37,37,구로4동,1.701,0.665,1,1,1.041,3.504,1124
다사396444,20,20,수궁동,9.685,0,1,1,1.041,11.123,421
다사409442,353,353,수궁동,2.576,0.625,2,1.095,1,5.695,928
다사450459,7,7,신도림동,10,0,1,1,1.041,11.451,386
다사404427,209,209,항동,10,0,1,1.095,1,12.045,294
다사410439,N/A,0,오류2동,0,0,1.5,1,1,1.5,1267
다사437441,854,854,개봉1동,10,0,1.5,1.095,1,12.593,243
다사459454,315,315,구로5동,10,0,2,1.095,1,13.14,140
다사418436,335,335,오류2동,0.791,0,2,1,1.041,2.905,1170
다사420442,219,219,오류1동,3.733,1.955,2,1.095,1,8.418,674
다사448448,N/A,0,구로2동,0,0,1,1,1,1,1330
다사449434,252,252,구로1동,8.052,0,1,1,1,9.052,619
다사457456,1087,1087,신도림동,10,0,2,1.095,1,13.14,140
다사451442,38,38,구로2동,10,0,1,1.095,1,12.045,294
다사428440,249,249,개봉2동,2.081,0,2,1,1.041,4.248,1054
다사448441,724,724,구로1동,10,0,2,1.095,1,13.14,140
다사461431,435,435,구로3동,10,0,2,1.095,1,13.14,140
다사447444,1174,1174,구로1동,9.398,0,2,1.095,1,12.481,269
다사417435,374,374,오류2동,7.07,0,2,1.095,1,9.932,541
다사399439,138,138,수궁동,7.842,0,1,1,1,8.842,641
다사428432,480,480,개봉3동,2.107,0,2,1,1.041,4.275,1050
다사437446,358,358,고척1동,10,0,2,1,1,12,310
다사422440,478,478,오류2동,1.626,0,2,1,1.041,3.775,1101
다사428450,254,254,고척2동,2.618,0,2,1,1.041,4.807,1006
다사441449,233,233,고척1동,7.927,0,1,1,1.041,9.293,598
다사455432,269,269,구로2동,0.614,0.555,1.5,1,1.041,2.778,1176
다사454457,487,487,신도림동,10,0,2,1.095,1,13.14,140
다사417450,104,104,개봉1동,10,0,1,1,1,11,431
다사455430,156,156,가리봉동,2.103,0,1,1,1.041,3.23,1141
다사467426,714,714,구로3동,1.783,0.295,2,1.095,1.041,4.648,1019
다사447452,7,7,구로2동,1.588,0.24,1,1,1,2.828,1174
다사460425,223,223,가리봉동,4.228,1.875,1.5,1,1.041,7.915,717
다사403432,233,233,항동,5.148,0,1.5,1,1,6.648,852
다사423441,36,36,오류1동,6.648,0,2,1,1,8.648,659
다사435437,1293,1293,개봉2동,3.387,0,2,1,1,5.387,956
다사448455,328,328,신도림동,10,0,2,1,1,12,310
다사414430,337,337,오류2동,3.367,0,2,1,1,5.367,958
다사410432,39,39,오류2동,10,0,0,1,1,10,534
다사433449,95,95,고척1동,3.18,0,2,1,1.041,5.392,954
다사461442,912,912,구로4동,8.226,0.65,2,1.095,1,11.909,344
다사460429,107,107,가리봉동,3.612,0.295,1.5,1,1.041,5.629,933
다사464424,158,158,가리봉동,0.916,0,2,1,1.041,3.036,1158
다사424453,466,466,고척2동,7.61,0,2,1,1.041,10.004,533
다사426456,418,418,고척2동,9.934,0,2,1,1,11.934,342
다사411440,165,165,수궁동,2.021,0.535,2,1,1.041,4.743,1011
다사402431,82,82,항동,7.741,0,1,1,1.041,9.099,615
다사455443,334,334,구로2동,3.201,0,1.5,1,1.041,4.894,997
다사427445,146,146,개봉1동,5.499,0,2,1.095,1.041,8.548,662
다사420453,N/A,0,개봉1동,0,0,1.5,1,1,1.5,1267
다사463424,455,455,가리봉동,0.125,0,2,1.095,1.041,2.422,1207
다사426452,385,385,고척2동,0.05,0,1.5,1,1.041,1.614,1259
다사455459,686,686,신도림동,5.564,0,2,1.095,1,8.283,687
다사460426,101,101,가리봉동,2.942,0.25,1,1,1.041,4.364,1037
다사420444,248,248,오류1동,1.4,2,1.5,1,1.041,5.101,972
다사427434,389,389,개봉3동,0,0,1.5,1,1.041,1.562,1261
다사449457,88,88,신도림동,4.424,0,1,1,1,5.424,952
다사399425,579,579,항동,10,0,1,1.095,1,12.045,294
다사405423,173,173,항동,10,0,1,1,1,11,431
다사457428,152,152,가리봉동,0.459,1.665,2,1,1.041,4.293,1047
다사440452,249,249,고척1동,7.398,0,2,1,1,9.398,586
다사455449,156,156,구로5동,6.369,0,2,1,1.041,8.712,653
다사460427,290,290,가리봉동,2.788,0,2,1,1.041,4.984,987
다사459427,222,222,가리봉동,1.126,0.525,1,1,1.041,2.76,1178
다사457454,928,928,신도림동,10,0,2,1.095,1,13.14,140
다사457452,911,911,구로5동,10,0,2,1.095,1,13.14,140
다사428443,826,826,개봉1동,8.297,0,2,1.095,1,11.275,413
다사397441,195,195,수궁동,8.543,0,1.5,1,1,10.043,524
다사438451,586,586,고척1동,5.619,0,2,1,1.041,7.931,713
다사457455,602,602,신도림동,10,0,2,1.095,1.041,13.679,102
다사417451,70,70,개봉1동,9.946,0,1,1,1.041,11.395,402
다사424432,N/A,0,개봉3동,0,0,1,1,1,1,1330
다사411434,479,479,오류2동,7.436,0,2,1,1,9.436,580
다사400442,153,153,수궁동,10,0,2,1,1,12,310
다사425448,270,270,개봉1동,2.263,0.24,2,1,1.041,4.688,1015
다사409438,154,154,오류2동,10,0,1,1,1.041,11.451,386
다사451448,40,40,구로2동,9.598,0,1,1,1.041,11.033,427
다사454453,318,318,신도림동,10,0,2,1.095,1,13.14,140
다사460436,377,377,구로4동,7.687,0.665,2,1,1,10.352,500
다사416438,384,384,오류2동,9.246,0.355,2,1,1,11.601,370
다사460424,39,39,가리봉동,0.959,0.625,1.5,1,1.041,3.21,1143
다사463431,N/A,0,구로3동,0,0,1.5,1,1,1.5,1267
다사464437,494,494,구로4동,5.721,1.11,2,1,1.041,9.193,608
다사412442,90,90,수궁동,8.956,0,2,1,1.041,11.405,400
다사431437,368,368,개봉2동,0.521,0,2,1.095,1.041,2.874,1171
다사462448,327,327,구로5동,2.27,0,1.5,1.095,1,4.128,1064
다사422454,466,466,고척2동,1.481,0,2,1,1.041,3.624,1115
다사407451,N/A,0,수궁동,0,0,1,1,1,1,1330
다사413443,287,287,오류1동,2.137,0,2,1,1.041,4.307,1045
다사418452,210,210,개봉1동,2.181,0,1,1,1.041,3.311,1136
다사463437,327,327,구로4동,5.548,2.5,1,1,1.041,9.419,582
다사399443,321,321,수궁동,10,0,2,1,1,12,310
다사410441,266,266,수궁동,0.96,0.18,2,1,1.041,3.269,1139
다사460441,397,397,구로4동,10,0,2,1.095,1,13.14,140
다사409437,6,6,오류2동,10,0,1,1,1,11,431
다사422439,377,377,오류2동,0.419,0,2,1,1.041,2.518,1198
다사395420,475,475,항동,5.302,0,1,1.095,1,6.901,827
다사429452,337,337,고척2동,3.124,1.25,2,1,1.041,6.635,853
다사431452,615,615,고척2동,7.362,0,2,1,1,9.362,591
다사456444,140,140,구로2동,8.536,0,2,1,1.041,10.968,444
다사428437,414,414,개봉2동,3.109,0.415,2,1,1.041,5.75,925
다사416424,181,181,오류2동,10,0,2,1.095,1,13.14,140
다사417425,410,410,오류2동,10,0,2,1.095,1,13.14,140
다사420447,368,368,개봉1동,5.719,0,1.5,1,1.041,7.515,759
다사456443,220,220,구로2동,1.103,0,1.5,1,1.041,2.71,1180
다사467424,700,700,구로3동,3.717,0,2,1.095,1,6.26,884
다사455444,72,72,구로2동,4.887,0.37,1.5,1,1.041,7.034,809
다사460444,65,65,구로5동,4.516,0,2,1,1.041,6.783,838
다사428428,169,169,개봉3동,8.015,0,2,1.095,1.041,11.416,398
다사408436,88,88,오류2동,10,0,2,1,1.041,12.492,265
다사467431,297,297,구로3동,10,0,2,1.095,1,13.14,140
다사412433,95,95,오류2동,5.535,0,2,1,1.041,7.844,730
다사418441,1002,1002,오류1동,1.823,1.565,2,1.095,1,5.9,916
다사430434,228,228,개봉3동,5.684,0,2,1,1.041,7.999,708
다사459430,600,600,구로3동,0.031,0.265,2,1,1,2.296,1215
다사409444,146,146,수궁동,10,0,1,1,1,11,431
다사424441,204,204,개봉2동,4.595,0,2,1,1.041,6.865,831
다사396442,233,233,수궁동,1.173,0,1.5,1,1,2.673,1185
다사428436,504,504,개봉2동,4.836,0,2,1,1.041,7.116,802
다사421454,192,192,개봉1동,0.769,0.385,2,1,1.041,3.283,1137
다사418444,43,43,오류1동,2.619,0,2,1,1.041,4.808,1005
다사406445,490,490,수궁동,0.401,0,2,1.095,1,2.629,1191
다사415423,47,47,오류2동,10,0,1,1.095,1,12.045,294
다사425431,58,58,개봉3동,2.618,0,2,1,1.041,4.807,1006
다사407439,241,241,오류2동,10,0,1,1,1,11,431
다사412443,N/A,0,수궁동,0,0,2,1,1.041,2.082,1222
다사423443,509,509,오류1동,1.802,0,2,1,1,3.802,1099
다사401440,40,40,수궁동,8.782,0,1,1,1,9.782,553
다사458427,50,50,가리봉동,3.033,1.21,2,1,1.041,6.499,865
다사458453,1023,1023,구로5동,9.845,0,2,1.095,1,12.97,218
다사402436,204,204,수궁동,10,0,1.5,1,1,11.5,374
다사414445,112,112,오류1동,7.418,0,1.5,1,1,8.918,631
다사415446,1006,1006,오류1동,10,0,2,1,1,12,310
다사424450,289,289,고척2동,3.965,0.21,2,1,1.041,6.428,872
다사461445,333,333,구로5동,4.053,0,2,1.095,1,6.628,855
다사406439,N/A,0,오류2동,0,0,1,1,1,1,1330
다사438446,103,103,고척1동,2.846,0,2,1,1,4.846,1000
다사438453,35,35,고척1동,8.461,0,1,1,1.041,9.849,549
다사466434,261,261,구로3동,6.749,0,1.5,1,1,8.249,688
다사429433,489,489,개봉3동,1.514,0.5,2,1,1.041,4.179,1060
다사460433,475,475,구로3동,7.789,0,2,1.095,1,10.719,465
다사399423,N/A,0,항동,0,0,1,1,1,1,1330
다사396419,386,386,항동,10,0,1.5,1,1,11.5,374
다사433436,572,572,개봉2동,6.597,0,2,1.095,1,9.414,584
다사459440,234,234,구로2동,3.346,0.5,1.5,1,1.041,5.565,942
다사430447,327,327,개봉1동,7.154,0,1.5,1,1.041,9.009,626
다사453453,1354,1354,신도림동,10,0,2,1.095,1,13.14,140
다사460439,288,288,구로2동,2.404,0,2,1,1.041,4.585,1023
다사433453,138,138,고척2동,4.53,0.335,2,1.095,1,7.517,758
다사462430,216,216,구로3동,1.056,0,2,1,1,3.056,1156
다사456450,403,403,구로5동,8.947,0,2,1.095,1.041,12.478,270
다사456435,183,183,구로4동,4.385,0.635,1.5,1,1.041,6.787,837
다사418448,274,274,개봉1동,5.668,0,2,1,1.041,7.982,710
다사403446,N/A,0,수궁동,0,0,1,1,1,1,1330
다사459429,264,264,가리봉동,0.327,0,2,1,1.041,2.422,1207
다사418443,247,247,오류1동,0.65,0,2,1,1.041,2.759,1179
다사431438,501,501,개봉2동,5.663,0,2,1,1.041,7.977,711
다사462444,848,848,구로5동,10,0,2,1.095,1,13.14,140
다사425451,380,380,고척2동,0,0,1.5,1,1.041,1.562,1261
다사403443,335,335,수궁동,2.899,0,1,1.095,1,4.269,1052
다사422449,94,94,개봉1동,10,0.555,2,1,1.041,13.07,196
다사418427,24,24,오류2동,7.658,0,2,1,1.041,10.054,523
다사458428,256,256,가리봉동,0.682,1.11,2,1,1.041,3.947,1085
다사403435,246,246,오류2동,10,0.385,1,1.095,1,12.467,272
다사455460,391,391,신도림동,1.144,0,1,1.095,1,2.348,1211
다사409448,107,107,수궁동,7.185,0,1,1,1,8.185,691
다사427436,663,663,개봉2동,1.728,0,2,1,1,3.728,1103
다사433434,392,392,개봉3동,1.467,0,1,1.095,1.041,2.812,1175
다사434453,271,271,고척2동,3.396,0,2,1.095,1,5.909,914
다사457427,112,112,가리봉동,5.447,0,2,1,1.041,7.752,737
다사418445,130,130,오류1동,5.513,0,1,1,1,6.513,863
다사449453,152,152,신도림동,10,0.57,2,1.095,1,13.764,91
다사430438,40,40,개봉2동,7.648,0.225,2,1,1.041,10.278,505
다사427437,600,600,개봉2동,0.475,0,2,1.095,1,2.71,1180
다사438441,1387,1387,고척1동,9.732,0,2,1.095,1,12.847,224
다사435440,240,240,개봉1동,7.065,0,2,1.095,1,9.926,542
다사457430,61,61,구로3동,0,1.455,2,1,1.041,3.597,1118
다사448437,501,501,구로1동,3.3,0,2,1,1,5.3,961
다사459443,232,232,구로5동,4.642,0,2,1.095,1.041,7.571,753
다사418439,264,264,오류2동,3.275,0,2,1,1,5.275,962
다사454434,313,313,구로2동,5.667,0,1.5,1,1.041,7.461,769
다사460458,304,304,신도림동,3.025,0.74,1.5,1.095,1,5.765,923
다사399438,113,113,수궁동,3.312,0.19,1,1.095,1,4.93,990
다사417424,574,574,오류2동,10,0,2,1.095,1,13.14,140
다사421453,405,405,개봉1동,4.505,0,2,1,1.041,6.772,841
다사426441,200,200,개봉2동,7.978,0,2,1,1.041,10.387,498
다사436444,21,21,고척1동,6.195,0,2,1,1,8.195,690
다사426433,168,168,개봉3동,6.819,0,1,1,1.041,8.14,696
다사415441,314,314,오류1동,4.893,0,2,1,1.041,7.176,797
다사411443,88,88,수궁동,9.76,0,2,1,1.041,12.242,282
다사419446,345,345,오류1동,3.917,0,1.5,1,1.041,5.639,932
다사415433,149,149,오류2동,2.892,0.575,2,1.095,1,5.986,909
다사410437,N/A,0,오류2동,0,0,1,1,1.041,1.041,1290
다사451443,82,82,구로2동,10,0,1,1,1.041,11.451,386
다사460431,596,596,구로3동,4.443,0,2,1.095,1,7.055,807
다사419427,33,33,오류2동,7.578,0,2,1,1.041,9.971,537
다사427450,214,214,고척2동,0.932,0,1.5,1,1.041,2.532,1196
다사462427,N/A,0,구로3동,0,0.5,1,1,1,1.5,1267
다사412431,12,12,오류2동,10,0,1.5,1,1.041,11.971,335
다사462446,474,474,구로5동,10,0.83,2,1,1,12.83,225
다사408439,163,163,오류2동,10,0,1,1,1.041,11.451,386
다사421455,64,64,고척2동,3.896,0.24,2,1,1,6.136,893
다사463442,547,547,구로4동,9.956,0,2,1.095,1,13.092,194
다사419437,279,279,오류2동,4.182,0,2,1,1.041,6.435,871
다사464430,N/A,0,구로3동,0,0,1.5,1,1,1.5,1267
다사420448,587,587,개봉1동,4.161,0.525,2,1,1.041,6.96,824
다사460442,273,273,구로5동,10,0,2,1.095,1,13.14,140
다사427428,415,415,개봉3동,0.862,0,2,1,1.041,2.979,1168
다사460456,1359,1359,신도림동,10,0,2,1.095,1,13.14,140
다사454448,14,14,구로5동,1.529,0.105,1.5,1,1,3.134,1153
다사403436,120,120,수궁동,10,0.625,1,1,1,11.625,369
다사403448,N/A,0,수궁동,0,0,1,1,1.041,1.041,1290
다사461450,70,70,구로5동,9.859,0,2,1,1,11.859,351
다사425437,N/A,0,개봉2동,0,0,1,1,1,1,1330
다사454442,202,202,구로2동,1.677,0.335,1.5,1,1.041,3.656,1109
다사423455,522,522,고척2동,3.29,0,1.5,1.095,1.041,5.46,949
다사439452,512,512,고척1동,1.117,0,2,1,1.041,3.245,1140
다사431432,99,99,개봉3동,3.048,0.415,2,1,1.041,5.687,930
다사404421,,0,항동,0,0,0,1,1,0,1725
다사401454,,0,수궁동,0,0,0,1,1,0,1725
다사419425,,0,오류2동,0,0,0,1,1.041,0,1725
다사462454,,0,구로5동,0,0,1.5,1,1,1.5,1267
다사406427,,0,항동,0,0,0,1,1,0,1725
다사444443,,0,구로1동,0,0,2,1,1,2,1227
다사446447,,0,구로2동,0,0,1,1,1,1,1330
다사415449,,0,개봉1동,0,0,0,1,1,0,1725
다사404429,,0,항동,0,0,1,1,1,1,1330
다사407428,,0,항동,0,0,0,1,1,0,1725
다사397419,,0,항동,0,0,0,1,1,0,1725
다사409422,,0,오류2동,0,0,0,1,1,0,1725
다사444452,,0,고척1동,0,0,0,1,1,0,1725
다사395439,,0,수궁동,0,0,1.5,1,1,1.5,1267
다사405424,,0,항동,0,0,0,1,1,0,1725
다사421422,,0,오류2동,0,0,0,1,1,0,1725
다사459460,,0,신도림동,0,0,1,1,1.041,1.041,1290
다사421441,,0,오류1동,0,0,1,1,1,1,1330
다사449459,,0,신도림동,0,0,1,1,1,1,1330
다사419434,,0,오류2동,0,0,0,1,1,0,1725
다사393442,,0,수궁동,0,0,0,1,1,0,1725
다사403430,,0,항동,0,0,0,1,1,0,1725
다사440439,,0,개봉2동,0,0,0,1,1,0,1725
다사401448,,0,수궁동,0,0,0,1,1,0,1725
다사397418,,0,항동,0,0,0,1,1,0,1725
다사443440,,0,구로1동,0,0,0,1,1,0,1725
다사459450,,0,구로5동,0,0,2,1,1,2,1227
다사403454,,0,수궁동,0,0,0,1,1,0,1725
다사405456,,0,수궁동,0,0,0,1,1,0,1725
다사439441,,0,고척1동,0,0,2,1,1,2,1227
다사412428,,0,오류2동,0,0,1,1,1,1,1330
다사405455,,0,수궁동,0,0,0,1,1,0,1725
다사421456,,0,고척2동,0,0,1,1,1,1,1330
다사404438,,0,수궁동,0,0,1,1,1,1,1330
다사405454,,0,수궁동,0,0,0,1,1,0,1725
다사465428,,0,구로3동,0,0.47,1.5,1,1,1.97,1246
다사420425,,0,오류2동,0,0,0,1,1,0,1725
다사398427,,0,항동,0,0,1,1,1,1,1330
다사399446,,0,수궁동,0,0,1,1,1,1,1330
다사397421,,0,항동,0,0,0,1,1,0,1725
다사407424,,0,항동,0,0,1,1,1,1,1330
다사425433,,0,개봉3동,0,0,0,1,1.041,0,1725
다사419423,,0,오류2동,0,0,0,1,1,0,1725
다사410421,,0,오류2동,0,0,0,1,1,0,1725
다사414419,,0,오류2동,0,0,0,1,1,0,1725
다사468423,,0,구로3동,0,0,0,1,1,0,1725
다사463446,,0,구로5동,0,0,1,1,1,1,1330
다사445448,,0,구로2동,0,0,1,1,1,1,1330
다사449440,,0,구로1동,0,0,1.5,1,1,1.5,1267
다사407437,,0,오류2동,0,0,1,1,1,1,1330
다사451436,,0,구로1동,0,0,1,1,1,1,1330
다사448459,,0,신도림동,0,0,0,1,1,0,1725
다사415452,,0,개봉1동,0,0,0,1,1,0,1725
다사402437,,0,수궁동,0,0,1,1,1,1,1330
다사418429,,0,오류2동,0,0,2,1,1,2,1227
다사466427,,0,구로3동,0,0.11,1.5,1,1,1.61,1260
다사409426,,0,오류2동,0,0,0,1,1,0,1725
다사450437,,0,구로1동,0,0,1.5,1,1,1.5,1267
다사424437,,0,오류2동,0,0,0,1,1,0,1725
다사444442,,0,구로1동,0,0,1,1,1,1,1330
다사444450,,0,고척1동,0,0,0,1,1,0,1725
다사406424,,0,항동,0,0,1,1,1,1,1330
다사402450,,0,수궁동,0,0,1,1,1,1,1330
다사411421,,0,오류2동,0,0,0,1,1,0,1725
다사405425,,0,항동,0,0,0,1,1,0,1725
다사401451,,0,수궁동,0,0,1,1,1,1,1330
다사404432,,0,항동,0,0,1,1,1,1,1330
다사460446,,0,구로5동,0,0,2,1,1,2,1227
다사443449,,0,구로2동,0,0,1,1,1,1,1330
다사415447,,0,개봉1동,0,0,1,1,1.041,1.041,1290
다사427452,,0,고척2동,0,0,1,1,1,1,1330
다사427458,,0,고척2동,0,0,0,1,1,0,1725
다사426458,,0,고척2동,0,0,0,1,1,0,1725
다사460459,,0,신도림동,0,0,1,1,1.041,1.041,1290
다사399424,,0,항동,0,0,0,1,1,0,1725
다사409427,,0,오류2동,0,0,0,1,1,0,1725
다사454447,,0,구로5동,0,0,2,1,1,2,1227
다사410444,,0,수궁동,0,0,0,1,1,0,1725
다사446455,,0,신도림동,0,0,0,1,1,0,1725
다사432431,,0,개봉3동,0,0,0,1,1,0,1725
다사444437,,0,구로1동,0,0,0,1,1,0,1725
다사450435,,0,구로1동,0,0,1,1,1,1,1330
다사412437,,0,오류2동,0,0,1,1,1,1,1330
다사447446,,0,구로2동,0,0,1,1,1,1,1330
다사439442,,0,고척1동,0,0,1,1,1,1,1330
다사412446,,0,오류1동,0,0,1,1,1,1,1330
다사414449,,0,개봉1동,0,0,0,1,1,0,1725
다사403427,,0,항동,0,0,1,1,1,1,1330
다사450445,,0,구로1동,0,0,0,1,1,0,1725
다사436436,,0,개봉3동,0,0,0,1,1,0,1725
다사445447,,0,구로2동,0,0,1,1,1,1,1330
다사406435,,0,오류2동,0,0,0,1,1,0,1725
다사423427,,0,개봉3동,0,0,1,1,1,1,1330
다사451461,,0,신도림동,0,0,1,1,1,1,1330
다사413424,,0,오류2동,0,0,0,1,1,0,1725
다사437453,,0,고척1동,0,0,0,1,1,0,1725
다사431457,,0,고척2동,0,0,1,1,1,1,1330
다사412449,,0,수궁동,0,0,0,1,1,0,1725
다사404449,,0,수궁동,0,0,1,1,1,1,1330
다사405436,,0,오류2동,0,0,1,1,1,1,1330
다사410430,,0,오류2동,0,0,0,1,1,0,1725
다사463448,,0,구로5동,0,0,0,1,1,0,1725
다사452463,,0,신도림동,0,0,1,1,1,1,1330
다사404440,,0,수궁동,0,0,1,1,1,1,1330
다사414427,,0,오류2동,0,0,1,1,1,1,1330
다사411445,,0,수궁동,0,0,1,1,1,1,1330
다사415421,,0,오류2동,0,0,0,1,1,0,1725
다사445434,,0,구로1동,0,0,1,1,1,1,1330
다사403421,,0,항동,0,0,0,1,1,0,1725
다사411446,,0,수궁동,0,0,0,1,1,0,1725
다사397445,,0,수궁동,0,0,0,1,1,0,1725
다사415420,,0,오류2동,0,0,0,1,1,0,1725
다사468429,,0,구로3동,0,0.135,2,1,1,2.135,1220
다사420441,,0,오류1동,0,0,1,1,1,1,1330
다사436449,,0,고척1동,0,0,1,1,1,1,1330
다사411420,,0,오류2동,0,0,0,1,1,0,1725
다사422426,,0,오류2동,0,0,0,1,1,0,1725
다사447447,,0,구로2동,0,0,1,1,1,1,1330
다사449448,,0,구로2동,0,0,1,1,1,1,1330
다사457426,,0,가리봉동,0,0,0,1,1,0,1725
다사393444,,0,수궁동,0,0,0,1,1,0,1725
다사443445,,0,구로2동,0,0,1,1,1,1,1330
다사405440,,0,수궁동,0,0,1,1,1,1,1330
다사398449,,0,수궁동,0,0,0,1,1,0,1725
다사463444,,0,구로5동,0,0,1,1,1.041,1.041,1290
다사421425,,0,오류2동,0,0,0,1,1,0,1725
다사464444,,0,구로5동,0,0,0,1,1,0,1725
다사465439,,0,구로4동,0,0,1,1,1,1,1330
다사405422,,0,항동,0,0,0,1,1,0,1725
다사402446,,0,수궁동,0,0,0,1,1,0,1725
다사470427,,0,구로3동,0,0,1,1,1,1,1330
다사447457,,0,신도림동,0,0,1,1,1,1,1330
다사447449,,0,구로2동,0,0.625,1,1,1,1.625,1257
다사461455,,0,구로5동,0,0,1,1,1,1,1330
다사395421,,0,항동,0,0,1,1,1,1,1330
다사415432,,0,오류2동,0,0,2,1,1,2,1227
다사465426,,0,구로3동,0,1.43,1,1,1,2.43,1205
다사411429,,0,오류2동,0,0,0,1,1,0,1725
다사401441,,0,수궁동,0,0,0,1,1,0,1725
다사399440,,0,수궁동,0,0,1,1,1,1,1330
다사443439,,0,구로1동,0,0,0,1,1,0,1725
다사433448,,0,고척1동,0,0,1,1,1,1,1330
다사445444,,0,구로1동,0,0,1,1,1,1,1330
다사439443,,0,고척1동,0,0,1,1,1,1,1330
다사458461,,0,신도림동,0,0,0,1,1,0,1725
다사444447,,0,구로2동,0,0,0,1,1,0,1725
다사407455,,0,수궁동,0,0,1,1,1,1,1330
다사421433,,0,오류2동,0,0,0,1,1,0,1725
다사465429,,0,구로3동,0,0,1,1,1,1,1330
다사409452,,0,수궁동,0,0,0,1,1,0,1725
다사444436,,0,구로1동,0,0,0,1,1,0,1725
다사423436,,0,오류2동,0,0,1,1,1,1,1330
다사447450,,0,구로2동,0,0,1,1,1,1,1330
다사408437,,0,오류2동,0,0,1,1,1,1,1330
다사423430,,0,개봉3동,0,0,0,1,1,0,1725
다사406425,,0,항동,0,0,0,1,1,0,1725
다사447456,,0,신도림동,0,0,1,1,1,1,1330
다사401447,,0,수궁동,0,0,0,1,1,0,1725
다사454462,,0,신도림동,0,0,1,1,1,1,1330
다사429444,,0,개봉1동,0,0,1,1,1,1,1330
다사450464,,0,신도림동,0,0,0,1,1,0,1725
다사393440,,0,수궁동,0,0,0,1,1,0,1725
다사418453,,0,개봉1동,0,0,1,1,1,1,1330
다사442446,,0,구로2동,0,0,0,1,1,0,1725
다사405437,,0,수궁동,0,0,1,1,1,1,1330
다사430458,,0,고척2동,0,0,0,1,1,0,1725
다사408425,,0,항동,0,0,0,1,1,0,1725
다사463456,,0,구로5동,0,0,0,1,1,0,1725
다사444438,,0,구로1동,0,0,1,1,1,1,1330
다사411438,,0,오류2동,0,0,1,1,1,1,1330
다사450441,,0,구로1동,0,0,0,1,1,0,1725
다사460460,,0,신도림동,0,0,0,1,1,0,1725
다사464426,,0,구로3동,0,0,1,1,1,1,1330
다사463445,,0,구로5동,0,0,0,1,1,0,1725
다사444441,,0,구로1동,0,0.75,1,1,1,1.75,1252
다사401442,,0,수궁동,0,0,1,1,1,1,1330
다사411428,,0,오류2동,0,0,1,1,1,1,1330
다사450436,,0,구로1동,0,0,1,1,1,1,1330
다사442436,,0,구로1동,0,0,0,1,1,0,1725
다사407456,,0,수궁동,0,0,0,1,1,0,1725
다사420419,,0,오류2동,0,0,1,1,1,1,1330
다사443450,,0,고척1동,0,0,1,1,1,1,1330
다사410450,,0,수궁동,0,0,1,1,1,1,1330
다사401456,,0,수궁동,0,0,0,1,1,0,1725
다사459456,,0,신도림동,0,0,1,1,1,1,1330
다사419422,,0,오류2동,0,0,1,1,1,1,1330
다사444453,,0,고척1동,0,0,0,1,1,0,1725
다사462458,,0,신도림동,0,0,0,1,1,0,1725
다사446445,,0,구로2동,0,0,1,1,1,1,1330
다사441440,,0,개봉2동,0,0,0,1,1,0,1725
다사401453,,0,수궁동,0,0,0,1,1,0,1725
다사402420,,0,항동,0,0,0,1,1,0,1725
다사402453,,0,수궁동,0,0,0,1,1,0,1725
다사466435,,0,구로3동,0,0,0,1,1,0,1725
다사451440,,0,구로1동,0,0,1,1,1.041,1.041,1290
다사422436,,0,오류2동,0,0,1,1,1,1,1330
다사429429,,0,개봉3동,0,0,0,1,1,0,1725
다사412419,,0,오류2동,0,0,0,1,1,0,1725
다사438437,,0,개봉2동,0,0,1,1,1,1,1330
다사461423,,0,가리봉동,0,0,1,1,1,1,1330
다사413421,,0,오류2동,0,0,0,1,1,0,1725
다사421419,,0,오류2동,0,0,0,1,1,0,1725
다사421436,,0,오류2동,0,0,1,1,1,1,1330
다사463427,,0,구로3동,0,0,1,1,1,1,1330
다사402428,,0,항동,0,0,1,1,1,1,1330
다사404451,,0,수궁동,0,0,1,1,1,1,1330
다사461453,,0,구로5동,0,0,1,1,1,1,1330
다사398419,,0,항동,0,0,0,1,1,0,1725
다사450460,,0,신도림동,0,0,1,1,1,1,1330
다사412436,,0,오류2동,0,0,1,1,1,1,1330
다사411418,,0,오류2동,0,0,0,1,1,0,1725
다사413423,,0,오류2동,0,0,0,1,1,0,1725
다사418440,,0,오류1동,0,0,1,1,1,1,1330
다사433446,,0,고척1동,0,0,1,1,1,1,1330
다사409424,,0,항동,0,0,0,1,1,0,1725
다사462431,,0,구로3동,0,0,1,1,1,1,1330
다사406449,,0,수궁동,0,0,1,1,1,1,1330
다사454460,,0,신도림동,0,0,1,1,1,1,1330
다사441439,,0,개봉2동,0,0,0,1,1,0,1725
다사442439,,0,구로1동,0,0,0,1,1,0,1725
다사408431,,0,오류2동,0,0,0,1,1,0,1725
다사400455,,0,수궁동,0,0,0,1,1,0,1725
다사406457,,0,수궁동,0,0,0,1,1,0,1725
다사444448,,0,구로2동,0,0,0,1,1,0,1725
다사402430,,0,항동,0,0,0,1,1,0,1725
다사407434,,0,오류2동,0,0,1,1,1,1,1330
다사413437,,0,오류2동,0,0,1,1,1,1,1330
다사452449,,0,구로2동,0,0,1,1,1,1,1330
다사396421,,0,항동,0,0,1,1,1,1,1330
다사456427,,0,가리봉동,0,0,0,1,1,0,1725
다사435455,,0,고척2동,0,0,0,1,1,0,1725
다사446454,,0,신도림동,0,0,0,1,1,0,1725
다사410443,,0,수궁동,0,0,0,1,1,0,1725
다사465438,,0,구로4동,0,0,1,1,1,1,1330
다사419418,,0,오류2동,0,0,0,1,1,0,1725
다사402456,,0,수궁동,0,0,0,1,1,0,1725
다사404442,,0,수궁동,0,0,1,1,1,1,1330
다사445445,,0,구로2동,0,0,1,1,1,1,1330
다사401446,,0,수궁동,0,0,0,1,1,0,1725
다사422437,,0,오류2동,0,0,1,1,1.041,1.041,1290
다사451462,,0,신도림동,0,0,0,1,1,0,1725
다사405451,,0,수궁동,0,0,1,1,1,1,1330
다사423434,,0,개봉3동,0,0,0,1,1,0,1725
다사439439,,0,개봉2동,0,0,0,1,1,0,1725
다사467433,,0,구로3동,0,0,1,1,1,1,1330
다사411448,,0,수궁동,0,0,0,1,1,0,1725
다사437444,,0,고척1동,0,0.625,1,1,1,1.625,1257
다사409423,,0,항동,0,0,0,1,1,0,1725
다사423431,,0,개봉3동,0,0,1,1,1,1,1330
다사413439,,0,오류2동,0,0,0,1,1,0,1725
다사434444,,0,고척1동,0,0,0,1,1,0,1725
다사399441,,0,수궁동,0,0,0,1,1,0,1725
다사463447,,0,구로5동,0,0,0,1,1,0,1725
다사422456,,0,고척2동,0,0,1,1,1,1,1330
다사418431,,0,오류2동,0,0,1,1,1,1,1330
다사396423,,0,항동,0,0,0,1,1,0,1725
다사416451,,0,개봉1동,0,0,0,1,1,0,1725
다사423432,,0,개봉3동,0,0,0,1,1,0,1725
다사425443,,0,개봉1동,0,0,1,1,1,1,1330
다사403451,,0,수궁동,0,0,0,1,1,0,1725
다사402448,,0,수궁동,0,0,1,1,1,1,1330
다사394439,,0,수궁동,0,0,1,1,1,1,1330
다사411422,,0,오류2동,0,0,0,1,1,0,1725
다사398443,,0,수궁동,0,0,1,1,1.041,1.041,1290
다사425444,,0,개봉1동,0,0,1,1,1,1,1330
다사445438,,0,구로1동,0,0,1,1,1,1,1330
다사404455,,0,수궁동,0,0,0,1,1,0,1725
다사463451,,0,구로5동,0,0,1,1,1.041,1.041,1290
다사422429,,0,오류2동,0,0,1,1,1.041,1.041,1290
다사413420,,0,오류2동,0,0,0,1,1,0,1725
다사464443,,0,구로4동,0,0,0,1,1,0,1725
다사408423,,0,항동,0,0,0,1,1,0,1725
다사416448,,0,개봉1동,0,0,1,1,1,1,1330
다사451454,,0,신도림동,0,0,1,1,1,1,1330
다사453465,,0,신도림동,0,0,0,1,1,0,1725
다사420452,,0,개봉1동,0,0,1,1,1,1,1330
다사395422,,0,항동,0,0,1,1,1,1,1330
다사449444,,0,구로1동,0,0,1,1,1,1,1330
다사403445,,0,수궁동,0,0,0,1,1,0,1725
다사453455,,0,신도림동,0,0,1,1,1,1,1330
다사452451,,0,구로2동,0,0.035,1,1,1,1.035,1329
다사397437,,0,수궁동,0,0,0,1,1,0,1725
다사445449,,0,구로2동,0,0,0,1,1,0,1725
다사406433,,0,오류2동,0,0,1,1,1,1,1330
다사446436,,0,구로1동,0,0,0,1,1,0,1725
다사407422,,0,항동,0,0,0,1,1,0,1725
다사417419,,0,오류2동,0,0,0,1,1,0,1725
다사430430,,0,개봉3동,0,0,0,1,1,0,1725
다사414450,,0,개봉1동,0,0,0,1,1,0,1725
다사395444,,0,수궁동,0,0,0,1,1,0,1725
다사407430,,0,항동,0,0,0,1,1,0,1725
다사419419,,0,오류2동,0,0,1,1,1,1,1330
다사421420,,0,오류2동,0,0,0,1,1,0,1725
다사425457,,0,고척2동,0,0,1,1,1,1,1330
다사414424,,0,오류2동,0,0,1,1,1,1,1330
다사424445,,0,개봉1동,0,0,1,1,1.041,1.041,1290
다사447451,,0,구로2동,0,0,1,1,1,1,1330
다사447455,,0,신도림동,0,0,1,1,1,1,1330
다사408430,,0,오류2동,0,0,0,1,1,0,1725
다사408427,,0,항동,0,0,0,1,1,0,1725
다사471430,,0,구로3동,0,0,1,1,1,1,1330
다사451447,,0,구로2동,0,0,0,1,1,0,1725
다사402455,,0,수궁동,0,0,0,1,1,0,1725
다사420422,,0,오류2동,0,0,0,1,1,0,1725
다사450438,,0,구로1동,0,0,1,1,1,1,1330
다사400453,,0,수궁동,0,0,0,1,1,0,1725
다사439445,,0,고척1동,0,0,1,1,1.041,1.041,1290
다사446440,,0,구로1동,0,0,1,1,1,1,1330
다사408451,,0,수궁동,0,0,0,1,1,0,1725
다사395438,,0,수궁동,0,0,0,1,1,0,1725
다사440444,,0,고척1동,0,0,1,1,1,1,1330
다사412426,,0,오류2동,0,0,0,1,1,0,1725
다사413422,,0,오류2동,0,0,0,1,1,0,1725
다사412423,,0,오류2동,0,0,0,1,1,0,1725
다사412418,,0,오류2동,0,0,0,1,1,0,1725
다사416453,,0,개봉1동,0,0,0,1,1,0,1725
다사437438,,0,개봉2동,0,0,0,1,1,0,1725
다사464428,,0,구로3동,0,0,1,1,1,1,1330
다사416450,,0,개봉1동,0,0,1,1,1,1,1330
다사400432,,0,항동,0,0,1,1,1,1,1330
다사420421,,0,오류2동,0,0,1,1,1,1,1330
다사427444,,0,개봉1동,0,0,1,1,1.041,1.041,1290
다사442445,,0,구로2동,0,0,0,1,1,0,1725
다사443451,,0,고척1동,0,0,1,1,1,1,1330
다사464445,,0,구로5동,0,0,0,1,1,0,1725
다사406448,,0,수궁동,0,0,0,1,1,0,1725
다사422435,,0,오류2동,0,0,0,1,1,0,1725
다사412422,,0,오류2동,0,0,0,1,1,0,1725
다사457462,,0,신도림동,0,0,0,1,1,0,1725
다사401426,,0,항동,0,0,1,1,1,1,1330
다사451451,,0,구로2동,0,0,1,1,1,1,1330
다사446453,,0,구로2동,0,0,0,1,1,0,1725
다사424429,,0,개봉3동,0,0,0,1,1,0,1725
다사456458,,0,신도림동,0,0,1,1,1,1,1330
다사427451,,0,고척2동,0,0,1,1,1,1,1330
다사402452,,0,수궁동,0,0,0,1,1,0,1725
다사407429,,0,항동,0,0,0,1,1,0,1725
다사422433,,0,개봉3동,0,0,0,1,1,0,1725
다사450465,,0,신도림동,0,0,0,1,1,0,1725
다사404453,,0,수궁동,0,0,0,1,1,0,1725
다사444449,,0,구로2동,0,0,0,1,1,0,1725
다사442437,,0,구로1동,0,0,0,1,1,0,1725
다사409449,,0,수궁동,0,0,0,1,1,0,1725
다사416421,,0,오류2동,0,0,0,1,1,0,1725
다사472429,,0,구로3동,0,0,0,1,1,0,1725
다사407426,,0,항동,0,0,0,1,1,0,1725
다사446434,,0,구로1동,0,0,0,1,1,0,1725
다사464425,,0,구로3동,0,0,1,1,1,1,1330
다사427453,,0,고척2동,0,0,1,1,1,1,1330
다사417426,,0,오류2동,0,0,1,1,1,1,1330
다사448446,,0,구로2동,0,0,1,1,1,1,1330
다사395440,,0,수궁동,0,0,1,1,1,1,1330
다사461448,,0,구로5동,0,0,1,1,1,1,1330
다사449450,,0,구로2동,0,0,1,1,1,1,1330
다사456462,,0,신도림동,0,0,0,1,1,0,1725
다사450461,,0,신도림동,0,0,0,1,1,0,1725
다사461456,,0,신도림동,0,0,1,1,1,1,1330
다사431456,,0,고척2동,0,0,1,1,1.041,1.041,1290
다사440446,,0,고척1동,0,0.715,1,1,1,1.715,1253
다사404420,,0,항동,0,0,0,1,1,0,1725
다사417421,,0,오류2동,0,0,1,1,1,1,1330
다사394418,,0,항동,0,0,0,1,1,0,1725
다사407425,,0,항동,0,0,0,1,1,0,1725
다사425426,,0,개봉3동,0,0,0,1,1,0,1725
다사403456,,0,수궁동,0,0,0,1,1,0,1725
다사392442,,0,수궁동,0,0,0,1,1,0,1725
다사416430,,0,오류2동,0,0,1,1,1,1,1330
다사406451,,0,수궁동,0,0,1,1,1,1,1330
다사419432,,0,오류2동,0,0,0,1,1,0,1725
다사397424,,0,항동,0,0,0,1,1,0,1725
다사406454,,0,수궁동,0,0,1,1,1.041,1.041,1290
다사437437,,0,개봉2동,0,0,1,1,1.041,1.041,1290
다사428427,,0,개봉3동,0,0,0,1,1,0,1725
다사450431,,0,구로1동,0,0,0,1,1,0,1725
다사451437,,0,구로1동,0,0,1,1,1,1,1330
다사409445,,0,수궁동,0,0,1,1,1,1,1330
다사407421,,0,항동,0,0,0,1,1,0,1725
다사451445,,0,구로2동,0,0,1,1,1,1,1330
다사400445,,0,수궁동,0,0,1,1,1,1,1330
다사395445,,0,수궁동,0,0,0,1,1,0,1725
다사408453,,0,수궁동,0,0,0,1,1,0,1725
다사435435,,0,개봉3동,0,0,0,1,1,0,1725
다사413430,,0,오류2동,0,0,1,1,1,1,1330
다사461459,,0,신도림동,0,0,0,1,1,0,1725
다사461430,,0,구로3동,0,0,1,1,1,1,1330
다사469425,,0,구로3동,0,0,0,1,1,0,1725
다사462445,,0,구로5동,0,0,1,1,1,1,1330
다사411437,,0,오류2동,0,0,1,1,1,1,1330
다사441443,,0,고척1동,0,0,1,1,1,1,1330
다사420430,,0,오류2동,0,0,1,1,1,1,1330
다사405442,,0,수궁동,0,0,1,1,1,1,1330
다사446456,,0,신도림동,0,0,0,1,1,0,1725
다사421431,,0,개봉3동,0,0,0,1,1,0,1725
다사447448,,0,구로2동,0,0,1,1,1,1,1330
다사466436,,0,구로3동,0,0,0,1,1,0,1725
다사408429,,0,항동,0,0,0,1,1,0,1725
다사406434,,0,오류2동,0,0,0,1,1,0,1725
다사420436,,0,오류2동,0,0,1,1,1.041,1.041,1290
다사458441,,0,구로2동,0,0,1,1,1,1,1330
다사405420,,0,항동,0,0,0,1,1,0,1725
다사450443,,0,구로1동,0,0,0,1,1,0,1725
다사449462,,0,신도림동,0,0,0,1,1,0,1725
다사418432,,0,오류2동,0,0,1,1,1,1,1330
다사403429,,0,항동,0,0,1,1,1,1,1330
다사403447,,0,수궁동,0,0,1,1,1,1,1330
다사419420,,0,오류2동,0,0,1,1,1,1,1330
다사448462,,0,신도림동,0,0,0,1,1,0,1725
다사464452,,0,구로5동,0,0,0,1,1,0,1725
다사405434,,0,오류2동,0,0,1,1,1,1,1330
다사453464,,0,신도림동,0,0,0,1,1,0,1725
다사450440,,0,구로1동,0,0,0,1,1,0,1725
다사428459,,0,고척2동,0,0,0,1,1,0,1725
다사400449,,0,수궁동,0,0,0,1,1,0,1725
다사434434,,0,개봉3동,0,0,1,1,1,1,1330
다사407453,,0,수궁동,0,0,0,1,1,0,1725
다사435443,,0,개봉1동,0,0.415,1,1,1,1.415,1283
다사396439,,0,수궁동,0,0,1,1,1,1,1330
다사441450,,0,고척1동,0,0,0,1,1,0,1725
다사409429,,0,오류2동,0,0,0,1,1,0,1725
다사448451,,0,구로2동,0,0,1,1,1,1,1330
다사403452,,0,수궁동,0,0,0,1,1,0,1725
다사420434,,0,오류2동,0,0,1,1,1,1,1330
다사417420,,0,오류2동,0,0,0,1,1,0,1725
다사469431,,0,구로3동,0,0,1,1,1,1,1330
다사410425,,0,오류2동,0,0,0,1,1,0,1725
다사421432,,0,개봉3동,0,0,0,1,1,0,1725
다사402454,,0,수궁동,0,0,0,1,1,0,1725
다사406422,,0,항동,0,0,0,1,1,0,1725
다사395418,,0,항동,0,0,0,1,1,0,1725
다사398447,,0,수궁동,0,0,0,1,1,0,1725
다사446458,,0,신도림동,0,0,0,1,1,0,1725
다사425434,,0,개봉3동,0,0,1,1,1,1,1330
다사439437,,0,개봉2동,0,0,0,1,1,0,1725
다사456455,,0,신도림동,0,1.25,1,1,1.041,2.342,1212
다사451450,,0,구로2동,0,0,1,1,1,1,1330
다사454464,,0,신도림동,0,0,0,1,1,0,1725
다사407454,,0,수궁동,0,0,1,1,1,1,1330
다사460449,,0,구로5동,0,0,1,1,1,1,1330
다사422430,,0,개봉3동,0,0,0,1,1,0,1725
다사435447,,0,고척1동,0,0,1,1,1,1,1330
다사429457,,0,고척2동,0,0,1,1,1,1,1330
다사408450,,0,수궁동,0,0,0,1,1,0,1725
다사424438,,0,오류2동,0,0,1,1,1.041,1.041,1290
다사434448,,0,고척1동,0,0,1,1,1.041,1.041,1290
다사446449,,0,구로2동,0,0,1,1,1,1,1330
다사447435,,0,구로1동,0,0,0,1,1,0,1725
다사449447,,0,구로2동,0,0,1,1,1,1,1330
다사432446,,0,고척1동,0,0,0,1,1,0,1725
다사463455,,0,구로5동,0,0,0,1,1,0,1725
다사427459,,0,,0,0,0,1,1,0,1725
다사464453,,0,구로5동,0,0,0,1,1,0,1725
다사452466,,0,신도림동,0,0,0,1,1,0,1725
다사444444,,0,구로2동,0,0,1,1,1,1,1330
다사412424,,0,오류2동,0,0,0,1,1,0,1725
다사429458,,0,고척2동,0,0,0,1,1,0,1725
다사448460,,0,신도림동,0,0,0,1,1,0,1725
다사422457,,0,고척2동,0,0,0,1,1,0,1725
다사400425,,0,항동,0,0,1,1,1,1,1330
다사413449,,0,개봉1동,0,0,0,1,1,0,1725
다사451434,,0,구로1동,0,0,1,1,1,1,1330
다사441441,,0,구로1동,0,0,0,1,1,0,1725
다사406450,,0,수궁동,0,0,1,1,1,1,1330
다사404454,,0,수궁동,0,0,0,1,1,0,1725
다사413419,,0,오류2동,0,0,0,1,1,0,1725
다사424439,,0,개봉2동,0,0,1,1,1,1,1330
다사444446,,0,구로2동,0,0,1,1,1,1,1330
다사451464,,0,신도림동,0,0,0,1,1,0,1725
다사411419,,0,오류2동,0,0,0,1,1,0,1725
다사459455,,0,신도림동,0,0.04,1,1,1,1.04,1328
다사434433,,0,개봉3동,0,0,0,1,1,0,1725
다사454429,,0,가리봉동,0,0,1,1,1,1,1330
다사410445,,0,수궁동,0,0,0,1,1,0,1725
다사448434,,0,구로1동,0,0,0,1,1,0,1725
다사396417,,0,항동,0,0,0,1,1,0,1725
다사405433,,0,항동,0,0,1,1,1,1,1330
다사453448,,0,구로2동,0,0,1,1,1,1,1330
다사403433,,0,항동,0,0,1,1,1,1,1330
다사398448,,0,수궁동,0,0,0,1,1,0,1725
다사401428,,0,항동,0,0,0,1,1,0,1725
다사411430,,0,오류2동,0,0,0,1,1,0,1725
다사412447,,0,수궁동,0,0,0,1,1,0,1725
다사465430,,0,구로3동,0,0,1,1,1,1,1330
다사419421,,0,오류2동,0,0,1,1,1,1,1330
다사464429,,0,구로3동,0,0,1,1,1,1,1330
다사423457,,0,고척2동,0,0,0,1,1,0,1725
다사444439,,0,구로1동,0,0,1,1,1.041,1.041,1290
다사414420,,0,오류2동,0,0,0,1,1,0,1725
다사451435,,0,구로1동,0,0,1,1,1,1,1330
다사447458,,0,신도림동,0,0,0,1,1,0,1725
다사402427,,0,항동,0,0,1,1,1.041,1.041,1290
다사399432,,0,항동,0,0,0,1,1,0,1725
다사470430,,0,구로3동,0,0,1,1,1,1,1330
다사424435,,0,개봉3동,0,0,0,1,1,0,1725
다사406430,,0,항동,0,0,0,1,1,0,1725
다사440440,,0,개봉2동,0,0,0,1,1,0,1725
다사453447,,0,구로2동,0,0,1,1,1,1,1330
다사436439,,0,개봉2동,0,0,1,1,1,1,1330
다사446448,,0,구로2동,0,0,1,1,1,1,1330
다사425442,,0,오류1동,0,0,1,1,1,1,1330
다사451432,,0,구로1동,0,0,0,1,1,0,1725
다사406432,,0,오류2동,0,0,1,1,1,1,1330
다사419441,,0,오류1동,0,0,1,1,1,1,1330
다사398441,,0,수궁동,0,0,0,1,1.041,0,1725
다사420424,,0,오류2동,0,0,0,1,1,0,1725
다사408454,,0,수궁동,0,0,0,1,1,0,1725
다사415448,,0,개봉1동,0,0,0,1,1,0,1725
다사443435,,0,구로1동,0,0,0,1,1,0,1725
다사446457,,0,신도림동,0,0,0,1,1,0,1725
다사441451,,0,고척1동,0,0,1,1,1,1,1330
다사441445,,0,고척1동,0,0,1,1,1,1,1330
다사399437,,0,수궁동,0,0,1,1,1,1,1330
다사398425,,0,항동,0,0,1,1,1,1,1330
다사412450,,0,수궁동,0,0,0,1,1.041,0,1725
다사410424,,0,오류2동,0,0,0,1,1,0,1725
다사466430,,0,구로3동,0,0.11,1,1,1,1.11,1288
다사443443,,0,구로2동,0,0,1,1,1,1,1330
다사426457,,0,고척2동,0,0,1,1,1,1,1330
다사416420,,0,오류2동,0,0,0,1,1,0,1725
다사396441,,0,수궁동,0,0,1,1,1,1,1330
다사425456,,0,고척2동,0,0,1,1,1,1,1330
다사396420,,0,항동,0,0,0,1,1,0,1725
다사467428,,0,구로3동,0,0.215,1,1,1,1.215,1287
다사396422,,0,항동,0,0,1,1,1,1,1330
다사421435,,0,오류2동,0,0,1,1,1,1,1330
다사451438,,0,구로1동,0,0,1,1,1.041,1.041,1290
다사467429,,0,구로3동,0,0,1,1,1,1,1330
다사425445,,0,개봉1동,0,0,1,1,1,1,1330
다사443436,,0,구로1동,0,0,0,1,1,0,1725
다사405426,,0,항동,0,0,0,1,1,0,1725
다사420432,,0,개봉3동,0,0,0,1,1,0,1725
다사394421,,0,항동,0,0,1,1,1,1,1330
다사413450,,0,개봉1동,0,0,0,1,1,0,1725
다사392443,,0,수궁동,0,0,0,1,1,0,1725
다사408428,,0,항동,0,0,0,1,1,0,1725
다사449443,,0,구로1동,0,0,1,1,1,1,1330
다사447459,,0,신도림동,0,0,0,1,1,0,1725
다사445446,,0,구로2동,0,0,1,1,1,1,1330
다사428458,,0,고척2동,0,0,0,1,1,0,1725
다사437439,,0,개봉2동,0,0,0,1,1,0,1725
다사453461,,0,신도림동,0,0,0,1,1,0,1725
다사467423,,0,구로3동,0,0,1,1,1,1,1330
다사425458,,0,고척2동,0,0,0,1,1,0,1725
다사408426,,0,항동,0,0,0,1,1,0,1725
다사424434,,0,개봉3동,0,0,1,1,1,1,1330
다사460455,,0,구로5동,0,0,1,1,1,1,1330
다사456454,,0,신도림동,0,0.665,1,1,1,1.665,1255
다사393419,,0,항동,0,0,0,1,1,0,1725
다사408424,,0,항동,0,0,1,1,1,1,1330
다사453460,,0,신도림동,0,0,1,1,1,1,1330
다사400431,,0,항동,0,0,1,1,1,1,1330
다사450439,,0,구로1동,0,0,1,1,1,1,1330
다사405438,,0,오류2동,0,0,1,1,1,1,1330
다사438440,,0,개봉1동,0,0,1,1,1,1,1330
다사459461,,0,신도림동,0,0,0,1,1,0,1725
다사440441,,0,개봉1동,0,0,0,1,1,0,1725
다사448433,,0,구로1동,0,0,0,1,1,0,1725
다사446446,,0,구로2동,0,0,1,1,1,1,1330
다사450444,,0,구로1동,0,0,0,1,1,0,1725
다사433457,,0,고척2동,0,0,0,1,1,0,1725
다사454455,,0,신도림동,0,0,1,1,1,1,1330
다사427457,,0,고척2동,0,0,1,1,1,1,1330
다사451433,,0,구로1동,0,0,1,1,1,1,1330
다사425435,,0,개봉3동,0,0,1,1,1,1,1330
다사420420,,0,오류2동,0,0,0,1,1,0,1725
다사455438,,0,구로2동,0,0,1,1,1,1,1330
다사393445,,0,수궁동,0,0,0,1,1,0,1725
다사405431,,0,항동,0,0,1,1,1,1,1330
다사410431,,0,오류2동,0,0,0,1,1,0,1725
다사409428,,0,오류2동,0,0,0,1,1,0,1725
다사442450,,0,고척1동,0,0,1,1,1,1,1330
다사432458,,0,고척2동,0,0,0,1,1,0,1725
다사401449,,0,수궁동,0,0,0,1,1,0,1725
다사398420,,0,항동,0,0,0,1,1,0,1725
다사396445,,0,수궁동,0,0,0,1,1,0,1725
다사457461,,0,신도림동,0,0,1,1,1,1,1330
다사448447,,0,구로2동,0,0,1,1,1,1,1330
다사394443,,0,수궁동,0,0,0,1,1,0,1725
다사468432,,0,구로3동,0,0,0,1,1,0,1725
다사461457,,0,신도림동,0,0,1,1,1,1,1330
다사466431,,0,구로3동,0,0,1,1,1,1,1330
다사443444,,0,구로2동,0,0,0,1,1,0,1725
다사446459,,0,신도림동,0,0,0,1,1,0,1725
다사410422,,0,오류2동,0,0,0,1,1,0,1725
다사413428,,0,오류2동,0,0,1,1,1.041,1.041,1290
다사419424,,0,오류2동,0,0,0,1,1,0,1725
다사402451,,0,수궁동,0,0,0,1,1,0,1725
다사451465,,0,신도림동,0,0,0,1,1,0,1725
다사410452,,0,수궁동,0,0,0,1,1,0,1725
다사411447,,0,수궁동,0,0,0,1,1,0,1725
다사410426,,0,오류2동,0,0,0,1,1,0,1725
다사399448,,0,수궁동,0,0,0,1,1,0,1725
다사433447,,0,고척1동,0,0,1,1,1.041,1.041,1290
다사414447,,0,오류1동,0,0,0,1,1,0,1725
다사443438,,0,구로1동,0,0,0,1,1,0,1725
다사403444,,0,수궁동,0,0,1,1,1,1,1330
다사413451,,0,,0,0,0,1,1,0,1725
다사400450,,0,수궁동,0,0,0,1,1,0,1725
다사440443,,0,고척1동,0,0,1,1,1,1,1330
다사448458,,0,신도림동,0,0,0,1,1,0,1725
다사420431,,0,오류2동,0,0,0,1,1,0,1725
다사416452,,0,개봉1동,0,0,0,1,1,0,1725
다사414428,,0,오류2동,0,0,1,1,1,1,1330
다사442451,,0,고척1동,0,0,1,1,1,1,1330
다사421434,,0,오류2동,0,0,1,1,1,1,1330
다사400441,,0,수궁동,0,0,0,1,1,0,1725
다사470426,,0,구로3동,0,0,0,1,1,0,1725
다사393441,,0,수궁동,0,0,1,1,1,1,1330
다사450446,,0,구로1동,0,0,1,1,1,1,1330
다사461444,,0,구로5동,0,0,1,1,1,1,1330
다사409451,,0,수궁동,0,0,0,1,1,0,1725
다사458456,,0,신도림동,0,0,1,1,1,1,1330
다사398446,,0,수궁동,0,0,0,1,1.041,0,1725
다사416447,,0,개봉1동,0,0,1,1,1,1,1330
다사400436,,0,수궁동,0,0,1,1,1,1,1330
다사449461,,0,신도림동,0,0,0,1,1,0,1725
다사418433,,0,오류2동,0,0,0,1,1,0,1725
다사443447,,0,구로2동,0,0,0,1,1,0,1725
다사443441,,0,구로1동,0,0,1,1,1,1,1330
다사412448,,0,수궁동,0,0,0,1,1,0,1725
다사452464,,0,신도림동,0,0,0,1,1,0,1725
다사420423,,0,오류2동,0,0,0,1,1,0,1725
다사394441,,0,수궁동,0,0,1,1,1,1,1330
다사449441,,0,구로1동,0,0,1,1,1,1,1330
다사451466,,0,신도림동,0,0,0,1,1,0,1725
다사401434,,0,수궁동,0,0,1,1,1,1,1330
다사412439,,0,오류2동,0,0,1,1,1,1,1330
다사412421,,0,오류2동,0,0,0,1,1,0,1725
다사440453,,0,고척1동,0,0,0,1,1,0,1725
다사454463,,0,신도림동,0,0,1,1,1,1,1330
다사454452,,0,신도림동,0,0,1,1,1,1,1330
다사396440,,0,수궁동,0,0,1,1,1,1,1330
다사403453,,0,수궁동,0,0,0,1,1.041,0,1725
다사423433,,0,개봉3동,0,0,0,1,1,0,1725
다사457453,,0,신도림동,0,0,1,1,1,1,1330
다사411432,,0,오류2동,0,0,1,1,1,1,1330
다사464432,,0,구로3동,0,0,1,1,1,1,1330
다사397446,,0,수궁동,0,0,0,1,1,0,1725
다사400424,,0,항동,0,0,1,1,1,1,1330
다사435436,,0,개봉3동,0,0,1,1,1,1,1330
다사472430,,0,구로3동,0,0,0,1,1,0,1725
다사453456,,0,신도림동,0,0,1,1,1,1,1330
다사410429,,0,오류2동,0,0,0,1,1,0,1725
다사462428,,0,구로3동,0,0,1,1,1,1,1330
다사462423,,0,가리봉동,0,0,0,1,1,0,1725
다사465434,,0,구로3동,0,0,1,1,1,1,1330
다사465440,,0,구로4동,0,0,1,1,1,1,1330
다사401452,,0,수궁동,0,0,0,1,1,0,1725
다사411451,,0,수궁동,0,0,0,1,1,0,1725
다사447430,,0,구로1동,0,0,0,1,1,0,1725
다사442442,,0,구로2동,0,0,1,1,1,1,1330
다사394442,,0,수궁동,0,0,1,1,1,1,1330
다사424436,,0,오류2동,0,0,0,1,1,0,1725
다사403455,,0,수궁동,0,0,0,1,1,0,1725
다사411427,,0,오류2동,0,0,0,1,1.041,0,1725
다사415422,,0,오류2동,0,0,0,1,1,0,1725
다사470431,,0,구로3동,0,0,1,1,1,1,1330
다사406429,,0,항동,0,0,0,1,1,0,1725
다사433432,,0,개봉3동,0,0,0,1,1,0,1725
다사405453,,0,수궁동,0,0,1,1,1,1,1330
다사401431,,0,항동,0,0,1,1,1,1,1330
다사427426,,0,개봉3동,0,0,0,1,1,0,1725
다사450442,,0,구로1동,0,0,0,1,1,0,1725
다사441447,,0,고척1동,0,0,1,1,1,1,1330
다사398422,,0,항동,0,0,1,1,1,1,1330
다사447460,,0,신도림동,0,0,0,1,1,0,1725
다사414422,,0,오류2동,0,0,0,1,1,0,1725
다사419440,,0,오류2동,0,0,1,1,1,1,1330
다사443448,,0,구로2동,0,0,0,1,1,0,1725
다사406423,,0,항동,0,0,0,1,1,0,1725
다사405443,,0,수궁동,0,0,1,1,1,1,1330
다사408422,,0,항동,0,0,0,1,1,0,1725
다사400419,,0,항동,0,0,0,1,1,0,1725
다사398426,,0,항동,0,0,1,1,1,1,1330
다사402441,,0,수궁동,0,0,1,1,1,1,1330
다사405421,,0,항동,0,0,0,1,1,0,1725
다사410423,,0,오류2동,0,0,0,1,1,0,1725
다사406456,,0,수궁동,0,0,0,1,1,0,1725
다사441444,,0,고척1동,0,0,1,1,1,1,1330
다사402429,,0,항동,0,0,0,1,1,0,1725
다사442453,,0,고척1동,0,0,0,1,1,0,1725
다사412438,,0,오류2동,0,0,1,1,1,1,1330
다사453449,,0,구로5동,0,0,1,1,1,1,1330
다사406438,,0,오류2동,0,0,1,1,1,1,1330
다사394445,,0,수궁동,0,0,0,1,1,0,1725
다사404450,,0,수궁동,0,0,1,1,1.041,1.041,1290
다사421423,,0,오류2동,0,0,0,1,1,0,1725
다사442440,,0,구로1동,0,0,0,1,1,0,1725
다사452465,,0,신도림동,0,0,0,1,1,0,1725
다사406428,,0,항동,0,0,0,1,1,0,1725
다사404428,,0,항동,0,0,1,1,1,1,1330
다사406431,,0,항동,0,0,0,1,1,0,1725
다사405450,,0,수궁동,0,0,1,1,1,1,1330
다사410427,,0,오류2동,0,0,0,1,1,0,1725
다사405427,,0,항동,0,0,0,1,1,0,1725
다사398423,,0,항동,0,0,0,1,1,0,1725
다사400430,,0,항동,0,0,1,1,1,1,1330
다사421430,,0,오류2동,0,0,0,1,1,0,1725
다사452448,,0,구로2동,0,0,1,1,1,1,1330
다사466429,,0,구로3동,0,0,1,1,1,1,1330
다사424433,,0,개봉3동,0,0,0,1,1,0,1725
다사413429,,0,오류2동,0,0,0,1,1,0,1725
다사421429,,0,오류2동,0,0,0,1,1,0,1725
다사400452,,0,수궁동,0,0,0,1,1,0,1725
다사422441,,0,오류1동,0,0,1,1,1,1,1330
다사442444,,0,구로2동,0,0,0,1,1,0,1725
다사463429,,0,구로3동,0,0,1,1,1,1,1330
다사412429,,0,오류2동,0,0,0,1,1,0,1725
다사446441,,0,구로1동,0,0,1,1,1,1,1330
다사434447,,0,고척1동,0,0,1,1,1,1,1330
다사413426,,0,오류2동,0,0,1,1,1,1,1330
다사426454,,0,고척2동,0,0,0,1,1,0,1725
다사449433,,0,구로1동,0,0,1,1,1,1,1330
다사413448,,0,개봉1동,0,0,0,1,1,0,1725
다사419431,,0,오류2동,0,0,0,1,1,0,1725
다사406452,,0,수궁동,0,0,0,1,1.041,0,1725
다사402434,,0,항동,0,0,1,1,1,1,1330
다사416422,,0,오류2동,0,0,1,1,1,1,1330
다사450466,,0,신도림동,0,0,0,1,1,0,1725
다사445437,,0,구로1동,0,0,0,1,1,0,1725
다사418419,,0,오류2동,0,0,0,1,1,0,1725
다사453450,,0,구로5동,0,0,1,1,1,1,1330
다사399436,,0,수궁동,0,0,0,1,1,0,1725
다사417452,,0,개봉1동,0,0,1,1,1,1,1330
다사411436,,0,오류2동,0,0,1,1,1,1,1330
다사427443,,0,개봉1동,0,0,1,1,1,1,1330
다사424430,,0,개봉3동,0,0,1,1,1.041,1.041,1290
다사411450,,0,수궁동,0,0,1,1,1,1,1330
다사420433,,0,오류2동,0,0,0,1,1,0,1725
다사443442,,0,구로1동,0,0,1,1,1,1,1330
다사411435,,0,오류2동,0,0,1,1,1,1,1330
다사422432,,0,개봉3동,0,0,0,1,1,0,1725
다사414448,,0,개봉1동,0,0,0,1,1,0,1725
다사402447,,0,수궁동,0,0,0,1,1,0,1725
다사440438,,0,개봉2동,0,0,0,1,1,0,1725
다사455462,,0,신도림동,0,0,0,1,1,0,1725
다사465427,,0,구로3동,0,0,1,1,1,1,1330
다사401429,,0,항동,0,0,0,1,1,0,1725
다사405457,,0,수궁동,0,0,0,1,1,0,1725
다사409453,,0,수궁동,0,0,0,1,1,0,1725
다사441446,,0,고척1동,0,0,0,1,1,0,1725
다사406426,,0,항동,0,0,0,1,1,0,1725
다사406420,,0,항동,0,0,0,1,1,0,1725
다사414451,,0,개봉1동,0,0,0,1,1,0,1725
다사411426,,0,오류2동,0,0,0,1,1,0,1725
다사463449,,0,구로5동,0,0,0.5,1,1,0.5,1723
다사410438,,0,오류2동,0,0,1,1,1,1,1330
다사414421,,0,오류2동,0,0,0,1,1,0,1725
다사451444,,0,구로2동,0,0,1,1,1,1,1330
다사401430,,0,항동,0,0,1,1,1,1,1330
다사464431,,0,구로3동,0,0,1,1,1,1,1330
다사462457,,0,신도림동,0,0,1,1,1,1,1330
다사449451,,0,구로2동,0,0,1,1,1,1,1330
다사451431,,0,구로1동,0,0,0,1,1,0,1725
다사429428,,0,개봉3동,0,0,0,1,1,0,1725
다사405432,,0,항동,0,0,0,1,1,0,1725
다사420455,,0,개봉1동,0,0,0,1,1,0,1725
다사442438,,0,구로1동,0,0,0,1,1,0,1725
다사438439,,0,개봉2동,0,0,0,1,1,0,1725
다사406455,,0,수궁동,0,0,1,1,1,1,1330
다사411431,,0,오류2동,0,0,1,1,1,1,1330
다사467430,,0,구로3동,0,0.265,1,1,1,1.265,1284
다사446452,,0,구로2동,0,0,1,1,1,1,1330
다사401445,,0,수궁동,0,0,1,1,1,1,1330
다사420418,,0,오류2동,0,0,1,1,1,1,1330
다사425428,,0,개봉3동,0,0,1,1,1,1,1330
다사421418,,0,오류2동,0,0,0,1,1,0,1725
다사419433,,0,오류2동,0,0,0,1,1,0,1725
다사450463,,0,신도림동,0,0,0,1,1,0,1725
다사463454,,0,구로5동,0,0,1,1,1,1,1330
다사423429,,0,개봉3동,0,0,1,1,1,1,1330
다사417454,,0,,0,0,0,1,1,0,1725
다사415450,,0,개봉1동,0,0,0,1,1,0,1725
다사450432,,0,구로1동,0,0,1,1,1,1,1330
다사421421,,0,오류2동,0,0,0,1,1,0,1725
다사447434,,0,구로1동,0,0,0,1,1,0,1725
다사446437,,0,구로1동,0,0,0,1,1,0,1725
다사465424,,0,구로3동,0,0,1,1,1,1,1330
다사445450,,0,구로2동,0,0,1,1,1,1,1330
다사416449,,0,개봉1동,0,0,1,1,1,1,1330
다사462456,,0,구로5동,0,0,1,1,1,1,1330
다사405428,,0,항동,0,0,0,1,1,0,1725
다사468428,,0,구로3동,0,0.44,1,1,1,1.44,1282
다사420435,,0,오류2동,0,0,0,1,1,0,1725
다사394419,,0,항동,0,0,1,1,1,1,1330
다사451441,,0,구로2동,0,0,1,1,1,1,1330
다사401455,,0,수궁동,0,0,0,1,1,0,1725
다사405429,,0,항동,0,0,1,1,1,1,1330
다사439440,,0,개봉2동,0,0,0,1,1,0,1725
다사461440,,0,구로4동,0,0,1,1,1,1,1330
다사443437,,0,구로1동,0,0,0,1,1,0,1725
다사412425,,0,오류2동,0,0,0,1,1,0,1725
다사450462,,0,신도림동,0,0,0,1,1,0,1725
다사411425,,0,오류2동,0,0,0,1,1,0,1725
다사408456,,0,수궁동,0,0,0,1,1,0,1725
다사430456,,0,고척2동,0,0,0,1,1.041,0,1725
다사430457,,0,고척2동,0,0,0,1,1,0,1725
다사444445,,0,구로2동,0,0,1,1,1,1,1330
다사415451,,0,개봉1동,0,0,0,1,1.041,0,1725
다사398424,,0,항동,0,0,0,1,1,0,1725
다사400420,,0,항동,0,0,1,1,1,1,1330
다사413447,,0,오류1동,0,0,1,1,1,1,1330
다사449463,,0,신도림동,0,0,0,1,1,0,1725
다사408455,,0,수궁동,0,0,0,1,1,0,1725
다사423456,,0,고척2동,0,0,1,1,1,1,1330
다사405430,,0,항동,0,0,0,1,1,0,1725
다사448457,,0,신도림동,0,0,1,1,1,1,1330
다사397423,,0,항동,0,0,0,1,1,0,1725
다사439444,,0,고척1동,0,0,1,1,1,1,1330
다사442443,,0,구로2동,0,0,1,1,1,1,1330
다사393443,,0,수궁동,0,0,0,1,1,0,1725
다사444435,,0,구로1동,0,0,0,1,1,0,1725
다사409430,,0,오류2동,0,0,0,1,1,0,1725
다사422431,,0,개봉3동,0,0,0,1,1,0,1725
다사440445,,0,고척1동,0,0.97,1,1,1,1.97,1246
다사404436,,0,오류2동,0,0,1,1,1,1,1330
다사422434,,0,오류2동,0,0,0,1,1,0,1725
다사415419,,0,오류2동,0,0,0,1,1,0,1725
다사402438,,0,수궁동,0,0.555,1,1,1,1.555,1266
다사398428,,0,항동,0,0,1,1,1,1,1330
다사412420,,0,오류2동,0,0,0,1,1,0,1725
다사461458,,0,신도림동,0,0,0,1,1.041,0,1725
다사443453,,0,고척1동,0,0,1,1,1,1,1330
다사451463,,0,신도림동,0,0,0,1,1,0,1725
다사399449,,0,수궁동,0,0,0,1,1,0,1725
다사394444,,0,수궁동,0,0,0,1,1,0,1725
다사414423,,0,오류2동,0,0,0,1,1,0,1725
다사404448,,0,수궁동,0,0,1,1,1,1,1330
다사467427,,0,구로3동,0,0,1,1,1,1,1330
다사426444,,0,개봉1동,0,0,1,1,1,1,1330
다사434455,,0,고척2동,0,0,0,1,1.041,0,1725
다사425438,,0,개봉2동,0,0,0,1,1,0,1725
다사450433,,0,구로1동,0,0,1,1,1,1,1330
다사460457,,0,신도림동,0,0,1,1,1,1,1330
다사405449,,0,수궁동,0,0,1,1,1,1,1330
다사417453,,0,개봉1동,0,0,0,1,1,0,1725
다사407452,,0,수궁동,0,0,0,1,1,0,1725
다사409425,,0,항동,0,0,0,1,1,0,1725
다사439438,,0,개봉2동,0,0,0,1,1,0,1725
다사445451,,0,구로2동,0,0,0,1,1,0,1725
다사454451,,0,신도림동,0,0,1,1,1,1,1330
다사463426,,0,구로3동,0,0.455,1,1,1,1.455,1281
다사400446,,0,수궁동,0,0,1,1,1,1,1330
다사402445,,0,수궁동,0,0,0,1,1,0,1725
다사396438,,0,수궁동,0,0,1,1,1,1,1330
다사443446,,0,구로2동,0,0,0,1,1,0,1725
다사407427,,0,항동,0,0,0,1,1,0,1725
다사416419,,0,오류2동,0,0,0,1,1,0,1725
다사444451,,0,고척1동,0,0,0,1,1,0,1725
다사410451,,0,수궁동,0,0,0,1,1,0,1725
다사411424,,0,오류2동,0,0,0,1,1,0,1725
다사413438,,0,오류2동,0,0,1,1,1,1,1330
다사424457,,0,고척2동,0,0,0,1,1,0,1725
다사446435,,0,구로1동,0,0,0,1,1,0,1725
다사404430,,0,항동,0,0,0,1,1,0,1725
다사423435,,0,개봉3동,0,0,0,1,1,0,1725
다사446451,,0,구로2동,0,0,1,1,1,1,1330
다사403438,,0,수궁동,0,0,1,1,1,1,1330
다사406421,,0,항동,0,0,0,1,1,0,1725
다사409450,,0,수궁동,0,0,0,1,1,0,1725
다사411423,,0,오류2동,0,0,0,1,1,0,1725
다사394440,,0,수궁동,0,0,1,1,1,1,1330
다사447436,,0,구로1동,0,0,1,1,1,1,1330
다사433445,,0,고척1동,0,0,1,1,1,1,1330
다사464446,,0,구로5동,0,0,0,1,1,0,1725
다사464442,,0,구로4동,0,0,1,1,1,1,1330
다사421437,,0,오류2동,0,0,1,1,1,1,1330
다사402426,,0,항동,0,0,1,1,1,1,1330
다사409431,,0,오류2동,0,0,0,1,1,0,1725
다사402422,,0,항동,0,0,1,1,1,1,1330
다사420417,,0,오류2동,0,0,0,1,1,0,1725
다사403428,,0,항동,0,0,1,1,1,1,1330
다사437455,,0,고척2동,0,0,1,1,1,1,1330
다사406440,,0,수궁동,0,0,1,1,1.041,1.041,1290
다사404452,,0,수궁동,0,0,0,1,1,0,1725
다사446442,,0,구로1동,0,0.835,1,1,1,1.835,1249
다사445439,,0,구로1동,0,0,1,1,1,1,1330
다사463430,,0,구로3동,0,0.225,1,1,1,1.225,1286
다사407431,,0,오류2동,0,0,0,1,1,0,1725
다사419453,,0,개봉1동,0,0,0,1,1,0,1725
다사438438,,0,개봉2동,0,0,0,1,1,0,1725
다사445436,,0,구로1동,0,0,0,1,1,0,1725
다사442441,,0,구로1동,0,0,0,1,1,0,1725
다사441442,,0,구로2동,0,0,1,1,1,1,1330
다사423437,,0,오류2동,0,0,1,1,1.041,1.041,1290
다사466428,,0,구로3동,0,0.885,1,1,1,1.885,1248
다사404456,,0,수궁동,0,0,0,1,1,0,1725
다사403431,,0,항동,0,0,1,1,1,1,1330
다사426426,,0,개봉3동,0,0,0,1,1,0,1725
다사405441,,0,수궁동,0,0,1,1,1,1,1330
다사450450,,0,구로2동,0,0,1,1,1,1,1330
다사464434,,0,구로3동,0,0,1,1,1,1,1330
다사441452,,0,고척1동,0,0,1,1,1,1,1330
다사397422,,0,항동,0,0,0,1,1,0,1725
다사405452,,0,수궁동,0,0,1,1,1,1,1330
다사405439,,0,오류2동,0,0,1,1,1,1,1330
다사451446,,0,구로2동,0,0,1,1,1,1,1330
다사463428,,0,구로3동,0,0.265,1,1,1,1.265,1284
다사471428,,0,구로3동,0,0.455,0,1,1,0.455,1724
다사421424,,0,오류2동,0,0,0,1,1,0,1725
다사400451,,0,수궁동,0,0,0,1,1,0,1725
다사434445,,0,고척1동,0,0,1,1,1,1,1330
다사445435,,0,구로1동,0,0,1,1,1,1,1330
다사449460,,0,신도림동,0,0,0,1,1,0,1725
다사417429,,0,오류2동,0,0,1,1,1,1,1330
다사405444,,0,수궁동,0,0,1,1,1,1,1330
다사418426,,0,오류2동,0,0,1,1,1,1,1330
다사400448,,0,수궁동,0,0,0,1,1,0,1725
다사463450,,0,구로5동,0,0,1,1,1,1,1330
다사395443,,0,수궁동,0,0,0,1,1,0,1725
다사423428,,0,개봉3동,0,0,1,1,1,1,1330
다사400447,,0,수궁동,0,0,0,1,1,0,1725
다사412430,,0,오류2동,0,0,1,1,1.041,1.041,1290
다사404457,,0,수궁동,0,0,0,1,1,0,1725
다사455463,,0,신도림동,0,0,0,1,1,0,1725
다사465431,,0,구로3동,0,0,1,1,1,1,1330
다사398445,,0,수궁동,0,0,1,1,1,1,1330
다사451439,,0,구로1동,0,0,1,1,1.041,1.041,1290
다사404439,,0,수궁동,0,0,0,1,1,0,1725
다사408452,,0,수궁동,0,0,0,1,1,0,1725
다사448461,,0,신도림동,0,0,0,1,1,0,1725
다사414439,,0,오류2동,0,0,1,1,1,1,1330
