gid,lbl,val_200,d_name,cctv_21,g2_env,g3_flow,w1_female,w2_dandock,index_k,index_rank
다사462437,50,50,구로4동,0.611,1,4,1,1.041,5.841,831
다사399421,559,559,항동,10,0,2,1.095,1,13.14,107
다사412444,228,228,오류1동,7.732,0,3,1,1.041,11.172,346
다사428439,554,554,개봉2동,0.282,0,5,1,1.041,5.499,865
다사424440,591,591,개봉2동,3.715,0,5,1.095,1.041,9.934,447
다사439449,400,400,고척1동,2.195,0,4.5,1,1.041,6.969,724
다사460428,310,310,가리봉동,0.115,0,2,1,1.041,2.202,1188
다사462434,782,782,구로3동,4.34,0,4.5,1,1,8.84,545
다사417440,251,251,오류1동,7.832,0,3.5,1.095,1,12.409,217
다사421448,211,211,개봉1동,4.221,0.645,4,1,1.041,9.23,501
다사436443,348,348,고척1동,10,0.28,2.5,1.095,1,13.994,57
다사427429,1379,1379,개봉3동,7.085,0,5,1,1,12.085,231
다사430451,444,444,고척2동,3.215,0,4.5,1,1.041,8.031,623
다사456453,22,22,신도림동,10,0,1.5,1,1.041,11.971,263
다사422451,261,261,개봉1동,6.492,0.455,2.5,1,1.041,9.834,458
다사456429,300,300,가리봉동,0,0,3.5,1,1.041,3.643,1051
다사447445,166,166,구로1동,7.788,0,4,1.095,1,12.908,173
다사426435,502,502,개봉3동,1.706,0,3.5,1,1.041,5.419,869
다사405445,375,375,수궁동,4.871,0,4.5,1.095,1,10.261,406
다사431451,902,902,고척2동,8.499,0,3,1.095,1,12.591,193
다사461433,784,784,구로3동,9.426,0,4,1.095,1,14.701,30
다사434440,255,255,개봉2동,2.163,0,5,1.095,1,7.843,634
다사414437,559,559,오류2동,10,0,0.5,1,1,10.5,392
다사424446,524,524,개봉1동,4.725,0,4.5,1.095,1,10.101,431
다사430445,336,336,개봉1동,0.408,0,3.5,1,1.041,4.068,1011
다사434454,348,348,고척2동,8.254,0.94,4,1,1,13.194,101
다사404423,447,447,항동,10,0,2.5,1.095,1,13.688,68
다사427438,693,693,개봉2동,1.448,0,4.5,1.095,1,6.513,772
다사432433,617,617,개봉3동,1.725,0,5,1,1.041,7.001,721
다사448452,483,483,구로2동,3.371,0.25,3.5,1,1,7.121,710
다사457457,257,257,신도림동,5.407,0.835,5,1,1,11.242,336
다사408445,563,563,수궁동,5.685,0,2.5,1.095,1,8.963,534
다사432450,184,184,고척1동,7.117,0,4.5,1,1.041,12.093,230
다사461425,241,241,가리봉동,2.037,1.47,3,1.095,1.041,7.417,673
다사412427,25,25,오류2동,1.536,0,2,1,1,3.536,1065
다사449437,723,723,구로1동,10,0,5,1,1,15,19
다사424455,382,382,고척2동,0.004,0,2.5,1,1.041,2.607,1159
다사434438,906,906,개봉2동,4.62,0,3.5,1.095,1,8.891,540
다사450452,278,278,구로2동,9.955,0.835,3.5,1.095,1,15.648,7
다사457449,334,334,구로5동,0.841,0,5,1,1.041,6.08,812
다사459441,N/A,0,구로2동,0,0,2.5,1,1,2.5,1165
다사398431,127,127,항동,7.539,0,2.5,1.095,1,10.993,363
다사457460,851,851,신도림동,4.892,0,3.5,1.095,1,9.189,506
다사422446,182,182,개봉1동,6.173,0,2.5,1,1.041,9.029,521
다사463425,92,92,구로3동,3.56,0,3.5,1,1,7.06,716
다사421449,366,366,개봉1동,4.192,0.455,4,1,1.041,9.002,525
다사434446,18,18,고척1동,10,0,2.5,1,1,12.5,200
다사421442,551,551,오류1동,8.705,0,4.5,1.095,1,14.459,33
다사430446,504,504,고척1동,2.437,0,3,1,1.041,5.66,848
다사456439,N/A,0,구로2동,0,0,3,1,1,3,1117
다사419428,398,398,오류2동,8.28,0,4,1.095,1,13.447,93
다사452438,336,336,구로2동,0.208,0,4,1,1.041,4.381,975
다사432432,N/A,0,개봉3동,0,0,4,1,1,4,1016
다사403437,218,218,수궁동,9.846,0,2.5,1,1.041,12.852,176
다사423447,295,295,개봉1동,7.589,0,5,1,1,12.589,194
다사410448,31,31,수궁동,8.984,0,1,1,1.041,10.393,397
다사416423,277,277,오류2동,10,0,4.5,1.095,1,15.878,4
다사418428,N/A,0,오류2동,0,0,4,1,1.041,4.164,1005
다사429438,497,497,개봉2동,3.109,0.455,4,1.095,1.041,8.622,562
다사431441,1002,1002,개봉2동,5.553,0.455,4,1.095,1,10.959,364
다사404445,144,144,수궁동,7.725,0,4.5,1,1.041,12.726,182
다사421452,134,134,개봉1동,5.483,0,4,1,1.041,9.872,455
다사408449,8,8,수궁동,10,0,1,1,1.041,11.451,302
다사442452,11,11,고척1동,7.696,0,1,1,1,8.696,558
다사462429,270,270,구로3동,0.991,0.455,3.5,1,1.041,5.149,899
다사400423,72,72,항동,10,0,2,1.095,1,13.14,107
다사430439,92,92,개봉2동,3.753,1,5,1,1.041,10.153,424
다사403442,47,47,수궁동,2.088,0,2,1,1.041,4.256,995
다사414443,376,376,오류1동,2.897,0,4.5,1,1.041,7.7,650
다사408435,293,293,오류2동,8.826,0,3.5,1.095,1,13.497,91
다사457442,375,375,구로2동,4.412,0,1.5,1,1.041,6.154,807
다사417428,441,441,오류2동,3.739,0,4,1.095,1,8.474,576
다사453442,552,552,구로2동,0.041,0,2,1,1.041,2.125,1194
다사414431,300,300,오류2동,6.963,0,4,1.095,1,12.004,244
다사447439,622,622,구로1동,4.635,0,4.5,1.095,1,10.003,437
다사453459,166,166,신도림동,9.985,0,3.5,1.095,1.041,15.371,10
다사414446,230,230,오류1동,10,0,2.5,1,1,12.5,200
다사403449,11,11,수궁동,10,0,1,1,1.041,11.451,302
다사417449,261,261,개봉1동,0.38,0,4.5,1,1,4.88,928
다사400438,86,86,수궁동,6.765,0.555,4.5,1.095,1,12.943,169
다사428453,15,15,고척2동,0.432,0,1,1,1,1.432,1277
다사431440,346,346,개봉2동,7.174,0,4.5,1,1,11.674,285
다사454459,2058,2058,신도림동,7.932,0,4.5,1.095,1,13.613,84
다사417422,317,317,오류2동,5.022,0,4,1.095,1,9.879,454
다사452432,N/A,0,가리봉동,0,0,1.5,1,1,1.5,1261
다사409446,433,433,수궁동,9.714,0,2,1,1,11.714,280
다사431442,12,12,개봉1동,10,0.455,3.5,1,1,13.955,61
다사428442,497,497,개봉1동,10,0,4.5,1.095,1,15.878,4
다사454443,121,121,구로2동,2.204,0.5,2.5,1,1.041,5.417,871
다사459438,345,345,구로2동,2.531,0,3,1.095,1.041,6.305,792
다사421444,269,269,오류1동,4.127,0,3,1,1,7.127,709
다사432456,214,214,고척2동,10,0,3.5,1.095,1,14.782,25
다사435449,11,11,고척1동,10,0,5,1,1,15,19
다사430437,132,132,개봉2동,0.686,0.91,4.5,1.095,1.041,6.949,725
다사432449,428,428,고척1동,1.89,0,2.5,1.095,1.041,5.004,916
다사427441,946,946,개봉2동,10,0,5,1,1,15,19
다사464440,213,213,구로4동,4.338,0.295,3,1,1,7.633,660
다사418447,137,137,개봉1동,7.748,0,2.5,1,1,10.248,409
다사408441,173,173,수궁동,2.999,0,4,1,1.041,7.286,690
다사429448,328,328,개봉1동,0.999,0,2,1,1.041,3.122,1107
다사420427,N/A,0,오류2동,0,0,3,1,1,3,1117
다사420438,145,145,오류2동,2.245,0,2.5,1,1,4.745,937
다사451457,218,218,신도림동,2.097,0,3,1,1.041,5.306,882
다사461438,220,220,구로4동,2.993,1,2.5,1,1.041,6.759,749
다사428438,499,499,개봉2동,6.143,0,4,1,1.041,10.559,389
다사468424,52,52,구로3동,5.138,0,1,1,1,6.138,808
다사419442,254,254,오류1동,4.922,0.91,5,1.095,1,11.861,271
다사418438,574,574,오류2동,1.573,0.65,5,1.095,1.041,8.233,600
다사460452,337,337,구로5동,4.704,0.315,4.5,1,1,9.519,482
다사429440,624,624,개봉2동,5.861,0,5,1,1.041,11.306,327
다사417442,408,408,오류1동,2.154,0,4,1.095,1.041,7.015,720
다사449456,N/A,0,신도림동,0,0,3,1,1,3,1117
다사451455,139,139,신도림동,0,0.5,4,1,1.041,4.685,943
다사425432,45,45,개봉3동,6.919,0,1,1,1.041,8.244,597
다사401433,112,112,항동,9.928,0,1,1,1,10.928,366
다사458430,481,481,구로3동,0.02,0.67,5,1,1,5.69,845
다사470429,24,24,구로3동,1.708,1.885,3.5,1,1,7.093,713
다사450457,265,265,신도림동,1.643,0.625,2.5,1,1.041,4.963,922
다사462425,390,390,가리봉동,1.366,0.715,2,1,1.041,4.248,998
다사434450,809,809,고척1동,7.186,0,5,1.095,1,13.344,95
다사451456,326,326,신도림동,7.513,0.355,3.5,1,1.041,11.834,272
다사450454,663,663,신도림동,9.216,0,3.5,1.095,1,13.924,63
다사452442,226,226,구로2동,2.985,0,2,1.095,1.041,5.682,846
다사456447,154,154,구로5동,2.125,0,5,1,1.041,7.417,673
다사450449,14,14,구로2동,6.712,0,2.5,1,1.041,9.59,477
다사463441,403,403,구로4동,8.45,0,3.5,1.095,1,13.085,150
다사404441,93,93,수궁동,6.267,0,1.5,1,1,7.767,642
다사456440,311,311,구로2동,0.91,0.77,2.5,1,1.041,4.351,982
다사432442,332,332,개봉1동,9.339,0,3.5,1,1,12.839,178
다사430444,37,37,개봉1동,6.722,0,2.5,1,1,9.222,502
다사432441,N/A,0,개봉1동,0,1.07,3,1,1,4.07,1010
다사436445,864,864,고척1동,9.757,0,3.5,1,1,13.257,97
다사436441,1215,1215,개봉1동,9.869,0,3,1.095,1,14.092,51
다사458460,297,297,신도림동,4.035,0,2.5,1,1,6.535,769
다사417432,95,95,오류2동,6.156,0,5,1.095,1,12.216,226
다사426448,239,239,고척2동,5.647,0.68,2.5,1,1.041,9.189,506
다사426453,103,103,고척2동,2.742,0,1.5,1,1.041,4.416,970
다사459434,1521,1521,구로4동,4.912,0.5,4.5,1,1,9.912,451
다사404425,171,171,항동,10,0,2.5,1.095,1,13.688,68
다사453444,299,299,구로2동,0.06,0.68,3.5,1,1.041,4.414,971
다사466424,984,984,구로3동,3.351,0,4.5,1.095,1,8.597,564
다사424444,224,224,개봉1동,8.932,0,2.5,1,1,11.432,311
다사469429,34,34,구로3동,1.991,1.345,3.5,1,1.041,7.116,711
다사416441,246,246,오류1동,4.23,0.265,3.5,1.095,1,8.755,551
다사417433,112,112,오류2동,8.889,0,3.5,1,1,12.389,219
다사414425,460,460,오류2동,8.718,0,2.5,1,1,11.218,338
다사448456,263,263,신도림동,2.789,0,3.5,1,1,6.289,795
다사403450,N/A,0,수궁동,0,0,1,1,1.041,1.041,1290
다사401432,318,318,항동,6.62,0,2,1,1,8.62,563
다사464435,1041,1041,구로3동,7.467,0,4.5,1.095,1,13.104,148
다사431455,112,112,고척2동,6.347,0,2.5,1.095,1,9.687,471
다사447438,138,138,구로1동,9.955,0,3.5,1,1,13.455,92
다사430433,243,243,개봉3동,0.637,0.555,3,1,1.041,4.364,980
다사459442,322,322,구로5동,6.985,0,2,1.095,1,9.839,457
다사404433,18,18,항동,10,0,1,1.095,1,12.045,233
다사399428,45,45,항동,10,0,1,1,1.041,11.451,302
다사412441,N/A,0,수궁동,0,0,2,1,1,2,1209
다사452433,174,174,구로2동,3.682,0,2,1,1.041,5.915,823
다사424449,209,209,개봉1동,1.785,0.15,3.5,1,1.041,5.658,849
다사414440,317,317,오류1동,6.975,0,4.5,1.095,1.041,13.08,152
다사418420,196,196,오류2동,1.864,0,2,1.095,1,4.231,1000
다사421428,560,560,오류2동,9.771,0,5,1,1,14.771,28
다사463436,27,27,구로3동,5.537,1.11,3.5,1,1,10.147,425
다사419450,442,442,개봉1동,2.888,0.625,3,1,1.041,6.78,744
다사416425,165,165,오류2동,4.147,0,3.5,1,1,7.647,659
다사423439,389,389,오류2동,4.883,0,5,1,1,9.883,453
다사411442,112,112,수궁동,2.04,0,3,1,1.041,5.247,891
다사438443,254,254,고척1동,3.275,0,3.5,1,1,6.775,746
다사404447,71,71,수궁동,6.921,0,1,1,1.041,8.246,595
다사418450,70,70,개봉1동,9.801,0,1.5,1,1,11.301,328
다사461436,452,452,구로4동,0.005,0.835,2,1,1.041,2.956,1126
다사455456,N/A,0,신도림동,0,0,3,1,1,3,1117
다사462435,9,9,구로3동,0.124,0.575,3,1,1,3.699,1047
다사406441,363,363,수궁동,10,0,3.5,1,1,13.5,88
다사428454,29,29,고척2동,3.703,0,2,1,1,5.703,843
다사400428,377,377,항동,10,0,1,1.095,1.041,12.539,198
다사428444,9,9,개봉1동,10,0,2.5,1,1,12.5,200
다사429453,409,409,고척2동,1.872,0,4,1.095,1.041,6.693,757
다사439447,474,474,고척1동,3.512,1.875,3.5,1.095,1,9.731,468
다사401436,302,302,수궁동,10,0,3.5,1,1,13.5,88
다사453451,360,360,신도림동,10,0.77,4.5,1.095,1,16.721,1
다사462453,620,620,구로5동,8.478,0.745,3.5,1.095,1,13.932,62
다사415444,40,40,오류1동,4.926,0,2.5,1,1.041,7.73,646
다사406443,111,111,수궁동,5.009,0,2.5,1,1,7.509,669
다사407446,24,24,수궁동,8.627,0,2,1,1,10.627,386
다사410449,N/A,0,수궁동,0,0,1,1,1.041,1.041,1290
다사415435,11,11,오류2동,0.09,0,1.5,1,1,1.59,1250
다사402435,130,130,수궁동,6.683,0,2,1,1,8.683,560
다사427447,316,316,고척2동,3.361,1.43,2,1,1.041,7.069,715
다사438444,122,122,고척1동,5.264,0.5,2.5,1,1,8.264,592
다사452446,677,677,구로2동,3.954,0,2.5,1,1,6.454,776
다사456437,115,115,구로2동,8.989,0,3,1,1.041,12.481,213
다사427435,391,391,개봉3동,0,0,1.5,1,1.041,1.562,1252
다사430432,159,159,개봉3동,7.441,0.21,3.5,1,1.041,11.608,290
다사457451,416,416,구로5동,8.039,0,4,1.095,1,13.183,102
다사414441,374,374,오류1동,4.639,0,5,1,1.041,10.034,435
다사445440,387,387,구로1동,5.222,0,3.5,1.095,1,9.551,480
다사462426,102,102,구로3동,0.208,0,3.5,1,1,3.708,1042
다사414429,180,180,오류2동,10,0,1,1,1,11,354
다사450453,861,861,신도림동,9.721,0,3.5,1.095,1,14.477,32
다사403434,101,101,항동,7.94,0,1.5,1,1,9.44,486
다사452440,349,349,구로2동,4.847,0,4,1,1.041,9.21,503
다사456432,303,303,구로2동,2.677,0.83,4,1,1.041,7.815,636
다사455434,121,121,구로2동,2.346,1.52,1,1,1.041,5.066,907
다사461429,106,106,구로3동,1.7,0.385,1,1,1.041,3.211,1093
다사399429,206,206,항동,10,0,4.5,1,1.041,15.094,18
다사426446,297,297,개봉1동,1.558,0,3.5,1,1.041,5.265,888
다사429454,301,301,고척2동,0.001,0,2,1,1.041,2.083,1199
다사432440,14,14,개봉2동,5.744,1.515,4,1,1,11.259,334
다사419430,N/A,0,오류2동,0,0,3.5,1,1,3.5,1068
다사422455,99,99,고척2동,3.564,0,3,1,1.041,6.833,736
다사415437,580,580,오류2동,8.031,0,3.5,1,1,11.531,293
다사415438,886,886,오류2동,10,0,5,1.095,1,16.425,2
다사448445,N/A,0,구로1동,0,0,3,1,1,3,1117
다사404435,312,312,오류2동,1.564,0,1.5,1.095,1,3.355,1082
다사417439,271,271,오류2동,2.87,0,3.5,1.095,1,6.975,722
다사431447,161,161,고척1동,1.362,0,2,1,1.041,3.5,1068
다사457434,742,742,구로4동,5.973,0,4,1,1,9.973,443
다사454439,141,141,구로2동,5.789,1.25,4.5,1,1.041,12.012,243
다사457432,639,639,구로4동,0.25,0,5,1,1,5.25,890
다사454432,257,257,구로2동,0.343,0,2.5,1,1.041,2.96,1124
다사462441,14,14,구로4동,3.59,0,2.5,1,1,6.09,810
다사403422,661,661,항동,10,0,2,1.095,1,13.14,107
다사462424,448,448,가리봉동,0.29,0.485,5,1.095,1.041,6.583,763
다사424428,151,151,개봉3동,6.95,0,2.5,1,1,9.45,485
다사453445,331,331,구로2동,6.849,1.67,4,1,1.041,13.032,153
다사413444,317,317,오류1동,3.257,0,2.5,1,1.041,5.993,818
다사427433,420,420,개봉3동,0.407,0,2.5,1,1.041,3.026,1116
다사423440,515,515,오류2동,4.338,0,5,1,1.041,9.721,469
다사465433,158,158,구로3동,0.664,0,3.5,1,1.041,4.335,987
다사400443,828,828,수궁동,6.245,0,4.5,1,1,10.745,381
다사404424,208,208,항동,10,0,2.5,1.095,1,13.688,68
다사440442,N/A,0,고척1동,0,0,1,1,1.041,1.041,1290
다사411444,10,10,수궁동,10,0,1.5,1,1.041,11.971,263
다사458447,351,351,구로5동,2.28,0,3,1,1.041,5.496,866
다사432436,183,183,개봉2동,0,0,3.5,1,1.041,3.643,1051
다사413441,364,364,수궁동,9.624,0,4,1,1,13.624,83
다사417436,405,405,오류2동,0.263,0,4,1.095,1.041,4.859,930
다사407423,N/A,0,항동,0,0,0,1,1,0,1725
다사461449,6,6,구로5동,9.327,0,5,1,1,14.327,35
다사464441,8,8,구로4동,7.342,0.68,1,1,1.041,9.392,489
다사424454,491,491,고척2동,0,0,2.5,1.095,1.041,2.85,1135
다사445443,489,489,구로1동,8.774,0,4,1.095,1,13.988,58
다사464427,N/A,0,구로3동,0,0.5,3.5,1,1,4,1016
다사425447,337,337,개봉1동,5.108,0,3.5,1,1.041,8.961,535
다사431453,20,20,고척2동,0.587,0.5,2.5,1,1.041,3.734,1035
다사457429,74,74,가리봉동,0,2.385,3,1,1.041,5.606,851
다사453430,17,17,가리봉동,4.958,0,1,1,1.041,6.202,802
다사420449,432,432,개봉1동,0.838,0,3,1.095,1.041,4.375,977
다사456459,12,12,신도림동,2.515,0.21,5,1,1,7.725,647
다사451460,16,16,신도림동,2.313,0,2,1,1,4.313,990
다사431448,201,201,고척1동,1.347,0,2,1,1,3.347,1083
다사454461,64,64,신도림동,3.366,0,1,1,1,4.366,978
다사428456,414,414,고척2동,5.929,0.28,4,1.095,1,11.179,345
다사461443,221,221,구로5동,5.62,0,5,1.095,1,11.629,289
다사408433,326,326,오류2동,5.446,0,3,1.095,1,9.248,499
다사410433,346,346,오류2동,8.6,0,4,1,1,12.6,188
다사407448,26,26,수궁동,3.25,0,1,1,1,4.25,997
다사459445,330,330,구로5동,0.475,0,4,1,1.041,4.658,945
다사466433,957,957,구로3동,8.104,0,4.5,1.095,1,13.801,65
다사432454,302,302,고척2동,7.03,1.5,2.5,1.095,1.041,12.573,196
다사439446,141,141,고척1동,5.165,0,2,1.095,1,7.846,633
다사449449,35,35,구로2동,10,0.215,1.5,1,1,11.715,279
다사457445,191,191,구로5동,4.656,0.555,4,1.095,1.041,10.5,392
다사456428,160,160,가리봉동,1.691,0,3,1,1.041,4.883,927
다사461451,313,313,구로5동,0.929,1.5,4.5,1,1.041,7.213,699
다사433441,82,82,개봉1동,1.927,0,3,1,1,4.927,925
다사436450,259,259,고척1동,5.917,0,4,1,1,9.917,449
다사458450,187,187,구로5동,0.118,0.625,3.5,1,1.041,4.417,969
다사458443,213,213,구로2동,0.714,0.6,2.5,1,1.041,3.97,1019
다사408434,219,219,오류2동,6.627,0,3.5,1,1,10.127,426
다사424448,260,260,개봉1동,1.839,0.355,3,1,1.041,5.407,874
다사438449,186,186,고척1동,0.781,0.17,3.5,1,1.041,4.633,948
다사471429,N/A,0,구로3동,0,0.665,2.5,1,1,3.165,1101
다사409432,58,58,오류2동,6.87,0,3,1.095,1,10.808,377
다사459431,699,699,구로3동,0.074,0,4,1,1,4.074,1009
다사415442,324,324,오류1동,0.993,0,3.5,1.095,1.041,5.122,902
다사435453,671,671,고척2동,8.924,0,4,1.095,1,14.152,50
다사439451,270,270,고척1동,3.405,0,3.5,1,1.041,7.188,705
다사456441,350,350,구로2동,4.017,0,2.5,1,1.041,6.784,743
다사407432,194,194,오류2동,8.85,0,1.5,1,1,10.35,400
다사416427,789,789,오류2동,7.41,0,4,1.095,1,12.494,209
다사453435,292,292,구로2동,0.798,0,1.5,1,1.041,2.392,1176
다사450447,N/A,0,구로2동,0,0.715,1,1,1,1.715,1239
다사435444,6,6,고척1동,10,0,2.5,1,1,12.5,200
다사458440,80,80,구로2동,3.809,0.91,3.5,1,1,8.219,603
다사401420,111,111,항동,10,0,1,1,1,11,354
다사465432,56,56,구로3동,7.241,0,2,1,1,9.241,500
다사419452,255,255,개봉1동,7.282,0,2,1,1.041,9.663,472
다사436454,198,198,고척2동,2.869,0,3.5,1,1,6.369,784
다사428435,629,629,개봉3동,0,0,1.5,1,1.041,1.562,1252
다사427454,44,44,고척2동,6.183,0,1,1,1,7.183,706
다사452459,46,46,신도림동,2.525,0,2,1,1.041,4.711,938
다사455431,264,264,가리봉동,0.604,1.43,1.5,1,1.041,3.679,1050
다사463434,349,349,구로3동,1.146,0,3.5,1,1,4.646,946
다사399445,332,332,수궁동,8.471,0,4,1.095,1,13.656,79
다사417427,603,603,오류2동,9.64,0,4,1.095,1,14.936,22
다사417447,488,488,개봉1동,8.604,0,1.5,1,1,10.104,429
다사448454,792,792,신도림동,10,0,4,1,1,14,54
다사422445,647,647,개봉1동,3.832,0.625,4.5,1,1.041,9.324,495
다사452462,384,384,신도림동,3.721,0,3,1.095,1,7.359,679
다사398430,232,232,항동,9.585,0,2.5,1,1,12.085,231
다사419445,339,339,오류1동,2.657,0,2.5,1,1.041,5.368,876
다사422427,251,251,오류2동,0.193,0,2.5,1.095,1,2.949,1129
다사455452,N/A,0,신도림동,0,0,1,1,1,1,1330
다사425446,359,359,개봉1동,1.7,0,3.5,1,1.041,5.413,873
다사459444,444,444,구로5동,0,0,3.5,1,1.041,3.643,1051
다사453439,419,419,구로2동,2.498,0,4,1,1.041,6.764,748
다사429432,458,458,개봉3동,0.371,0,2.5,1,1.041,2.989,1123
다사437451,59,59,고척1동,1.847,0.555,3.5,1,1,5.902,826
다사436438,113,113,개봉2동,1.726,0,2.5,1,1,4.226,1001
다사402421,N/A,0,항동,0,0,2,1,1,2,1209
다사427430,435,435,개봉3동,5.202,0,3,1,1,8.202,605
다사459428,235,235,가리봉동,0.056,0,1.5,1,1.041,1.62,1247
다사458434,707,707,구로4동,1.367,0,3.5,1,1,4.867,929
다사404434,153,153,오류2동,7.44,0,1.5,1,1,8.94,538
다사415425,508,508,오류2동,8.6,0,3,1.095,1,12.702,184
다사420428,320,320,오류2동,10,0,3.5,1.095,1,14.782,25
다사426437,477,477,개봉2동,4.573,0,3.5,1,1.041,8.404,582
다사455437,8,8,구로2동,4.614,0,3.5,1,1.041,8.447,579
다사426449,290,290,고척2동,2.697,0.15,2,1,1.041,5.046,910
다사450451,N/A,0,구로2동,0,0.135,2.5,1,1,2.635,1154
다사425450,169,169,고척2동,2.385,0.225,2,1,1.041,4.799,934
다사397420,56,56,항동,10,0,2,1,1,12,245
다사455457,845,845,신도림동,9.226,0,4,1,1,13.226,99
다사458455,449,449,신도림동,9.509,0,3,1.095,1,13.697,67
다사417431,189,189,오류2동,10,0,5,1.095,1,16.425,2
다사406444,303,303,수궁동,4.91,0,2,1,1,6.91,727
다사423445,N/A,0,개봉1동,0,0,1.5,1,1,1.5,1261
다사455442,317,317,구로2동,0.039,0,3,1,1.041,3.164,1104
다사460437,638,638,구로4동,2.525,0.21,2,1,1.041,4.929,924
다사461447,780,780,구로5동,3.718,0,3,1.095,1,7.356,680
다사403423,209,209,항동,10,0,2,1,1,12,245
다사453432,243,243,가리봉동,0.217,0,2.5,1,1.041,2.828,1138
다사462455,N/A,0,구로5동,0,0,2.5,1,1,2.5,1165
다사401423,403,403,항동,10,0,2,1.095,1,13.14,107
다사422428,276,276,오류2동,9.025,0,4,1.095,1,14.262,36
다사430455,75,75,고척2동,5.697,0,1,1,1,6.697,756
다사447454,N/A,0,구로2동,0,0.525,2,1,1,2.525,1164
다사425454,154,154,고척2동,1.561,0,2,1,1.041,3.707,1043
다사447432,121,121,구로1동,10,0,1,1,1,11,354
다사448432,604,604,구로1동,9.846,0,1.5,1,1,11.346,320
다사405447,130,130,수궁동,9.893,0,2.5,1,1,12.393,218
다사430454,151,151,고척2동,0.249,0,2,1,1.041,2.341,1179
다사448453,100,100,구로2동,9.158,0,4,1,1,13.158,104
다사422447,118,118,개봉1동,5.613,0,3,1,1.041,8.966,532
다사464423,417,417,가리봉동,9.43,0,4,1.095,1,14.706,29
다사461454,N/A,0,구로5동,0,0.05,3.5,1,1,3.55,1061
다사426451,390,390,고척2동,0,0,2,1,1.041,2.082,1200
다사404422,532,532,항동,10,0,1,1.095,1,12.045,233
다사411441,342,342,수궁동,2.134,0,3.5,1,1.041,5.865,830
다사400439,169,169,수궁동,6.193,0,2,1.095,1.041,9.339,494
다사456431,191,191,구로2동,0.987,1.365,2.5,1,1.041,5.051,909
다사397439,293,293,수궁동,6.307,0,2.5,1,1,8.807,547
다사433437,1235,1235,개봉2동,10,0,3,1,1,13,156
다사436451,429,429,고척1동,3.335,0.715,4,1,1,8.05,621
다사410446,7,7,수궁동,10,0,1,1,1.041,11.451,302
다사400422,104,104,항동,10,0,1,1.095,1,12.045,233
다사434437,877,877,개봉2동,5.38,0,2.5,1,1.041,8.203,604
다사458438,405,405,구로2동,3.146,0,2.5,1,1.041,5.877,829
다사458445,397,397,구로5동,0.457,0,3.5,1.095,1.041,4.511,960
다사416433,207,207,오류2동,6.355,0,4,1.095,1.041,11.804,275
다사438447,451,451,고척1동,6.348,0,4,1.095,1,11.331,322
다사409439,37,37,오류2동,10,0,1.5,1,1,11.5,294
다사417423,595,595,오류2동,10,0,4,1,1,14,54
다사413434,156,156,오류2동,5.278,0,3.5,1,1,8.778,550
다사469430,158,158,구로3동,3.213,0,3.5,1.095,1,7.351,681
다사399447,N/A,0,수궁동,0,0,1,1,1,1,1330
다사461434,696,696,구로3동,7.474,0.515,3.5,1,1,11.489,300
다사428457,462,462,고척2동,4.205,0,3.5,1,1.041,8.021,625
다사414442,408,408,오류1동,0.467,0,3,1.095,1,3.796,1031
다사416439,694,694,오류2동,6.376,0.455,4,1,1,10.831,374
다사433443,33,33,개봉1동,4.838,0.715,4,1,1,9.553,479
다사417441,380,380,오류1동,9.076,1.315,4,1.095,1,15.758,6
다사423442,656,656,오류1동,8.538,0,1,1.095,1,10.444,394
다사433433,101,101,개봉3동,4.077,0,1,1,1.041,5.285,886
다사417430,219,219,오류2동,9.586,0,4,1.095,1,14.877,23
다사418435,236,236,오류2동,7.964,0,3,1,1.041,11.414,313
다사419436,572,572,오류2동,6.274,0,3,1.095,1,10.155,423
다사466432,153,153,구로3동,4.287,0.37,3,1.095,1,8.384,585
다사407438,67,67,오류2동,10,0,2,1,1,12,245
다사453436,144,144,구로2동,2.332,0.555,3,1,1.041,6.128,809
다사425439,162,162,개봉2동,3.792,0,2.5,1,1,6.292,794
다사457450,132,132,구로5동,0.857,0,3,1,1.041,4.015,1014
다사429445,122,122,개봉1동,2.465,0,2,1.095,1.041,5.09,904
다사417434,392,392,오류2동,9.823,0,3,1.095,1,14.041,53
다사425436,38,38,개봉2동,6.539,0,1.5,1,1,8.039,622
다사406437,N/A,0,오류2동,0,0,2,1,1,2,1209
다사410435,210,210,오류2동,9.43,0,3,1,1.041,12.94,170
다사426431,413,413,개봉3동,6.094,0.295,4,1,1.041,10.815,376
다사436452,571,571,고척1동,9.537,0,4,1.095,1.041,15.431,9
다사457444,130,130,구로2동,2.517,0,2,1,1.041,4.702,939
다사457439,79,79,구로2동,8.448,0,2.5,1,1.041,11.397,316
다사427455,627,627,고척2동,3.518,0,3.5,1,1,7.018,719
다사413435,163,163,오류2동,6.386,0,1.5,1.095,1.041,8.989,529
다사401450,N/A,0,수궁동,0,0,1,1,1,1,1330
다사432438,942,942,개봉2동,9.008,0,4,1,1,13.008,154
다사397442,378,378,수궁동,2.764,0,2,1,1.041,4.959,923
다사432437,665,665,개봉2동,4.435,0,3.5,1,1.041,8.26,594
다사412434,93,93,오류2동,3.698,0,4,1,1,7.698,652
다사460450,41,41,구로5동,6.004,0,3.5,1,1,9.504,484
다사422444,598,598,오류1동,8.382,1.875,4,1.095,1,15.611,8
다사452457,129,129,신도림동,9.221,0,3,1,1.041,12.722,183
다사412445,70,70,오류1동,5.707,0,1.5,1,1,7.207,700
다사431445,8,8,고척1동,2.549,1.155,3.5,1,1,7.204,703
다사463439,452,452,구로4동,0,0,4,1,1.041,4.164,1005
다사429439,541,541,개봉2동,1.123,0,4,1,1.041,5.333,879
다사439448,112,112,고척1동,1.457,0.835,3,1,1.041,5.509,863
다사468426,692,692,구로3동,0.535,0.755,4,1.095,1.041,6.03,815
다사402440,248,248,수궁동,4.473,0,1,1,1,5.473,867
다사458458,678,678,신도림동,10,0,4,1,1,14,54
다사399427,217,217,항동,10,0,2,1.095,1,13.14,107
다사421445,262,262,오류1동,5.815,0,3,1,1.041,9.176,510
다사429437,457,457,개봉2동,1.467,0,4,1,1.041,5.691,844
다사413432,133,133,오류2동,9.48,0,2.5,1.095,1.041,13.656,79
다사429456,30,30,고척2동,8.453,0,2.5,1,1.041,11.402,315
다사452454,1074,1074,신도림동,9.273,0,3.5,1.095,1,13.986,59
다사452435,104,104,구로2동,0.169,0,1,1,1.041,1.217,1283
다사463452,27,27,구로5동,4.767,0,2.5,1,1.041,7.565,665
다사458446,115,115,구로5동,0.602,0.94,2.5,1,1.041,4.208,1003
다사460434,595,595,구로4동,5.357,0.5,3.5,1.095,1,10.246,410
다사435439,80,80,개봉2동,9.682,0,4,1,1,13.682,75
다사456446,172,172,구로5동,2.547,0,3.5,1,1.041,6.295,793
다사432435,167,167,개봉3동,0,0,2,1,1,2,1209
다사435448,591,591,고척1동,10,0,4,1.095,1,15.33,11
다사449438,733,733,구로1동,10,0,4,1.095,1,15.33,11
다사398439,116,116,수궁동,0.095,0,1.5,1,1.041,1.66,1243
다사405446,542,542,수궁동,6.278,0,4,1.095,1,11.254,335
다사428434,691,691,개봉3동,1.976,0,2.5,1,1.041,4.66,944
다사405435,119,119,오류2동,8.047,0,1,1,1,9.047,518
다사450434,36,36,구로1동,7.319,0,1,1,1,8.319,587
다사452431,42,42,가리봉동,3.566,0,1,1,1.041,4.753,936
다사429441,967,967,개봉2동,10,0,4,1.095,1,15.33,11
다사458436,195,195,구로2동,0.12,0.185,3,1,1.041,3.441,1074
다사408442,216,216,수궁동,3.542,0,2,1,1,5.542,858
다사438448,583,583,고척1동,3.106,0,4,1.095,1,7.781,640
다사422450,154,154,개봉1동,7.615,1.365,3,1,1.041,12.471,214
다사444440,249,249,구로1동,10,0,2.5,1.095,1,13.688,68
다사413440,171,171,수궁동,9.995,0,2.5,1,1.041,13.007,155
다사457440,254,254,구로2동,8.335,1.11,3,1.095,1,13.627,82
다사448443,298,298,구로1동,10,0,4,1.095,1,15.33,11
다사433454,369,369,고척2동,5.278,0,4,1,1,9.278,497
다사437448,797,797,고척1동,9.351,0.715,3.5,1,1,13.566,85
다사456457,310,310,신도림동,3.491,0.135,3.5,1.095,1,7.803,638
다사463453,10,10,구로5동,3.582,0,3,1,1,6.582,764
다사429442,996,996,개봉1동,10,0,2.5,1.095,1,13.688,68
다사429443,N/A,0,개봉1동,0,0,2.5,1,1,2.5,1165
다사462449,843,843,구로5동,2.629,0.555,4,1.095,1,7.866,629
다사420439,189,189,오류2동,0.027,0.25,4,1,1.041,4.452,966
다사464439,48,48,구로4동,2.768,0,3,1,1,5.768,838
다사429447,356,356,개봉1동,0.191,0,1.5,1,1.041,1.76,1237
다사416445,155,155,오류1동,8.107,0,4,1,1.041,12.603,187
다사416428,342,342,오류2동,8.066,0,3.5,1,1,11.566,291
다사403424,707,707,항동,10,0,2,1.095,1,13.14,107
다사421443,557,557,오류1동,4.625,1.11,2.5,1.095,1,9.017,522
다사423444,563,563,오류1동,7.391,0,3,1.095,1,11.378,319
다사426445,106,106,개봉1동,7.1,0.835,2.5,1,1.041,10.863,370
다사450455,67,67,신도림동,5.794,0,3,1,1.041,9.155,512
다사398442,N/A,0,수궁동,0,0,0,1,1,0,1725
다사401438,103,103,수궁동,2.943,1,2.5,1,1,6.443,777
다사414426,44,44,오류2동,4.582,0,2,1.095,1,7.207,700
다사432452,578,578,고척2동,8.877,0,3.5,1.095,1,13.553,86
다사453437,206,206,구로2동,2.124,1,3.5,1,1.041,6.896,728
다사417445,868,868,오류1동,9.607,0,2.5,1.095,1,13.257,97
다사456433,288,288,구로4동,1.433,1.6,3,1,1.041,6.28,796
다사425455,157,157,고척2동,1.714,0,2.5,1,1.041,4.387,972
다사417448,786,786,개봉1동,6.675,0,3.5,1,1,10.175,422
다사455447,1157,1157,구로5동,3.909,0,3,1.095,1,7.565,665
다사404431,N/A,0,항동,0,0,1,1,1,1,1330
다사452439,297,297,구로2동,5.728,0,4,1,1.041,10.127,426
다사425441,391,391,개봉2동,2.355,0,3,1,1.041,5.575,854
다사418425,572,572,오류2동,10,0,3,1.095,1,14.235,38
다사448450,N/A,0,구로2동,0,0,1.5,1,1,1.5,1261
다사458426,120,120,가리봉동,5.806,0.455,3,1.095,1.041,10.557,390
다사461428,221,221,가리봉동,0.028,0,2,1,1.041,2.111,1196
다사428452,242,242,고척2동,6.514,0,3,1,1.041,9.904,452
다사438442,484,484,고척1동,4.225,0,3.5,1.095,1,8.459,577
다사454430,81,81,가리봉동,0.071,0,1,1,1.041,1.115,1286
다사434452,281,281,고척2동,6.363,0,3,1.095,1,10.252,407
다사460432,341,341,구로3동,0.078,0.63,2.5,1,1,3.208,1094
다사464438,564,564,구로4동,4.35,0,3,1,1,7.35,682
다사429446,331,331,개봉1동,2.82,0,1.5,1,1.041,4.497,961
다사455446,13,13,구로5동,5.941,0.225,3,1,1,9.166,511
다사422438,101,101,오류2동,3.599,0,2.5,1,1.041,6.349,786
다사454433,464,464,구로2동,0.22,0.715,1.5,1,1.041,2.535,1163
다사436447,136,136,고척1동,5.573,0,2.5,1,1,8.073,617
다사466423,274,274,구로3동,3.748,0,3.5,1,1,7.248,696
다사410447,74,74,수궁동,8.397,0,1,1,1.041,9.782,464
다사437440,520,520,개봉1동,5.334,0,4,1.095,1,10.221,416
다사401421,65,65,항동,10,0,2,1,1,12,245
다사427440,406,406,개봉2동,3.5,0,4,1,1.041,7.807,637
다사401427,637,637,항동,10,0,2,1.095,1,13.14,107
다사429435,531,531,개봉3동,0.891,0.625,3,1.095,1.041,5.148,900
다사433435,319,319,개봉2동,2.482,0,1.5,1.095,1.041,4.539,958
다사437447,N/A,0,고척1동,0,0.555,4,1,1,4.555,956
다사402424,748,748,항동,10,0,2,1.095,1,13.14,107
다사424427,819,819,개봉3동,3.274,0,2.5,1,1,5.774,837
다사398421,239,239,항동,10,0,2,1.095,1,13.14,107
다사426450,193,193,고척2동,0.098,0.315,2.5,1,1.041,3.032,1115
다사461435,42,42,구로4동,7.187,0.5,3,1,1.041,11.125,348
다사398438,205,205,수궁동,0.024,0.435,2,1,1.041,2.56,1162
다사400437,405,405,수궁동,8.313,0,3.5,1,1,11.813,273
다사456448,298,298,구로5동,6.833,0,3,1,1.041,10.236,412
다사459433,353,353,구로4동,4.535,0.96,3.5,1,1,8.995,526
다사459451,395,395,구로5동,7.255,0,3,1.095,1,11.229,337
다사417437,370,370,오류2동,0.726,0.285,4,1,1,5.011,915
다사455454,593,593,신도림동,7.55,0.12,3.5,1.095,1,12.231,225
다사466425,549,549,구로3동,3.569,0,4,1.095,1,8.288,589
다사468427,427,427,구로3동,1.235,0,3.5,1.095,1,5.185,896
다사457448,301,301,구로5동,0.809,0,3.5,1,1.041,4.486,962
다사403439,N/A,0,수궁동,0,0,1,1,1,1,1330
다사432455,366,366,고척2동,10,0,3.5,1.095,1,14.782,25
다사457458,420,420,신도림동,10,0,3,1,1,13,156
다사402444,90,90,수궁동,3.623,0,1,1,1,4.623,950
다사448442,438,438,구로1동,5.96,0,4,1.095,1,10.906,367
다사424456,53,53,고척2동,8.367,0,1,1,1,9.367,491
다사448440,378,378,구로1동,10,0,3,1.095,1,14.235,38
다사452455,520,520,신도림동,2.9,0,2.5,1.095,1,5.913,824
다사456442,260,260,구로2동,0,0,2,1,1.041,2.082,1200
다사462439,233,233,구로4동,0,0.75,3,1,1.041,3.904,1023
다사413427,263,263,오류2동,5.602,0,2.5,1.095,1,8.872,542
다사469426,369,369,구로3동,5.091,0.6,4,1.095,1,10.612,388
다사436453,794,794,고척2동,8.513,0,3.5,1.095,1,13.154,105
다사415429,267,267,오류2동,4.791,0,2,1,1,6.791,742
다사418421,189,189,오류2동,6.805,0,3,1.095,1,10.736,382
다사418449,201,201,개봉1동,5.237,0,3,1,1.041,8.575,570
다사419438,183,183,오류2동,0.274,0,3,1,1.041,3.408,1078
다사465436,331,331,구로3동,3.604,0,1,1,1,4.604,951
다사429430,213,213,개봉3동,6.441,0,1.5,1,1.041,8.267,591
다사462442,867,867,구로4동,7.49,0,4,1.095,1,12.582,195
다사413433,227,227,오류2동,6.865,0,3,1,1,9.865,456
다사452458,34,34,신도림동,3.799,0,2.5,1,1.041,6.557,767
다사403440,294,294,수궁동,3.607,0,1,1.095,1,5.045,911
다사413436,38,38,오류2동,10,0,1,1,1,11,354
다사423446,288,288,개봉1동,3.186,0,3,1,1.041,6.44,779
다사426430,1091,1091,개봉3동,5.34,0,3.5,1,1.041,9.202,505
다사427449,316,316,고척2동,0.809,0.835,1.5,1,1.041,3.273,1092
다사435438,359,359,개봉2동,6.061,0,2.5,1,1,8.561,572
다사399422,215,215,항동,10,0,2,1.095,1,13.14,107
다사461432,451,451,구로3동,6.676,0,3.5,1,1,10.176,421
다사449458,12,12,신도림동,6.168,0,1,1,1,7.168,707
다사459457,376,376,신도림동,7.372,0,3.5,1.095,1,11.905,270
다사420443,337,337,오류1동,6.495,0.795,3,1.095,1,11.268,333
다사442448,101,101,고척1동,3.594,0,1,1,1.041,4.782,935
다사416434,435,435,오류2동,4.095,0,4,1,1.041,8.427,581
다사452434,119,119,구로2동,1.081,0,2,1,1.041,3.207,1095
다사469427,574,574,구로3동,1.622,0.485,4,1.095,1,6.687,758
다사414436,338,338,오류2동,9.134,0,0,1.095,1,10.002,438
다사460430,271,271,구로3동,2.97,0,3,1,1,5.97,821
다사407436,213,213,오류2동,10,0,1,1.095,1,12.045,233
다사455453,70,70,신도림동,6.439,0,3.5,1.095,1.041,11.329,323
다사460445,66,66,구로5동,7.386,0,2,1,1.041,9.771,465
다사403426,259,259,항동,10,0,3,1.095,1.041,14.819,24
다사412435,6,6,오류2동,7.839,0,3,1,1.041,11.283,329
다사416437,420,420,오류2동,5.606,0,4,1,1,9.606,475
다사454449,508,508,구로5동,2.338,1.19,4,1.095,1,8.243,598
다사427439,609,609,개봉2동,0.218,0,3.5,1,1.041,3.87,1025
다사435445,11,11,고척1동,10,0,2,1,1,12,245
다사464436,318,318,구로3동,0,0,3,1,1.041,3.123,1105
다사401444,71,71,수궁동,7.11,0,1,1,1,8.11,613
다사452444,200,200,구로2동,0.767,0,2.5,1.095,1.041,3.724,1039
다사406436,26,26,오류2동,10,0,1,1,1,11,354
다사447431,324,324,구로1동,10,0,1.5,1,1,11.5,294
다사448435,201,201,구로1동,0.419,0,3,1,1,3.419,1076
다사440448,13,13,고척1동,9.811,0,1.5,1,1,11.311,325
다사463433,770,770,구로3동,4.545,0,3.5,1.095,1,8.809,546
다사449452,364,364,구로2동,5.271,0.075,2.5,1.095,1,8.591,566
다사404437,6,6,수궁동,5.866,0,1,1,1,6.866,732
다사413425,64,64,오류2동,5.004,0,1.5,1,1,6.504,773
다사428445,114,114,개봉1동,4.885,0,2.5,1,1.041,7.688,653
다사454431,246,246,가리봉동,0,0,2,1,1.041,2.082,1200
다사409435,373,373,오류2동,5.295,0,2.5,1,1,7.795,639
다사454450,211,211,구로5동,10,0,3,1,1,13,156
다사430435,197,197,개봉3동,1.138,0,2.5,1,1.041,3.787,1032
다사452450,99,99,구로5동,2.288,0.315,2.5,1.095,1,5.588,853
다사459449,503,503,구로5동,4.194,0.455,3.5,1.095,1,8.923,539
다사401422,82,82,항동,10,0,2,1.095,1,13.14,107
다사425453,413,413,고척2동,1.566,0,2,1,1.041,3.712,1041
다사462450,1290,1290,구로5동,5.638,0,4,1.095,1,10.554,391
다사406446,63,63,수궁동,5.279,0,2,1,1,7.279,693
다사431444,279,279,개봉1동,4.229,1,3.5,1,1,8.729,553
다사426440,454,454,개봉2동,4.277,0,3,1,1.041,7.575,663
다사456430,265,265,가리봉동,0.003,1.255,2,1,1.041,3.392,1080
다사411449,6,6,수궁동,10,0,1,1,1.041,11.451,302
다사419439,234,234,오류2동,0.113,0.68,4,1,1.041,4.99,917
다사399430,172,172,항동,9.156,0,3.5,1,1.041,13.175,103
다사429451,378,378,고척2동,1.209,0,3,1,1.041,4.382,974
다사436437,816,816,개봉2동,1.806,0,1.5,1.095,1,3.62,1056
다사459436,386,386,구로4동,6.642,1.88,3,1,1.041,11.994,260
다사409434,331,331,오류2동,7.709,0,3,1,1,10.709,383
다사454446,161,161,구로2동,5.415,0,3,1.095,1.041,9.592,476
다사461437,298,298,구로4동,0.018,0,2,1,1.041,2.101,1197
다사422448,332,332,개봉1동,8.713,0.435,3.5,1.095,1.041,14.417,34
다사420426,N/A,0,오류2동,0,0,2,1,1,2,1209
다사432444,749,749,고척1동,10,0,3,1,1,13,156
다사449455,396,396,신도림동,9.267,0,3.5,1.095,1,13.98,60
다사420446,296,296,오류1동,3.509,0,2.5,1,1.041,6.255,797
다사458432,503,503,구로4동,0.006,0.19,3.5,1,1,3.696,1048
다사440450,310,310,고척1동,7.103,0,2.5,1,1.041,9.997,441
다사453462,76,76,신도림동,8.631,0,2,1.095,1,11.641,288
다사437450,297,297,고척1동,3.501,0.65,2.5,1.095,1,7.283,692
다사408438,193,193,오류2동,10,0,2.5,1,1,12.5,200
다사455458,822,822,신도림동,10,0,4,1.095,1,15.33,11
다사416432,54,54,오류2동,9.143,0,4,1,1,13.143,106
다사428448,314,314,고척2동,0.207,0,2,1,1.041,2.297,1183
다사457433,742,742,구로4동,0.023,0.2,3.5,1,1,3.723,1040
다사458444,312,312,구로5동,4.123,0.5,2.5,1,1.041,7.415,675
다사449439,716,716,구로1동,10,0,4,1.095,1,15.33,11
다사409447,233,233,수궁동,6.95,0,1.5,1.095,1,9.253,498
다사457435,140,140,구로4동,4.771,0.115,2.5,1,1,7.386,677
다사421427,236,236,오류2동,5.972,0,3,1.095,1,9.824,459
다사457436,446,446,구로2동,3.475,0,3,1,1.041,6.74,750
다사461441,201,201,구로4동,6.099,0,4,1.095,1,11.058,351
다사407449,N/A,0,수궁동,0,0,1,1,1.041,1.041,1290
다사423449,365,365,개봉1동,2.322,0.355,3,1,1.041,5.91,825
다사456456,805,805,신도림동,9.557,0,2.5,1.095,1,13.202,100
다사399426,517,517,항동,10,0,2,1.095,1,13.14,107
다사432447,N/A,0,고척1동,0,0,1.5,1,1.041,1.562,1252
다사431433,235,235,개봉3동,0.099,0.37,3.5,1,1.041,4.132,1007
다사398444,125,125,수궁동,10,0,3,1,1,13,156
다사435441,758,758,개봉1동,7.52,0,2.5,1,1,10.02,436
다사453431,306,306,가리봉동,0.068,0,2,1,1.041,2.153,1190
다사419443,83,83,오류1동,0.851,0.65,3,1,1.041,4.686,942
다사399442,396,396,수궁동,10,0,3,1,1,13,156
다사458433,704,704,구로4동,0.029,0.415,3,1,1,3.444,1073
다사460453,555,555,구로5동,10,0,3.5,1,1,13.5,88
다사407435,36,36,오류2동,9.235,0,1,1,1,10.235,413
다사408444,462,462,수궁동,6.926,0,2.5,1,1,9.426,488
다사416436,565,565,오류2동,6.25,0.185,3,1,1,9.435,487
다사424447,803,803,개봉1동,7.947,0.715,3,1.095,1.041,13.293,96
다사405448,N/A,0,수궁동,0,0,1,1,1.041,1.041,1290
다사450448,40,40,구로2동,6.07,0,2,1,1.041,8.401,583
다사462443,990,990,구로5동,8.671,0.335,4,1.095,1,14.242,37
다사416440,399,399,오류1동,3.989,0.415,3,1.095,1,8.107,614
다사449454,294,294,신도림동,2.821,0,4,1.095,1,7.469,672
다사449445,74,74,구로1동,2.914,0.715,2,1.095,1,6.164,806
다사402423,351,351,항동,10,0,2,1.095,1,13.14,107
다사427442,615,615,개봉2동,10,0,3,1.095,1,14.235,38
다사431446,91,91,고척1동,6.371,0,1.5,1,1.041,8.194,607
다사453452,714,714,신도림동,10,0,4,1.095,1,15.33,11
다사440451,157,157,고척1동,9.957,0,3,1.095,1,14.188,48
다사418430,139,139,오류2동,8.611,0,1.5,1.095,1,11.072,350
다사458449,317,317,구로5동,0.087,0.5,3,1,1.041,3.734,1035
다사407450,14,14,수궁동,9.004,0,1,1,1.041,10.414,395
다사459435,347,347,구로4동,5.846,0,3,1,1.041,9.209,504
다사423453,350,350,고척2동,0.466,0,2.5,1,1.041,3.088,1110
다사404426,362,362,항동,10,0,2,1.095,1,13.14,107
다사415428,483,483,오류2동,9.929,0,3,1.095,1,14.157,49
다사416429,203,203,오류2동,1.17,0,2,1.095,1,3.471,1071
다사423450,545,545,개봉1동,1.864,0,3,1,1.041,5.063,908
다사431439,869,869,개봉2동,5.968,0,3.5,1.095,1,10.367,399
다사451458,255,255,신도림동,3.484,0.835,2.5,1,1.041,7.099,712
다사414435,95,95,오류2동,0.051,0,1.5,1,1.041,1.615,1248
다사437443,257,257,고척1동,10,0,2.5,1,1,12.5,200
다사438445,9,9,고척1동,2.288,0,3,1,1,5.288,885
다사465425,N/A,0,구로3동,0,0,3,1,1,3,1117
다사395442,232,232,수궁동,7.246,0,1,1,1,8.246,595
다사413431,234,234,오류2동,9.966,0,2.5,1,1,12.466,215
다사415440,134,134,오류1동,10,0,3,1,1.041,13.533,87
다사425440,460,460,개봉2동,2.718,0,3,1,1.041,5.952,822
다사436455,N/A,0,고척2동,0,0,1,1,1,1,1330
다사426442,N/A,0,개봉2동,0,0,2,1,1,2,1209
다사408432,280,280,오류2동,5.437,0,2,1.095,1,8.144,608
다사419449,334,334,개봉1동,2.165,0,2,1,1.041,4.336,986
다사404444,16,16,수궁동,7.807,0,1,1,1,8.807,547
다사410434,352,352,오류2동,7.478,0,3,1.095,1,11.473,301
다사425429,N/A,0,개봉3동,0,0,2,1,1,2,1209
다사414432,318,318,오류2동,9.557,0,3,1.095,1,13.75,66
다사430448,216,216,개봉1동,3.203,0,2,1,1.041,5.416,872
다사461424,288,288,가리봉동,0.849,1.565,3,1.095,1.041,6.171,805
다사418437,384,384,오류2동,0.365,0.18,3,1,1.041,3.69,1049
다사434435,524,524,개봉2동,10,0,1.5,1,1,11.5,294
다사416444,204,204,오류1동,1.396,0,3,1,1.041,4.576,953
다사426447,352,352,개봉1동,1.339,0,1.5,1,1.041,2.955,1127
다사409441,429,429,수궁동,1.701,0,2,1,1.041,3.853,1026
다사430431,92,92,개봉3동,4.752,0,1,1,1.041,5.988,820
다사435446,N/A,0,고척1동,0,0,1.5,1,1,1.5,1261
다사453440,310,310,구로2동,3.077,0,3,1,1.041,6.326,789
다사459437,167,167,구로2동,1.671,0.335,2,1,1.041,4.17,1004
다사461446,955,955,구로5동,6.882,0.28,3,1.095,1,11.127,347
다사469428,15,15,구로3동,4.163,1.315,3,1,1,8.478,575
다사419451,580,580,개봉1동,4.768,0,2.5,1,1.041,7.566,664
다사458448,215,215,구로5동,1.795,0.59,3,1,1.041,5.606,851
다사427431,965,965,개봉3동,2.797,0,3,1,1,5.797,835
다사441448,275,275,고척1동,4.183,0,2,1,1.041,6.437,780
다사457446,273,273,구로5동,1.422,0,2,1,1.041,3.562,1059
다사399444,692,692,수궁동,9.424,0.835,3,1.095,1,14.519,31
다사406453,N/A,0,수궁동,0,0,1,1,1.041,1.041,1290
다사459424,N/A,0,가리봉동,0,0,1,1,1,1,1330
다사463438,237,237,구로4동,0.339,0.28,3,1,1.041,3.767,1033
다사419447,906,906,개봉1동,7.457,0,2.5,1,1,9.957,444
다사449442,6,6,구로1동,10,0,2.5,1,1,12.5,200
다사453458,7,7,신도림동,5.793,0,2.5,1,1,8.293,588
다사457438,407,407,구로2동,3.067,0,2.5,1,1.041,5.795,836
다사459459,492,492,신도림동,6.762,0,1.5,1.095,1,9.047,518
다사448439,817,817,구로1동,10,0,3,1.095,1,14.235,38
다사446450,N/A,0,구로2동,0,0,1.5,1,1,1.5,1261
다사454437,477,477,구로2동,2.283,0,2,1,1.041,4.459,965
다사461427,234,234,가리봉동,0.053,0,2,1,1.041,2.137,1191
다사460438,271,271,구로4동,1.032,0.265,2,1,1.041,3.432,1075
다사433439,283,283,개봉2동,7.117,0.18,3,1,1,10.297,404
다사433450,167,167,고척1동,3.64,0,2.5,1,1.041,6.392,782
다사439453,132,132,고척1동,5.479,0,1.5,1,1.041,7.265,695
다사452437,338,338,구로2동,3.054,0,2,1,1.041,5.261,889
다사421447,395,395,개봉1동,1.701,0,3,1,1.041,4.894,926
다사417443,470,470,오류1동,2.453,0,3,1.095,1.041,6.216,800
다사417446,514,514,오류1동,7.532,0,2,1,1.041,9.923,448
다사456460,748,748,신도림동,5.282,0,2,1.095,1,7.974,628
다사463440,85,85,구로4동,0,0,3,1,1.041,3.123,1105
다사468431,399,399,구로3동,7.076,0.335,2.5,1.095,1,10.853,372
다사458437,400,400,구로2동,1.966,0.5,2.5,1,1.041,5.17,898
다사396418,297,297,항동,10,0,1.5,1,1,11.5,294
다사416446,977,977,오류1동,10,0,3,1.095,1,14.235,38
다사435451,32,32,고척1동,1.049,2.39,3,1,1.041,6.703,754
다사416431,587,587,오류2동,9.736,0,3,1,1,12.736,181
다사448431,216,216,구로1동,4.973,0,2,1,1,6.973,723
다사410442,164,164,수궁동,5.342,0,1.5,1,1,6.842,733
다사460435,1188,1188,구로4동,3.812,0,3,1.095,1.041,7.765,644
다사415430,414,414,오류2동,9.132,0,2.5,1.095,1,12.737,180
다사423451,523,523,개봉1동,3.656,1.155,2,1,1.041,7.09,714
다사429450,601,601,고척2동,4.037,0,2.5,1,1.041,6.805,740
다사412440,37,37,수궁동,7.817,0,2,1,1.041,10.219,418
다사422453,531,531,개봉1동,4.414,0,3,1.095,1.041,8.451,578
다사402449,N/A,0,수궁동,0,0,1,1,1,1,1330
다사452453,718,718,신도림동,10,0,2.5,1.095,1,13.688,68
다사457437,341,341,구로2동,9.302,0,2.5,1,1.041,12.286,224
다사429436,464,464,개봉2동,5.943,0,3,1,1.041,9.31,496
다사433440,43,43,개봉2동,3.764,1.25,2.5,1,1.041,7.822,635
다사464433,414,414,구로3동,5.166,0,3,1.095,1,8.942,537
다사466426,70,70,구로3동,7.636,0,3,1.095,1,11.646,287
다사409436,40,40,오류2동,10,0,2,1,1,12,245
다사418434,N/A,0,오류2동,0,0,1,1,1,1,1330
다사452445,1055,1055,구로2동,8.803,0,3,1,1,11.803,276
다사453443,309,309,구로2동,3.564,0.715,2,1,1.041,6.536,768
다사462438,270,270,구로4동,4.196,1.5,3,1,1.041,9.053,517
다사431435,355,355,개봉3동,0,0,2,1,1.041,2.082,1200
다사455445,440,440,구로2동,3.542,1.365,2.5,1,1.041,7.711,649
다사465435,266,266,구로3동,5.948,0,3,1.095,1,9.798,463
다사455461,786,786,신도림동,4.182,0,2,1.095,1,6.769,747
다사424443,345,345,오류1동,8.197,0,3,1,1,11.197,340
다사418423,184,184,오류2동,10,0,2.5,1,1,12.5,200
다사425427,313,313,개봉3동,0.055,0,3,1,1.041,3.18,1098
다사400444,52,52,수궁동,2.67,0,3,1,1,5.67,847
다사420451,268,268,개봉1동,0.545,0,2.5,1,1.041,3.17,1100
다사423452,425,425,고척2동,1.713,0,2.5,1,1.041,4.386,973
다사433452,792,792,고척2동,7.737,0,2.5,1.095,1,11.21,339
다사470428,79,79,구로3동,5.973,0.675,2.5,1,1,9.148,513
다사407442,310,310,수궁동,8.984,0,2,1.095,1,12.027,242
다사452452,157,157,신도림동,10,0.265,2.5,1,1,12.765,179
다사426428,219,219,개봉3동,0.33,0,2,1.095,1.041,2.656,1151
다사424431,N/A,0,개봉3동,0,0,1,1,1,1,1330
다사458435,355,355,구로4동,0.203,0,3,1,1,3.203,1096
다사397438,58,58,수궁동,6.802,0,2,1,1,8.802,549
다사421439,369,369,오류2동,0.04,0,3,1,1.041,3.165,1101
다사426443,N/A,0,개봉1동,0,0,2.5,1,1,2.5,1165
다사414434,183,183,오류2동,4.443,0,2,1,1,6.443,777
다사428431,573,573,개봉3동,3.85,0.715,2,1,1.041,6.834,735
다사436448,283,283,고척1동,10,0,2,1.095,1,13.14,107
다사431436,237,237,개봉2동,0.3,0.18,3,1,1.041,3.623,1054
다사430442,432,432,개봉1동,10,0,2,1.095,1,13.14,107
다사443452,N/A,0,고척1동,0,0,1,1,1,1,1330
다사465423,303,303,가리봉동,7.941,0,3,1.095,1,11.98,262
다사447453,117,117,구로2동,1.511,0,2,1,1,3.511,1066
다사457459,362,362,신도림동,9.927,0,3,1,1,12.927,171
다사455439,21,21,구로2동,8.618,0,3,1,1.041,12.094,229
다사437449,593,593,고척1동,7.125,0,3,1.095,1,11.087,349
다사399431,304,304,항동,5.995,0,3,1,1,8.995,526
다사463432,6,6,구로3동,10,0,3,1,1,13,156
다사424451,352,352,고척2동,0,0.5,2,1,1.041,2.603,1160
다사422442,552,552,오류1동,7.16,0.625,3,1.095,1,11.81,274
다사408447,354,354,수궁동,5.664,0,2,1,1,7.664,657
다사421450,133,133,개봉1동,2.005,0.385,2,1,1.041,4.57,955
다사424452,67,67,고척2동,3.178,0,2,1,1,5.178,897
다사426427,264,264,개봉3동,0.317,0,2,1,1.041,2.412,1173
다사426436,564,564,개봉2동,4.254,0,2.5,1.095,1.041,7.699,651
다사457441,225,225,구로2동,9.159,0,1.5,1,1,10.659,385
다사461452,165,165,구로5동,1.063,0.79,3,1.095,1.041,5.532,861
다사413445,401,401,오류1동,0.064,0,1.5,1,1.041,1.628,1244
다사418424,354,354,오류2동,10,0,3,1,1,13,156
다사436442,1155,1155,개봉1동,10,0,1.5,1.095,1,12.593,189
다사449435,666,666,구로1동,3.492,0.43,3,1.095,1,7.58,662
다사451449,19,19,구로2동,5.114,1.25,2,1,1.041,8.707,556
다사438450,294,294,고척1동,0.134,0.625,2.5,1,1.041,3.393,1079
다사407441,513,513,수궁동,9.143,0,3,1,1,12.143,227
다사415426,383,383,오류2동,8.017,0.205,2,1.095,1,11.193,343
다사425430,139,139,개봉3동,5.917,0,2,1,1.041,8.242,599
다사451452,N/A,0,구로2동,0,0,1.5,1,1.041,1.562,1252
다사461426,299,299,가리봉동,2.273,0,2,1,1.041,4.448,967
다사417444,173,173,오류1동,6.01,0,3,1,1.041,9.379,490
다사456451,608,608,구로5동,9.554,0,2,1,1,11.554,292
다사408440,233,233,수궁동,8.011,1.665,2,1,1,11.676,284
다사411439,N/A,0,오류2동,0,0,1,1,1,1,1330
다사434443,580,580,개봉1동,8.195,0,3,1,1,11.195,342
다사413442,248,248,수궁동,9.405,0,2,1.095,1,12.488,212
다사401424,321,321,항동,10,0,2,1.095,1,13.14,107
다사427432,556,556,개봉3동,0.23,0,2,1,1.041,2.321,1181
다사458425,28,28,가리봉동,8.826,0,1.5,1.095,1.041,11.771,278
다사430449,334,334,개봉1동,9.895,0.225,2,1.095,1.041,13.816,64
다사433451,154,154,고척1동,5.239,0,3,1,1.041,8.577,569
다사409443,285,285,수궁동,6.568,0,1.5,1,1,8.068,619
다사453434,345,345,구로2동,0.096,0,1.5,1,1.041,1.661,1242
다사410436,25,25,오류2동,10,0,2,1,1.041,12.492,210
다사434436,658,658,개봉2동,10,0,2,1,1,12,245
다사450458,170,170,신도림동,2.304,0,1,1.095,1.041,3.766,1034
다사430436,186,186,개봉2동,3.722,1,2,1,1,6.722,751
다사416426,N/A,0,오류2동,0,0,2,1,1,2,1209
다사452460,8,8,신도림동,0.635,0,2,1,1,2.635,1154
다사428446,220,220,개봉1동,4.392,0.5,1.5,1,1.041,6.654,759
다사452441,302,302,구로2동,6.636,0,2,1,1.041,8.99,528
다사455433,399,399,구로2동,1.92,1.62,2,1,1.041,5.767,839
다사455448,327,327,구로5동,5.293,0,2.5,1,1.041,8.113,611
다사453433,219,219,구로2동,0.393,0,2,1,1.041,2.491,1169
다사433442,113,113,개봉1동,5.281,1.085,1.5,1,1,7.866,629
다사396443,239,239,수궁동,7.214,0,1,1.095,1.041,9.363,493
다사414438,279,279,오류2동,10,0,2,1.095,1,13.14,107
다사458454,330,330,신도림동,10,0,3,1.095,1,14.235,38
다사398440,N/A,0,수궁동,0,0,1,1,1,1,1330
다사421451,160,160,개봉1동,1.656,0,2,1,1.041,3.806,1030
다사463443,302,302,구로4동,3.658,0,2.5,1.095,1.041,7.019,718
다사453457,195,195,신도림동,7.759,0,3,1.095,1,11.781,277
다사415434,222,222,오류2동,2.221,0,2,1,1,4.221,1002
다사426434,388,388,개봉3동,0.382,0,2,1,1,2.382,1177
다사407447,222,222,수궁동,3.88,0,2,1,1,5.88,827
다사426432,158,158,개봉3동,9.226,0,1,1,1,10.226,414
다사449431,309,309,구로1동,3.358,0,1,1,1,4.358,981
다사456438,13,13,구로2동,9.188,0,1,1,1,10.188,420
다사453446,212,212,구로2동,5.455,0.415,2.5,1,1.041,8.713,555
다사459425,110,110,가리봉동,0.29,1.5,3,1,1.041,4.986,918
다사460451,315,315,구로5동,3.818,0,3,1,1,6.818,739
다사432448,133,133,고척1동,3.952,0,2,1,1.041,6.196,803
다사456445,128,128,구로2동,7.374,0,2,1,1.041,9.758,466
다사456449,370,370,구로5동,4.34,0,2,1.095,1.041,7.227,698
다사462452,352,352,구로5동,2.934,1.19,3,1.095,1.041,8.121,609
다사428449,137,137,고척2동,2.704,0,1.5,1,1.041,4.376,976
다사420454,56,56,개봉1동,8.865,0,2,1,1.041,11.31,326
다사427456,487,487,고척2동,2.463,0,3,1,1,5.463,868
다사428455,348,348,고척2동,2.085,0,3,1,1.041,5.293,884
다사451453,1143,1143,신도림동,9.963,0,2.5,1.095,1,13.647,81
다사415443,411,411,오류1동,2.127,0,2.5,1,1.041,4.817,933
다사426439,541,541,개봉2동,1.022,0,2.5,1.095,1.041,4.015,1014
다사445442,1286,1286,구로1동,8.965,0.315,3,1.095,1,13.447,93
다사420450,440,440,개봉1동,3.822,0,2.5,1,1.041,6.581,765
다사406447,36,36,수궁동,9.946,0,1.5,1,1,11.446,310
다사428451,232,232,고척2동,4.238,0.715,3,1,1.041,8.279,590
다사432439,452,452,개봉2동,5.626,0,3,1,1,8.626,561
다사465437,130,130,구로3동,4.447,0,1.5,1.095,1.041,6.779,745
다사429455,134,134,고척2동,2.179,0,1.5,1,1.041,3.83,1027
다사430443,183,183,개봉1동,9.956,0,2,1.095,1,13.092,149
다사468430,163,163,구로3동,6.46,0,2.5,1.095,1,9.811,461
다사446438,369,369,구로1동,5.346,0,3,1,1,8.346,586
다사460443,N/A,0,구로5동,0,0.835,2,1,1,2.835,1136
다사400427,740,740,항동,10,0,2,1.095,1,13.14,107
다사415436,97,97,오류2동,4.786,0,2.5,1,1,7.286,690
다사462447,586,586,구로5동,5.206,0.59,2.5,1.095,1,9.084,516
다사430441,530,530,개봉2동,7.276,0,3,1,1,10.276,405
다사434451,173,173,고척1동,1.533,1,3,1,1.041,5.76,840
다사448449,N/A,0,구로2동,0,0.085,1,1,1,1.085,1289
다사407440,385,385,수궁동,10,0,2.5,1.095,1,13.688,68
다사421438,60,60,오류2동,4.551,0,2,1,1.041,6.82,738
다사452461,119,119,신도림동,0.784,0,1,1.095,1,1.953,1231
다사455429,158,158,가리봉동,0.992,0,2,1.095,1.041,3.411,1077
다사451459,73,73,신도림동,8.97,0,2,1,1.041,11.42,312
다사408443,418,418,수궁동,4.444,0,2,1.095,1,7.056,717
다사402433,212,212,항동,8.757,0,2,1,1,10.757,380
다사418446,266,266,오류1동,0.31,0,2,1,1.041,2.405,1175
다사432434,335,335,개봉3동,0.81,0,2,1,1.041,2.925,1131
다사447437,288,288,구로1동,3.417,0,2.5,1.095,1,6.479,774
다사431443,101,101,개봉1동,9.673,0,2,1,1,11.673,286
다사454441,147,147,구로2동,1.989,0.295,2.5,1,1.041,4.98,919
다사456452,518,518,구로5동,7.694,0,2,1,1,9.694,470
다사458452,32,32,구로5동,0.384,0,3,1.095,1,3.705,1045
다사435442,885,885,개봉1동,10,0,1.5,1.095,1,12.593,189
다사457443,63,63,구로2동,0.524,0,1,1,1.041,1.586,1251
다사425449,205,205,고척2동,1.515,0.145,2,1,1.041,3.81,1029
다사440449,113,113,고척1동,2.608,0,2.5,1,1.041,5.317,881
다사462433,953,953,구로3동,10,0,3,1.095,1,14.235,38
다사397440,150,150,수궁동,4.478,0,2,1,1,6.478,775
다사419435,35,35,오류2동,5.349,0,2,1,1,7.349,683
다사454440,69,69,구로2동,1.033,1.5,2.5,1,1,5.033,912
다사455436,55,55,구로2동,6.876,0.805,2,1,1.041,10.078,432
다사460448,247,247,구로5동,5.967,0,2,1.095,1,8.724,554
다사420440,39,39,오류1동,2.327,0,3,1,1,5.327,880
다사407443,218,218,수궁동,4.076,0.625,2,1.095,1,7.338,685
다사459426,86,86,가리봉동,0.65,0.975,2.5,1,1.041,4.294,993
다사459458,183,183,신도림동,9.869,0,3,1.095,1,14.092,51
다사401439,400,400,수궁동,4.371,0,1.5,1.095,1,6.429,781
다사435454,201,201,고척2동,4.791,0,2.5,1,1,7.291,688
다사416442,264,264,오류1동,1.355,0.225,2.5,1,1.041,4.247,999
다사402443,226,226,수궁동,3.72,0,1.5,1,1,5.22,893
다사433455,375,375,고척2동,10,0,2,1.095,1,13.14,107
다사459448,791,791,구로5동,6.895,0,3,1.095,1.041,11.279,331
다사445441,642,642,구로1동,5.159,0,2.5,1.095,1,8.387,584
다사454456,1040,1040,신도림동,10,0,2,1.095,1,13.14,107
다사458442,235,235,구로2동,0.311,0,1,1,1.041,1.365,1279
다사459453,680,680,구로5동,9.653,0,3,1,1,12.653,185
다사408448,31,31,수궁동,10,0,1,1,1.041,11.451,302
다사462432,637,637,구로3동,10,0,3,1,1,13,156
다사447442,941,941,구로1동,6.434,0,3,1.095,1,10.33,402
다사419426,N/A,0,오류2동,0,0,2,1,1,2,1209
다사423438,143,143,오류2동,1.147,0,2,1,1.041,3.276,1091
다사453454,714,714,신도림동,9.447,0,2.5,1.095,1,13.082,151
다사448438,308,308,구로1동,8.161,0.115,3,1.095,1,12.347,221
다사459432,526,526,구로3동,0.037,1.4,3,1,1,4.437,968
다사455455,209,209,신도림동,8.655,0.835,2.5,1.095,1.041,13.667,78
다사432445,433,433,고척1동,10,0,2,1,1,12,245
다사436446,360,360,고척1동,7.658,0,2,1,1,9.658,473
다사454436,238,238,구로2동,2.637,2.03,2,1,1.041,6.94,726
다사460440,30,30,구로2동,8.797,0.835,2,1,1.041,12.109,228
다사400421,177,177,항동,10,0,2,1,1,12,245
다사426429,356,356,개봉3동,5.231,0,3,1,1,8.231,601
다사430452,144,144,고척2동,0.4,0.77,2,1,1.041,3.3,1089
다사415424,243,243,오류2동,9.989,0,2,1.095,1,13.128,146
다사453463,194,194,신도림동,3.056,0,2,1.095,1,5.536,859
다사428441,449,449,개봉2동,10,0,3,1,1,13,156
다사432451,250,250,고척1동,1.373,0,2,1,1.041,3.511,1066
다사432453,255,255,고척2동,2.168,0,2,1,1.041,4.339,985
다사437452,301,301,고척1동,9.927,0,2,1,1.041,12.416,216
다사454438,232,232,구로2동,1.194,0.415,2.5,1,1.041,4.277,994
다사454458,675,675,신도림동,10,0,3,1.095,1,14.235,38
다사455441,294,294,구로2동,0.504,0.835,1.5,1,1.041,2.955,1127
다사437442,688,688,개봉1동,10,0,2,1.095,1,13.14,107
다사401443,110,110,수궁동,3.02,0,2,1,1,5.02,913
다사453438,284,284,구로2동,3.6,0,3,1,1.041,6.871,729
다사456436,168,168,구로2동,4.213,0.645,2,1,1.041,7.139,708
다사449436,1212,1212,구로1동,10,0,3,1.095,1,14.235,38
다사450456,142,142,신도림동,4.575,0,1.5,1,1.041,6.324,790
다사404446,165,165,수궁동,3.783,0,2,1,1.041,6.02,816
다사455440,301,301,구로2동,2.923,0,1,1,1.041,4.084,1008
다사454445,172,172,구로2동,2.088,0,2,1,1.041,4.256,995
다사408446,440,440,수궁동,1.391,0,1.5,1,1,2.891,1133
다사433444,229,229,고척1동,9.337,0,2,1,1,11.337,321
다사421426,N/A,0,오류2동,0,0,1,1,1,1,1330
다사400426,385,385,항동,10,0,1.5,1.095,1,12.593,189
다사415445,542,542,오류1동,7.644,0,2,1,1,9.644,474
다사431431,8,8,개봉3동,4.5,0,1.5,1,1,6,817
다사397443,321,321,수궁동,2.241,0,1.5,1,1.041,3.894,1024
다사434449,724,724,고척1동,10,0,3,1,1,13,156
다사401425,N/A,0,항동,0,0,2,1,1,2,1209
다사417438,378,378,오류2동,1.285,0,3,1.095,1,4.692,941
다사419444,177,177,오류1동,0.241,0.315,2,1.095,1.041,2.914,1132
다사439450,441,441,고척1동,2.523,0,2.5,1,1.041,5.229,892
다사426438,470,470,개봉2동,5.117,0,2,1.095,1.041,8.113,611
다사402442,26,26,수궁동,7.691,0,1,1,1.041,9.047,518
다사402439,47,47,수궁동,3.393,0,1.5,1.095,1,5.358,878
다사442447,33,33,고척1동,6.755,0,1.5,1,1.041,8.593,565
다사422443,726,726,오류1동,4.228,1.75,3,1,1,8.978,530
다사435452,175,175,고척2동,8.193,0,3,1,1,11.193,343
다사428429,260,260,개봉3동,0.113,0,2.5,1,1.041,2.72,1143
다사446443,1350,1350,구로1동,8.304,0,2,1.095,1,11.283,329
다사453441,319,319,구로2동,1.15,0,1.5,1,1.041,2.759,1140
다사394420,277,277,항동,10,0,2,1.095,1,13.14,107
다사409433,220,220,오류2동,7.812,0,2,1,1,9.812,460
다사454444,193,193,구로2동,0.81,1.365,2,1,1.041,4.346,983
다사395419,236,236,항동,10,0,1,1.095,1,12.045,233
다사429431,403,403,개봉3동,3.383,0.455,2,1,1.041,6.077,813
다사434439,209,209,개봉2동,4.441,1.5,3,1.095,1.041,10.192,419
다사401437,91,91,수궁동,6.97,0.415,2.5,1.095,1,10.824,375
다사432443,525,525,개봉1동,10,0,3,1,1,13,156
다사467425,846,846,구로3동,3.119,0,3,1.095,1,6.7,755
다사458457,384,384,신도림동,4.131,0.28,3,1.095,1,8.115,610
다사429434,597,597,개봉3동,2.992,0,2,1,1.041,5.197,894
다사456461,592,592,신도림동,9.876,0,1,1.095,1,11.909,268
다사434442,843,843,개봉1동,8.957,0.355,2,1,1,11.312,324
다사446444,N/A,0,구로1동,0,0,2,1,1,2,1209
다사412432,268,268,오류2동,7.822,0,2,1,1.041,10.225,415
다사463435,374,374,구로3동,7.951,0,2,1.095,1,10.896,369
다사438452,306,306,고척1동,1.084,0,2.5,1,1.041,3.731,1038
다사437456,8,8,고척2동,10,0,0,1,1,10,439
다사419429,638,638,오류2동,10,0,2,1.095,1,13.14,107
다사420437,205,205,오류2동,7.197,0,2,1,1.041,9.574,478
다사410440,355,355,수궁동,4.268,0,2,1,1.041,6.525,771
다사398429,323,323,항동,10,0,2.5,1,1,12.5,200
다사429449,233,233,개봉1동,1.461,0,2,1,1.041,3.603,1057
다사448444,974,974,구로1동,9.8,0,2,1.095,1,12.921,172
다사411433,100,100,오류2동,8.519,0,1,1,1,9.519,482
다사415431,190,190,오류2동,3.226,0,2,1.095,1,5.722,842
다사460454,757,757,구로5동,10,0,3,1.095,1,14.235,38
다사400429,54,54,항동,10,0,1.5,1,1.041,11.971,263
다사432457,206,206,고척2동,10,0,2,1,1,12,245
다사431434,442,442,개봉3동,0.081,0.385,2,1,1,2.466,1170
다사413446,66,66,오류1동,7.732,0,1,1,1.041,9.09,515
다사416435,232,232,오류2동,0.461,0.155,2,1,1,2.616,1158
다사423454,471,471,고척2동,0.129,0,2,1,1.041,2.216,1187
다사452443,361,361,구로2동,5.486,2.22,2,1,1.041,10.104,429
다사422452,379,379,개봉1동,1.437,0.715,2,1,1.041,4.322,989
다사424442,284,284,오류1동,10,0,1,1.095,1,12.045,233
다사458429,253,253,가리봉동,0,0,2,1,1.041,2.082,1200
다사442449,N/A,0,고척1동,0,0,1,1,1.041,1.041,1290
다사467432,261,261,구로3동,10,0,2,1.095,1,13.14,107
다사404443,114,114,수궁동,9.35,0,1,1,1,10.35,400
다사420445,264,264,오류1동,3.154,0,2,1,1.041,5.365,877
다사448436,444,444,구로1동,9.841,0,2,1.095,1,12.966,168
다사425452,254,254,고척2동,0,0,1.5,1,1.041,1.562,1252
다사426455,558,558,고척2동,5.701,0,1.5,1,1,7.201,704
다사440447,47,47,고척1동,1.239,1.315,1,1,1,3.554,1060
다사449446,N/A,0,구로1동,0,0,2,1,1,2,1209
다사459439,441,441,구로2동,3.582,0,2,1,1.041,5.811,833
다사434441,N/A,0,개봉1동,0,1.175,2,1,1,3.175,1099
다사454454,580,580,신도림동,6.849,0,2.5,1.095,1,10.237,411
다사406442,482,482,수궁동,9.681,0,2,1,1,11.681,282
다사468425,507,507,구로3동,6.386,0,2,1.095,1,9.183,509
다사418442,466,466,오류1동,5.054,0,2,1.095,1,7.724,648
다사410428,N/A,0,오류2동,0,0,1,1,1,1,1330
다사433438,637,637,개봉2동,9.766,0,2,1.095,1,12.884,175
다사455428,9,9,가리봉동,8.096,0,0,1,1,8.096,616
다사418422,174,174,오류2동,10,0,2,1,1,12,245
다사436440,280,280,개봉1동,9.272,0,2,1,1,11.272,332
다사461439,92,92,구로4동,2.527,0.455,2,1,1.041,5.186,895
다사462451,681,681,구로5동,2.666,0.715,3,1.095,1.041,7.274,694
다사419448,243,243,개봉1동,6.75,0,2,1,1,8.75,552
다사421446,404,404,개봉1동,1.351,0,2,1,1.041,3.488,1070
다사458451,N/A,0,구로5동,0,0.555,2,1,1.041,2.66,1150
다사455451,195,195,구로5동,10,0,2,1.095,1.041,13.679,76
다사457447,208,208,구로5동,3.159,0,2,1,1.041,5.371,875
다사458439,319,319,구로2동,0.312,0,2,1,1.041,2.407,1174
다사459452,N/A,0,구로5동,0,0.835,2,1,1,2.835,1136
다사416443,389,389,오류1동,9.264,0,2,1.095,1.041,12.84,177
다사459447,156,156,구로5동,0.578,0.265,2,1,1.041,2.96,1124
다사462440,244,244,구로4동,0.006,0,2,1,1.041,2.088,1198
다사409440,532,532,수궁동,3.608,0,2,1,1.041,5.838,832
다사463423,53,53,가리봉동,3.571,0,2,1,1.041,5.799,834
다사401435,128,128,수궁동,8.542,0,1.5,1,1,10.042,434
다사449432,25,25,구로1동,5.204,0,1.5,1,1,6.704,753
다사418451,330,330,개봉1동,3.79,0,1.5,1,1.041,5.507,864
다사447441,700,700,구로1동,1.167,0,2,1.095,1,3.468,1072
다사456434,121,121,구로4동,0.771,0.755,1,1,1.041,2.63,1156
다사414444,230,230,오류1동,5.038,0,2,1,1.041,7.327,687
다사403441,193,193,수궁동,1.743,0,1,1,1,2.743,1141
다사430450,1045,1045,고척2동,9.393,0,2,1,1,11.393,317
다사452436,255,255,구로2동,2.298,0,2,1,1.041,4.474,963
다사437445,118,118,고척1동,9.197,0,2,1,1,11.197,340
다사420429,407,407,오류2동,10,0,2,1.095,1,13.14,107
다사428447,339,339,개봉1동,0.778,0,1,1,1.041,1.851,1234
다사433456,127,127,고척2동,10,0,1.5,1,1.041,11.971,263
다사415427,163,163,오류2동,6.228,0,2,1,1,8.228,602
다사407444,228,228,수궁동,3.146,0.265,2,1,1.041,5.633,850
다사435450,447,447,고척1동,6.296,0.555,2,1,1,8.851,543
다사430440,71,71,개봉2동,3.88,0,2,1,1,5.88,827
다사431449,364,364,고척1동,5.111,0,2,1.095,1.041,8.106,615
다사447440,363,363,구로1동,8.37,0,2,1,1,10.37,398
다사428430,405,405,개봉3동,1.872,0,2,1,1.041,4.031,1012
다사431450,835,835,고척2동,9.421,0,2,1.095,1,12.506,199
다사395441,N/A,0,수궁동,0,0,1,1,1,1,1330
다사427446,290,290,개봉1동,2.086,0,1.5,1,1.041,3.733,1037
다사455450,798,798,구로5동,9.786,0,2,1.095,1,12.906,174
다사459446,210,210,구로5동,0,0,1,1.095,1.041,1.14,1285
다사415439,N/A,0,오류2동,0,0,2,1,1,2,1209
다사403425,449,449,항동,10,0,2,1.095,1,13.14,107
다사423448,569,569,개봉1동,7.333,0,2,1.095,1,10.22,417
다사427448,293,293,고척2동,4.121,0.68,1.5,1,1.041,6.559,766
다사428433,516,516,개봉3동,3.521,0,2,1,1.041,5.747,841
다사407433,286,286,오류2동,4.376,0,2,1,1,6.376,783
다사427427,280,280,개봉3동,5.756,0,2,1.095,1.041,8.841,544
다사402425,585,585,항동,10,0,2,1.095,1,13.14,107
다사460447,733,733,구로5동,4.868,0.315,2,1.095,1,7.865,631
다사431454,158,158,고척2동,5.686,0,2,1,1,7.686,654
다사397444,20,20,수궁동,8.752,0,1,1,1,9.752,467
다사421440,201,201,오류2동,0.54,0.5,2,1,1.041,3.165,1101
다사452456,59,59,신도림동,7.998,0,1,1,1.041,9.367,491
다사414433,81,81,오류2동,4.536,0,2,1,1.041,6.804,741
다사455435,141,141,구로2동,5.085,1.6,1.5,1,1.041,8.521,573
다사458459,688,688,신도림동,10,0,2,1,1,12,245
다사454435,308,308,구로2동,0.057,0,1,1,1.041,1.1,1288
다사457431,426,426,구로4동,0.073,2.5,2,1,1,4.573,954
다사446439,377,377,구로1동,1.969,0,2,1.095,1,4.346,983
다사402432,272,272,항동,5.489,0,2,1.095,1,8.2,606
다사430453,339,339,고척2동,0,0,2,1,1.041,2.082,1200
다사458431,394,394,구로3동,0.006,0.73,2,1,1,2.736,1142
다사452447,184,184,구로2동,5.855,0,1.5,1.095,1,8.054,620
다사398437,39,39,수궁동,6.606,0.625,1,1,1.041,8.568,571
다사400440,38,38,수궁동,8.922,0,1,1,1.041,10.329,403
다사407445,326,326,수궁동,0.996,0,2,1,1.041,3.119,1108
다사447443,408,408,구로1동,8.615,0,2,1,1,10.615,387
다사462436,37,37,구로4동,0.092,0.665,1,1,1.041,1.829,1236
다사396444,20,20,수궁동,9.356,0,1,1,1.041,10.781,378
다사409442,353,353,수궁동,1.362,0.625,2,1.095,1,4.366,978
다사450459,7,7,신도림동,9.959,0,1,1,1.041,11.408,314
다사404427,209,209,항동,10,0,1,1.095,1,12.045,233
다사410439,N/A,0,오류2동,0,0,1.5,1,1,1.5,1261
다사437441,854,854,개봉1동,10,0,1.5,1.095,1,12.593,189
다사459454,315,315,구로5동,10,0,2,1.095,1,13.14,107
다사418436,335,335,오류2동,0.934,0,2,1,1.041,3.054,1112
다사420442,219,219,오류1동,1.133,1.955,2,1.095,1,5.571,855
다사448448,N/A,0,구로2동,0,0,1,1,1,1,1330
다사449434,252,252,구로1동,7.264,0,1,1,1,8.264,592
다사457456,1087,1087,신도림동,7.913,0,2,1.095,1,10.855,371
다사451442,38,38,구로2동,6.328,0,1,1.095,1,8.024,624
다사428440,249,249,개봉2동,2.154,0,2,1,1.041,4.324,988
다사448441,724,724,구로1동,7.055,0,2,1.095,1,9.915,450
다사461431,435,435,구로3동,9.985,0,2,1.095,1,13.124,147
다사447444,1174,1174,구로1동,7.892,0,2,1.095,1,10.832,373
다사417435,374,374,오류2동,6.951,0,2,1.095,1,9.801,462
다사399439,138,138,수궁동,1.825,0,1,1,1,2.825,1139
다사428432,480,480,개봉3동,1.824,0,2,1,1.041,3.981,1018
다사437446,358,358,고척1동,9.694,0,2,1,1,11.694,281
다사422440,478,478,오류2동,0.608,0,2,1,1.041,2.715,1144
다사428450,254,254,고척2동,1.56,0,2,1,1.041,3.706,1044
다사441449,233,233,고척1동,6.234,0,1,1,1.041,7.531,667
다사455432,269,269,구로2동,0.69,0.555,1.5,1,1.041,2.858,1134
다사454457,487,487,신도림동,10,0,2,1.095,1,13.14,107
다사417450,104,104,개봉1동,9.773,0,1,1,1,10.773,379
다사455430,156,156,가리봉동,1.944,0,1,1,1.041,3.065,1111
다사467426,714,714,구로3동,0.002,0.295,2,1.095,1.041,2.618,1157
다사447452,7,7,구로2동,3.724,0.24,1,1,1,4.964,921
다사460425,223,223,가리봉동,1.281,1.875,1.5,1,1.041,4.847,931
다사403432,233,233,항동,5.371,0,1.5,1,1,6.871,729
다사423441,36,36,오류1동,8.686,0,2,1,1,10.686,384
다사435437,1293,1293,개봉2동,5.995,0,2,1,1,7.995,627
다사448455,328,328,신도림동,10,0,2,1,1,12,245
다사414430,337,337,오류2동,4.339,0,2,1,1,6.339,788
다사410432,39,39,오류2동,10,0,0,1,1,10,439
다사433449,95,95,고척1동,2.879,0,2,1,1.041,5.079,906
다사461442,912,912,구로4동,7.405,0.65,2,1.095,1,11.01,353
다사460429,107,107,가리봉동,0.177,0.295,1.5,1,1.041,2.053,1208
다사464424,158,158,가리봉동,0.821,0,2,1,1.041,2.937,1130
다사424453,466,466,고척2동,2.821,0,2,1,1.041,5.019,914
다사426456,418,418,고척2동,9.983,0,2,1,1,11.983,261
다사411440,165,165,수궁동,1.22,0.535,2,1,1.041,3.909,1022
다사402431,82,82,항동,9.527,0,1,1,1.041,10.959,364
다사455443,334,334,구로2동,1.416,0,1.5,1,1.041,3.036,1114
다사427445,146,146,개봉1동,5.531,0,2,1.095,1.041,8.585,567
다사420453,N/A,0,개봉1동,0,0,1.5,1,1,1.5,1261
다사463424,455,455,가리봉동,0.118,0,2,1.095,1.041,2.414,1172
다사426452,385,385,고척2동,0,0,1.5,1,1.041,1.562,1252
다사455459,686,686,신도림동,4.246,0,2,1.095,1,6.839,734
다사460426,101,101,가리봉동,2.886,0.25,1,1,1.041,4.306,991
다사420444,248,248,오류1동,6.216,2,1.5,1,1.041,10.114,428
다사427434,389,389,개봉3동,0,0,1.5,1,1.041,1.562,1252
다사449457,88,88,신도림동,4.535,0,1,1,1,5.535,860
다사399425,579,579,항동,10,0,1,1.095,1,12.045,233
다사405423,173,173,항동,10,0,1,1,1,11,354
다사457428,152,152,가리봉동,0,1.665,2,1,1.041,3.815,1028
다사440452,249,249,고척1동,6.071,0,2,1,1,8.071,618
다사455449,156,156,구로5동,3.205,0,2,1,1.041,5.418,870
다사460427,290,290,가리봉동,0.542,0,2,1,1.041,2.646,1153
다사459427,222,222,가리봉동,0.517,0.525,1,1,1.041,2.126,1193
다사457454,928,928,신도림동,10,0,2,1.095,1,13.14,107
다사457452,911,911,구로5동,4.234,0,2,1.095,1,6.826,737
다사428443,826,826,개봉1동,10,0,2,1.095,1,13.14,107
다사397441,195,195,수궁동,6.018,0,1.5,1,1,7.518,668
다사438451,586,586,고척1동,2.45,0,2,1,1.041,4.632,949
다사457455,602,602,신도림동,10,0,2,1.095,1.041,13.679,76
다사417451,70,70,개봉1동,9.939,0,1,1,1.041,11.387,318
다사424432,N/A,0,개봉3동,0,0,1,1,1,1,1330
다사411434,479,479,오류2동,5.614,0,2,1,1,7.614,661
다사400442,153,153,수궁동,10,0,2,1,1,12,245
다사425448,270,270,개봉1동,0.999,0.24,2,1,1.041,3.372,1081
다사409438,154,154,오류2동,10,0,1,1,1.041,11.451,302
다사451448,40,40,구로2동,2.871,0,1,1,1.041,4.03,1013
다사454453,318,318,신도림동,5.838,0,2,1.095,1,8.583,568
다사460436,377,377,구로4동,6.342,0.665,2,1,1,9.007,523
다사416438,384,384,오류2동,7.59,0.355,2,1,1,9.945,446
다사460424,39,39,가리봉동,0.793,0.625,1.5,1,1.041,3.038,1113
다사463431,N/A,0,구로3동,0,0,1.5,1,1,1.5,1261
다사464437,494,494,구로4동,5.236,1.11,2,1,1.041,8.688,559
다사412442,90,90,수궁동,8.471,0,2,1,1.041,10.9,368
다사431437,368,368,개봉2동,0,0,2,1.095,1.041,2.28,1184
다사462448,327,327,구로5동,0.931,0,1.5,1.095,1,2.662,1147
다사422454,466,466,고척2동,3.342,0,2,1,1.041,5.561,856
다사407451,N/A,0,수궁동,0,0,1,1,1,1,1330
다사413443,287,287,오류1동,1.762,0,2,1,1.041,3.916,1021
다사418452,210,210,개봉1동,2.784,0,1,1,1.041,3.939,1020
다사463437,327,327,구로4동,3.588,2.5,1,1,1.041,7.379,678
다사399443,321,321,수궁동,9.909,0,2,1,1,11.909,268
다사410441,266,266,수궁동,2.243,0.18,2,1,1.041,4.604,951
다사460441,397,397,구로4동,10,0,2,1.095,1,13.14,107
다사409437,6,6,오류2동,10,0,1,1,1,11,354
다사422439,377,377,오류2동,0,0,2,1,1.041,2.082,1200
다사395420,475,475,항동,5.133,0,1,1.095,1,6.716,752
다사429452,337,337,고척2동,1.676,1.25,2,1,1.041,5.128,901
다사431452,615,615,고척2동,7.522,0,2,1,1,9.522,481
다사456444,140,140,구로2동,0.557,0,2,1,1.041,2.662,1147
다사428437,414,414,개봉2동,0.785,0.415,2,1,1.041,3.331,1085
다사416424,181,181,오류2동,9.539,0,2,1.095,1,12.635,186
다사417425,410,410,오류2동,10,0,2,1.095,1,13.14,107
다사420447,368,368,개봉1동,7.148,0,1.5,1,1.041,9.003,524
다사456443,220,220,구로2동,0.531,0,1.5,1,1.041,2.114,1195
다사467424,700,700,구로3동,5.323,0,2,1.095,1,8.019,626
다사455444,72,72,구로2동,4.106,0.37,1.5,1,1.041,6.221,799
다사460444,65,65,구로5동,2.772,0,2,1,1.041,4.968,920
다사428428,169,169,개봉3동,1.178,0,2,1.095,1.041,3.623,1054
다사408436,88,88,오류2동,10,0,2,1,1.041,12.492,210
다사467431,297,297,구로3동,10,0,2,1.095,1,13.14,107
다사412433,95,95,오류2동,6.108,0,2,1,1.041,8.44,580
다사418441,1002,1002,오류1동,1.47,1.565,2,1.095,1,5.513,862
다사430434,228,228,개봉3동,5.382,0,2,1,1.041,7.685,655
다사459430,600,600,구로3동,0.04,0.265,2,1,1,2.305,1182
다사409444,146,146,수궁동,10,0,1,1,1,11,354
다사424441,204,204,개봉2동,4.958,0,2,1,1.041,7.243,697
다사396442,233,233,수궁동,1.151,0,1.5,1,1,2.651,1152
다사428436,504,504,개봉2동,2.295,0,2,1,1.041,4.471,964
다사421454,192,192,개봉1동,0.671,0.385,2,1,1.041,3.181,1097
다사418444,43,43,오류1동,1.408,0,2,1,1.041,3.548,1062
다사406445,490,490,수궁동,1.028,0,2,1.095,1,3.316,1088
다사415423,47,47,오류2동,10,0,1,1.095,1,12.045,233
다사425431,58,58,개봉3동,4.003,0,2,1,1.041,6.249,798
다사407439,241,241,오류2동,10,0,1,1,1,11,354
다사412443,N/A,0,수궁동,0,0,2,1,1.041,2.082,1200
다사423443,509,509,오류1동,5.394,0,2,1,1,7.394,676
다사401440,40,40,수궁동,9.071,0,1,1,1,10.071,433
다사458427,50,50,가리봉동,0,1.21,2,1,1.041,3.342,1084
다사458453,1023,1023,구로5동,9.247,0,2,1.095,1,12.315,222
다사402436,204,204,수궁동,10,0,1.5,1,1,11.5,294
다사414445,112,112,오류1동,7.684,0,1.5,1,1,9.184,508
다사415446,1006,1006,오류1동,10,0,2,1,1,12,245
다사424450,289,289,고척2동,1.346,0.21,2,1,1.041,3.702,1046
다사461445,333,333,구로5동,10,0,2,1.095,1,13.14,107
다사406439,N/A,0,오류2동,0,0,1,1,1,1,1330
다사438446,103,103,고척1동,4.365,0,2,1,1,6.365,785
다사438453,35,35,고척1동,7.624,0,1,1,1.041,8.978,530
다사466434,261,261,구로3동,3.796,0,1.5,1,1,5.296,883
다사429433,489,489,개봉3동,1.628,0.5,2,1,1.041,4.297,992
다사460433,475,475,구로3동,7.084,0,2,1.095,1,9.947,445
다사399423,N/A,0,항동,0,0,1,1,1,1,1330
다사396419,386,386,항동,10,0,1.5,1,1,11.5,294
다사433436,572,572,개봉2동,4.657,0,2,1.095,1,7.289,689
다사459440,234,234,구로2동,6.36,0.5,1.5,1,1.041,8.703,557
다사430447,327,327,개봉1동,5.705,0,1.5,1,1.041,7.5,671
다사453453,1354,1354,신도림동,10,0,2,1.095,1,13.14,107
다사460439,288,288,구로2동,2.88,0,2,1,1.041,5.08,905
다사433453,138,138,고척2동,3.426,0.335,2,1.095,1,6.308,791
다사462430,216,216,구로3동,1.538,0,2,1,1,3.538,1064
다사456450,403,403,구로5동,6.752,0,2,1.095,1.041,9.976,442
다사456435,183,183,구로4동,3.19,0.635,1.5,1,1.041,5.543,857
다사418448,274,274,개봉1동,5.21,0,2,1,1.041,7.506,670
다사403446,N/A,0,수궁동,0,0,1,1,1,1,1330
다사459429,264,264,가리봉동,0.556,0,2,1,1.041,2.661,1149
다사418443,247,247,오류1동,2.511,0,2,1,1.041,4.696,940
다사431438,501,501,개봉2동,5.056,0,2,1,1.041,7.345,684
다사462444,848,848,구로5동,3.79,0,2,1.095,1,6.34,787
다사425451,380,380,고척2동,0,0,1.5,1,1.041,1.562,1252
다사403443,335,335,수궁동,2.003,0,1,1.095,1,3.288,1090
다사422449,94,94,개봉1동,9.492,0.555,2,1,1.041,12.541,197
다사418427,24,24,오류2동,5.461,0,2,1,1.041,7.767,642
다사458428,256,256,가리봉동,0.09,1.11,2,1,1.041,3.331,1085
다사403435,246,246,오류2동,8.122,0.385,1,1.095,1,10.41,396
다사455460,391,391,신도림동,0.968,0,1,1.095,1,2.155,1189
다사409448,107,107,수궁동,7.943,0,1,1,1,8.943,536
다사427436,663,663,개봉2동,0.229,0,2,1,1,2.229,1185
다사433434,392,392,개봉3동,2.974,0,1,1.095,1.041,4.53,959
다사434453,271,271,고척2동,4.698,0,2,1.095,1,7.334,686
다사457427,112,112,가리봉동,0.59,0,2,1,1.041,2.696,1145
다사418445,130,130,오류1동,2.322,0,1,1,1,3.322,1087
다사449453,152,152,신도림동,4.612,0.57,2,1.095,1,7.864,632
다사430438,40,40,개봉2동,3.711,0.225,2,1,1.041,6.179,804
다사427437,600,600,개봉2동,0.44,0,2,1.095,1,2.672,1146
다사438441,1387,1387,고척1동,9.245,0,2,1.095,1,12.313,223
다사435440,240,240,개봉1동,5.08,0,2,1.095,1,7.753,645
다사457430,61,61,구로3동,0,1.455,2,1,1.041,3.597,1058
다사448437,501,501,구로1동,4.622,0,2,1,1,6.622,761
다사459443,232,232,구로5동,0.248,0,2,1.095,1.041,2.562,1161
다사418439,264,264,오류2동,5.769,0,2,1,1,7.769,641
다사454434,313,313,구로2동,1.471,0,1.5,1,1.041,3.093,1109
다사460458,304,304,신도림동,5.875,0.74,1.5,1.095,1,8.886,541
다사399438,113,113,수궁동,3.476,0.19,1,1.095,1,5.109,903
다사417424,574,574,오류2동,10,0,2,1.095,1,13.14,107
다사421453,405,405,개봉1동,2.375,0,2,1,1.041,4.554,957
다사426441,200,200,개봉2동,9.221,0,2,1,1.041,11.681,282
다사436444,21,21,고척1동,4.213,0,2,1,1,6.213,801
다사426433,168,168,개봉3동,3.644,0,1,1,1.041,4.834,932
다사415441,314,314,오류1동,3.848,0,2,1,1.041,6.088,811
다사411443,88,88,수궁동,6.613,0,2,1,1.041,8.966,532
다사419446,345,345,오류1동,4.255,0,1.5,1,1.041,5.991,819
다사415433,149,149,오류2동,4.006,0.575,2,1.095,1,7.206,702
다사410437,N/A,0,오류2동,0,0,1,1,1.041,1.041,1290
다사451443,82,82,구로2동,9.603,0,1,1,1.041,11.038,352
다사460431,596,596,구로3동,4.048,0,2,1.095,1,6.623,760
다사419427,33,33,오류2동,5.376,0,2,1,1.041,7.678,656
다사427450,214,214,고척2동,0.356,0,1.5,1,1.041,1.932,1232
다사462427,N/A,0,구로3동,0,0.5,1,1,1,1.5,1261
다사412431,12,12,오류2동,10,0,1.5,1,1.041,11.971,263
다사462446,474,474,구로5동,2.451,0.83,2,1,1,5.281,887
다사408439,163,163,오류2동,10,0,1,1,1.041,11.451,302
다사421455,64,64,고척2동,6.265,0.24,2,1,1,8.505,574
다사463442,547,547,구로4동,7.362,0,2,1.095,1,10.251,408
다사419437,279,279,오류2동,2.457,0,2,1,1.041,4.64,947
다사464430,N/A,0,구로3동,0,0,1.5,1,1,1.5,1261
다사420448,587,587,개봉1동,6.25,0.525,2,1,1.041,9.135,514
다사460442,273,273,구로5동,9.281,0,2,1.095,1,12.353,220
다사427428,415,415,개봉3동,1.404,0,2,1,1.041,3.544,1063
다사460456,1359,1359,신도림동,10,0,2,1.095,1,13.14,107
다사454448,14,14,구로5동,4.995,0.105,1.5,1,1,6.6,762
다사403436,120,120,수궁동,6.028,0.625,1,1,1,7.653,658
다사403448,N/A,0,수궁동,0,0,1,1,1.041,1.041,1290
다사461450,70,70,구로5동,4.868,0,2,1,1,6.868,731
다사425437,N/A,0,개봉2동,0,0,1,1,1,1,1330
다사454442,202,202,구로2동,0.405,0.335,1.5,1,1.041,2.332,1180
다사423455,522,522,고척2동,4.233,0,1.5,1.095,1.041,6.535,769
다사439452,512,512,고척1동,0.136,0,2,1,1.041,2.224,1186
다사431432,99,99,개봉3동,3.393,0.415,2,1,1.041,6.046,814
다사404421,,0,항동,0,0,0,1,1,0,1725
다사401454,,0,수궁동,0,0,0,1,1,0,1725
다사419425,,0,오류2동,0,0,0,1,1.041,0,1725
다사462454,,0,구로5동,0,0,1.5,1,1,1.5,1261
다사406427,,0,항동,0,0,0,1,1,0,1725
다사444443,,0,구로1동,0,0,2,1,1,2,1209
다사446447,,0,구로2동,0,0,1,1,1,1,1330
다사415449,,0,개봉1동,0,0,0,1,1,0,1725
다사404429,,0,항동,0,0,1,1,1,1,1330
다사407428,,0,항동,0,0,0,1,1,0,1725
다사397419,,0,항동,0,0,0,1,1,0,1725
다사409422,,0,오류2동,0,0,0,1,1,0,1725
다사444452,,0,고척1동,0,0,0,1,1,0,1725
다사395439,,0,수궁동,0,0,1.5,1,1,1.5,1261
다사405424,,0,항동,0,0,0,1,1,0,1725
다사421422,,0,오류2동,0,0,0,1,1,0,1725
다사459460,,0,신도림동,0,0,1,1,1.041,1.041,1290
다사421441,,0,오류1동,0,0,1,1,1,1,1330
다사449459,,0,신도림동,0,0,1,1,1,1,1330
다사419434,,0,오류2동,0,0,0,1,1,0,1725
다사393442,,0,수궁동,0,0,0,1,1,0,1725
다사403430,,0,항동,0,0,0,1,1,0,1725
다사440439,,0,개봉2동,0,0,0,1,1,0,1725
다사401448,,0,수궁동,0,0,0,1,1,0,1725
다사397418,,0,항동,0,0,0,1,1,0,1725
다사443440,,0,구로1동,0,0,0,1,1,0,1725
다사459450,,0,구로5동,0,0,2,1,1,2,1209
다사403454,,0,수궁동,0,0,0,1,1,0,1725
다사405456,,0,수궁동,0,0,0,1,1,0,1725
다사439441,,0,고척1동,0,0,2,1,1,2,1209
다사412428,,0,오류2동,0,0,1,1,1,1,1330
다사405455,,0,수궁동,0,0,0,1,1,0,1725
다사421456,,0,고척2동,0,0,1,1,1,1,1330
다사404438,,0,수궁동,0,0,1,1,1,1,1330
다사405454,,0,수궁동,0,0,0,1,1,0,1725
다사465428,,0,구로3동,0,0.47,1.5,1,1,1.97,1229
다사420425,,0,오류2동,0,0,0,1,1,0,1725
다사398427,,0,항동,0,0,1,1,1,1,1330
다사399446,,0,수궁동,0,0,1,1,1,1,1330
다사397421,,0,항동,0,0,0,1,1,0,1725
다사407424,,0,항동,0,0,1,1,1,1,1330
다사425433,,0,개봉3동,0,0,0,1,1.041,0,1725
다사419423,,0,오류2동,0,0,0,1,1,0,1725
다사410421,,0,오류2동,0,0,0,1,1,0,1725
다사414419,,0,오류2동,0,0,0,1,1,0,1725
다사468423,,0,구로3동,0,0,0,1,1,0,1725
다사463446,,0,구로5동,0,0,1,1,1,1,1330
다사445448,,0,구로2동,0,0,1,1,1,1,1330
다사449440,,0,구로1동,0,0,1.5,1,1,1.5,1261
다사407437,,0,오류2동,0,0,1,1,1,1,1330
다사451436,,0,구로1동,0,0,1,1,1,1,1330
다사448459,,0,신도림동,0,0,0,1,1,0,1725
다사415452,,0,개봉1동,0,0,0,1,1,0,1725
다사402437,,0,수궁동,0,0,1,1,1,1,1330
다사418429,,0,오류2동,0,0,2,1,1,2,1209
다사466427,,0,구로3동,0,0.11,1.5,1,1,1.61,1249
다사409426,,0,오류2동,0,0,0,1,1,0,1725
다사450437,,0,구로1동,0,0,1.5,1,1,1.5,1261
다사424437,,0,오류2동,0,0,0,1,1,0,1725
다사444442,,0,구로1동,0,0,1,1,1,1,1330
다사444450,,0,고척1동,0,0,0,1,1,0,1725
다사406424,,0,항동,0,0,1,1,1,1,1330
다사402450,,0,수궁동,0,0,1,1,1,1,1330
다사411421,,0,오류2동,0,0,0,1,1,0,1725
다사405425,,0,항동,0,0,0,1,1,0,1725
다사401451,,0,수궁동,0,0,1,1,1,1,1330
다사404432,,0,항동,0,0,1,1,1,1,1330
다사460446,,0,구로5동,0,0,2,1,1,2,1209
다사443449,,0,구로2동,0,0,1,1,1,1,1330
다사415447,,0,개봉1동,0,0,1,1,1.041,1.041,1290
다사427452,,0,고척2동,0,0,1,1,1,1,1330
다사427458,,0,고척2동,0,0,0,1,1,0,1725
다사426458,,0,고척2동,0,0,0,1,1,0,1725
다사460459,,0,신도림동,0,0,1,1,1.041,1.041,1290
다사399424,,0,항동,0,0,0,1,1,0,1725
다사409427,,0,오류2동,0,0,0,1,1,0,1725
다사454447,,0,구로5동,0,0,2,1,1,2,1209
다사410444,,0,수궁동,0,0,0,1,1,0,1725
다사446455,,0,신도림동,0,0,0,1,1,0,1725
다사432431,,0,개봉3동,0,0,0,1,1,0,1725
다사444437,,0,구로1동,0,0,0,1,1,0,1725
다사450435,,0,구로1동,0,0,1,1,1,1,1330
다사412437,,0,오류2동,0,0,1,1,1,1,1330
다사447446,,0,구로2동,0,0,1,1,1,1,1330
다사439442,,0,고척1동,0,0,1,1,1,1,1330
다사412446,,0,오류1동,0,0,1,1,1,1,1330
다사414449,,0,개봉1동,0,0,0,1,1,0,1725
다사403427,,0,항동,0,0,1,1,1,1,1330
다사450445,,0,구로1동,0,0,0,1,1,0,1725
다사436436,,0,개봉3동,0,0,0,1,1,0,1725
다사445447,,0,구로2동,0,0,1,1,1,1,1330
다사406435,,0,오류2동,0,0,0,1,1,0,1725
다사423427,,0,개봉3동,0,0,1,1,1,1,1330
다사451461,,0,신도림동,0,0,1,1,1,1,1330
다사413424,,0,오류2동,0,0,0,1,1,0,1725
다사437453,,0,고척1동,0,0,0,1,1,0,1725
다사431457,,0,고척2동,0,0,1,1,1,1,1330
다사412449,,0,수궁동,0,0,0,1,1,0,1725
다사404449,,0,수궁동,0,0,1,1,1,1,1330
다사405436,,0,오류2동,0,0,1,1,1,1,1330
다사410430,,0,오류2동,0,0,0,1,1,0,1725
다사463448,,0,구로5동,0,0,0,1,1,0,1725
다사452463,,0,신도림동,0,0,1,1,1,1,1330
다사404440,,0,수궁동,0,0,1,1,1,1,1330
다사414427,,0,오류2동,0,0,1,1,1,1,1330
다사411445,,0,수궁동,0,0,1,1,1,1,1330
다사415421,,0,오류2동,0,0,0,1,1,0,1725
다사445434,,0,구로1동,0,0,1,1,1,1,1330
다사403421,,0,항동,0,0,0,1,1,0,1725
다사411446,,0,수궁동,0,0,0,1,1,0,1725
다사397445,,0,수궁동,0,0,0,1,1,0,1725
다사415420,,0,오류2동,0,0,0,1,1,0,1725
다사468429,,0,구로3동,0,0.135,2,1,1,2.135,1192
다사420441,,0,오류1동,0,0,1,1,1,1,1330
다사436449,,0,고척1동,0,0,1,1,1,1,1330
다사411420,,0,오류2동,0,0,0,1,1,0,1725
다사422426,,0,오류2동,0,0,0,1,1,0,1725
다사447447,,0,구로2동,0,0,1,1,1,1,1330
다사449448,,0,구로2동,0,0,1,1,1,1,1330
다사457426,,0,가리봉동,0,0,0,1,1,0,1725
다사393444,,0,수궁동,0,0,0,1,1,0,1725
다사443445,,0,구로2동,0,0,1,1,1,1,1330
다사405440,,0,수궁동,0,0,1,1,1,1,1330
다사398449,,0,수궁동,0,0,0,1,1,0,1725
다사463444,,0,구로5동,0,0,1,1,1.041,1.041,1290
다사421425,,0,오류2동,0,0,0,1,1,0,1725
다사464444,,0,구로5동,0,0,0,1,1,0,1725
다사465439,,0,구로4동,0,0,1,1,1,1,1330
다사405422,,0,항동,0,0,0,1,1,0,1725
다사402446,,0,수궁동,0,0,0,1,1,0,1725
다사470427,,0,구로3동,0,0,1,1,1,1,1330
다사447457,,0,신도림동,0,0,1,1,1,1,1330
다사447449,,0,구로2동,0,0.625,1,1,1,1.625,1245
다사461455,,0,구로5동,0,0,1,1,1,1,1330
다사395421,,0,항동,0,0,1,1,1,1,1330
다사415432,,0,오류2동,0,0,2,1,1,2,1209
다사465426,,0,구로3동,0,1.43,1,1,1,2.43,1171
다사411429,,0,오류2동,0,0,0,1,1,0,1725
다사401441,,0,수궁동,0,0,0,1,1,0,1725
다사399440,,0,수궁동,0,0,1,1,1,1,1330
다사443439,,0,구로1동,0,0,0,1,1,0,1725
다사433448,,0,고척1동,0,0,1,1,1,1,1330
다사445444,,0,구로1동,0,0,1,1,1,1,1330
다사439443,,0,고척1동,0,0,1,1,1,1,1330
다사458461,,0,신도림동,0,0,0,1,1,0,1725
다사444447,,0,구로2동,0,0,0,1,1,0,1725
다사407455,,0,수궁동,0,0,1,1,1,1,1330
다사421433,,0,오류2동,0,0,0,1,1,0,1725
다사465429,,0,구로3동,0,0,1,1,1,1,1330
다사409452,,0,수궁동,0,0,0,1,1,0,1725
다사444436,,0,구로1동,0,0,0,1,1,0,1725
다사423436,,0,오류2동,0,0,1,1,1,1,1330
다사447450,,0,구로2동,0,0,1,1,1,1,1330
다사408437,,0,오류2동,0,0,1,1,1,1,1330
다사423430,,0,개봉3동,0,0,0,1,1,0,1725
다사406425,,0,항동,0,0,0,1,1,0,1725
다사447456,,0,신도림동,0,0,1,1,1,1,1330
다사401447,,0,수궁동,0,0,0,1,1,0,1725
다사454462,,0,신도림동,0,0,1,1,1,1,1330
다사429444,,0,개봉1동,0,0,1,1,1,1,1330
다사450464,,0,신도림동,0,0,0,1,1,0,1725
다사393440,,0,수궁동,0,0,0,1,1,0,1725
다사418453,,0,개봉1동,0,0,1,1,1,1,1330
다사442446,,0,구로2동,0,0,0,1,1,0,1725
다사405437,,0,수궁동,0,0,1,1,1,1,1330
다사430458,,0,고척2동,0,0,0,1,1,0,1725
다사408425,,0,항동,0,0,0,1,1,0,1725
다사463456,,0,구로5동,0,0,0,1,1,0,1725
다사444438,,0,구로1동,0,0,1,1,1,1,1330
다사411438,,0,오류2동,0,0,1,1,1,1,1330
다사450441,,0,구로1동,0,0,0,1,1,0,1725
다사460460,,0,신도림동,0,0,0,1,1,0,1725
다사464426,,0,구로3동,0,0,1,1,1,1,1330
다사463445,,0,구로5동,0,0,0,1,1,0,1725
다사444441,,0,구로1동,0,0.75,1,1,1,1.75,1238
다사401442,,0,수궁동,0,0,1,1,1,1,1330
다사411428,,0,오류2동,0,0,1,1,1,1,1330
다사450436,,0,구로1동,0,0,1,1,1,1,1330
다사442436,,0,구로1동,0,0,0,1,1,0,1725
다사407456,,0,수궁동,0,0,0,1,1,0,1725
다사420419,,0,오류2동,0,0,1,1,1,1,1330
다사443450,,0,고척1동,0,0,1,1,1,1,1330
다사410450,,0,수궁동,0,0,1,1,1,1,1330
다사401456,,0,수궁동,0,0,0,1,1,0,1725
다사459456,,0,신도림동,0,0,1,1,1,1,1330
다사419422,,0,오류2동,0,0,1,1,1,1,1330
다사444453,,0,고척1동,0,0,0,1,1,0,1725
다사462458,,0,신도림동,0,0,0,1,1,0,1725
다사446445,,0,구로2동,0,0,1,1,1,1,1330
다사441440,,0,개봉2동,0,0,0,1,1,0,1725
다사401453,,0,수궁동,0,0,0,1,1,0,1725
다사402420,,0,항동,0,0,0,1,1,0,1725
다사402453,,0,수궁동,0,0,0,1,1,0,1725
다사466435,,0,구로3동,0,0,0,1,1,0,1725
다사451440,,0,구로1동,0,0,1,1,1.041,1.041,1290
다사422436,,0,오류2동,0,0,1,1,1,1,1330
다사429429,,0,개봉3동,0,0,0,1,1,0,1725
다사412419,,0,오류2동,0,0,0,1,1,0,1725
다사438437,,0,개봉2동,0,0,1,1,1,1,1330
다사461423,,0,가리봉동,0,0,1,1,1,1,1330
다사413421,,0,오류2동,0,0,0,1,1,0,1725
다사421419,,0,오류2동,0,0,0,1,1,0,1725
다사421436,,0,오류2동,0,0,1,1,1,1,1330
다사463427,,0,구로3동,0,0,1,1,1,1,1330
다사402428,,0,항동,0,0,1,1,1,1,1330
다사404451,,0,수궁동,0,0,1,1,1,1,1330
다사461453,,0,구로5동,0,0,1,1,1,1,1330
다사398419,,0,항동,0,0,0,1,1,0,1725
다사450460,,0,신도림동,0,0,1,1,1,1,1330
다사412436,,0,오류2동,0,0,1,1,1,1,1330
다사411418,,0,오류2동,0,0,0,1,1,0,1725
다사413423,,0,오류2동,0,0,0,1,1,0,1725
다사418440,,0,오류1동,0,0,1,1,1,1,1330
다사433446,,0,고척1동,0,0,1,1,1,1,1330
다사409424,,0,항동,0,0,0,1,1,0,1725
다사462431,,0,구로3동,0,0,1,1,1,1,1330
다사406449,,0,수궁동,0,0,1,1,1,1,1330
다사454460,,0,신도림동,0,0,1,1,1,1,1330
다사441439,,0,개봉2동,0,0,0,1,1,0,1725
다사442439,,0,구로1동,0,0,0,1,1,0,1725
다사408431,,0,오류2동,0,0,0,1,1,0,1725
다사400455,,0,수궁동,0,0,0,1,1,0,1725
다사406457,,0,수궁동,0,0,0,1,1,0,1725
다사444448,,0,구로2동,0,0,0,1,1,0,1725
다사402430,,0,항동,0,0,0,1,1,0,1725
다사407434,,0,오류2동,0,0,1,1,1,1,1330
다사413437,,0,오류2동,0,0,1,1,1,1,1330
다사452449,,0,구로2동,0,0,1,1,1,1,1330
다사396421,,0,항동,0,0,1,1,1,1,1330
다사456427,,0,가리봉동,0,0,0,1,1,0,1725
다사435455,,0,고척2동,0,0,0,1,1,0,1725
다사446454,,0,신도림동,0,0,0,1,1,0,1725
다사410443,,0,수궁동,0,0,0,1,1,0,1725
다사465438,,0,구로4동,0,0,1,1,1,1,1330
다사419418,,0,오류2동,0,0,0,1,1,0,1725
다사402456,,0,수궁동,0,0,0,1,1,0,1725
다사404442,,0,수궁동,0,0,1,1,1,1,1330
다사445445,,0,구로2동,0,0,1,1,1,1,1330
다사401446,,0,수궁동,0,0,0,1,1,0,1725
다사422437,,0,오류2동,0,0,1,1,1.041,1.041,1290
다사451462,,0,신도림동,0,0,0,1,1,0,1725
다사405451,,0,수궁동,0,0,1,1,1,1,1330
다사423434,,0,개봉3동,0,0,0,1,1,0,1725
다사439439,,0,개봉2동,0,0,0,1,1,0,1725
다사467433,,0,구로3동,0,0,1,1,1,1,1330
다사411448,,0,수궁동,0,0,0,1,1,0,1725
다사437444,,0,고척1동,0,0.625,1,1,1,1.625,1245
다사409423,,0,항동,0,0,0,1,1,0,1725
다사423431,,0,개봉3동,0,0,1,1,1,1,1330
다사413439,,0,오류2동,0,0,0,1,1,0,1725
다사434444,,0,고척1동,0,0,0,1,1,0,1725
다사399441,,0,수궁동,0,0,0,1,1,0,1725
다사463447,,0,구로5동,0,0,0,1,1,0,1725
다사422456,,0,고척2동,0,0,1,1,1,1,1330
다사418431,,0,오류2동,0,0,1,1,1,1,1330
다사396423,,0,항동,0,0,0,1,1,0,1725
다사416451,,0,개봉1동,0,0,0,1,1,0,1725
다사423432,,0,개봉3동,0,0,0,1,1,0,1725
다사425443,,0,개봉1동,0,0,1,1,1,1,1330
다사403451,,0,수궁동,0,0,0,1,1,0,1725
다사402448,,0,수궁동,0,0,1,1,1,1,1330
다사394439,,0,수궁동,0,0,1,1,1,1,1330
다사411422,,0,오류2동,0,0,0,1,1,0,1725
다사398443,,0,수궁동,0,0,1,1,1.041,1.041,1290
다사425444,,0,개봉1동,0,0,1,1,1,1,1330
다사445438,,0,구로1동,0,0,1,1,1,1,1330
다사404455,,0,수궁동,0,0,0,1,1,0,1725
다사463451,,0,구로5동,0,0,1,1,1.041,1.041,1290
다사422429,,0,오류2동,0,0,1,1,1.041,1.041,1290
다사413420,,0,오류2동,0,0,0,1,1,0,1725
다사464443,,0,구로4동,0,0,0,1,1,0,1725
다사408423,,0,항동,0,0,0,1,1,0,1725
다사416448,,0,개봉1동,0,0,1,1,1,1,1330
다사451454,,0,신도림동,0,0,1,1,1,1,1330
다사453465,,0,신도림동,0,0,0,1,1,0,1725
다사420452,,0,개봉1동,0,0,1,1,1,1,1330
다사395422,,0,항동,0,0,1,1,1,1,1330
다사449444,,0,구로1동,0,0,1,1,1,1,1330
다사403445,,0,수궁동,0,0,0,1,1,0,1725
다사453455,,0,신도림동,0,0,1,1,1,1,1330
다사452451,,0,구로2동,0,0.035,1,1,1,1.035,1329
다사397437,,0,수궁동,0,0,0,1,1,0,1725
다사445449,,0,구로2동,0,0,0,1,1,0,1725
다사406433,,0,오류2동,0,0,1,1,1,1,1330
다사446436,,0,구로1동,0,0,0,1,1,0,1725
다사407422,,0,항동,0,0,0,1,1,0,1725
다사417419,,0,오류2동,0,0,0,1,1,0,1725
다사430430,,0,개봉3동,0,0,0,1,1,0,1725
다사414450,,0,개봉1동,0,0,0,1,1,0,1725
다사395444,,0,수궁동,0,0,0,1,1,0,1725
다사407430,,0,항동,0,0,0,1,1,0,1725
다사419419,,0,오류2동,0,0,1,1,1,1,1330
다사421420,,0,오류2동,0,0,0,1,1,0,1725
다사425457,,0,고척2동,0,0,1,1,1,1,1330
다사414424,,0,오류2동,0,0,1,1,1,1,1330
다사424445,,0,개봉1동,0,0,1,1,1.041,1.041,1290
다사447451,,0,구로2동,0,0,1,1,1,1,1330
다사447455,,0,신도림동,0,0,1,1,1,1,1330
다사408430,,0,오류2동,0,0,0,1,1,0,1725
다사408427,,0,항동,0,0,0,1,1,0,1725
다사471430,,0,구로3동,0,0,1,1,1,1,1330
다사451447,,0,구로2동,0,0,0,1,1,0,1725
다사402455,,0,수궁동,0,0,0,1,1,0,1725
다사420422,,0,오류2동,0,0,0,1,1,0,1725
다사450438,,0,구로1동,0,0,1,1,1,1,1330
다사400453,,0,수궁동,0,0,0,1,1,0,1725
다사439445,,0,고척1동,0,0,1,1,1.041,1.041,1290
다사446440,,0,구로1동,0,0,1,1,1,1,1330
다사408451,,0,수궁동,0,0,0,1,1,0,1725
다사395438,,0,수궁동,0,0,0,1,1,0,1725
다사440444,,0,고척1동,0,0,1,1,1,1,1330
다사412426,,0,오류2동,0,0,0,1,1,0,1725
다사413422,,0,오류2동,0,0,0,1,1,0,1725
다사412423,,0,오류2동,0,0,0,1,1,0,1725
다사412418,,0,오류2동,0,0,0,1,1,0,1725
다사416453,,0,개봉1동,0,0,0,1,1,0,1725
다사437438,,0,개봉2동,0,0,0,1,1,0,1725
다사464428,,0,구로3동,0,0,1,1,1,1,1330
다사416450,,0,개봉1동,0,0,1,1,1,1,1330
다사400432,,0,항동,0,0,1,1,1,1,1330
다사420421,,0,오류2동,0,0,1,1,1,1,1330
다사427444,,0,개봉1동,0,0,1,1,1.041,1.041,1290
다사442445,,0,구로2동,0,0,0,1,1,0,1725
다사443451,,0,고척1동,0,0,1,1,1,1,1330
다사464445,,0,구로5동,0,0,0,1,1,0,1725
다사406448,,0,수궁동,0,0,0,1,1,0,1725
다사422435,,0,오류2동,0,0,0,1,1,0,1725
다사412422,,0,오류2동,0,0,0,1,1,0,1725
다사457462,,0,신도림동,0,0,0,1,1,0,1725
다사401426,,0,항동,0,0,1,1,1,1,1330
다사451451,,0,구로2동,0,0,1,1,1,1,1330
다사446453,,0,구로2동,0,0,0,1,1,0,1725
다사424429,,0,개봉3동,0,0,0,1,1,0,1725
다사456458,,0,신도림동,0,0,1,1,1,1,1330
다사427451,,0,고척2동,0,0,1,1,1,1,1330
다사402452,,0,수궁동,0,0,0,1,1,0,1725
다사407429,,0,항동,0,0,0,1,1,0,1725
다사422433,,0,개봉3동,0,0,0,1,1,0,1725
다사450465,,0,신도림동,0,0,0,1,1,0,1725
다사404453,,0,수궁동,0,0,0,1,1,0,1725
다사444449,,0,구로2동,0,0,0,1,1,0,1725
다사442437,,0,구로1동,0,0,0,1,1,0,1725
다사409449,,0,수궁동,0,0,0,1,1,0,1725
다사416421,,0,오류2동,0,0,0,1,1,0,1725
다사472429,,0,구로3동,0,0,0,1,1,0,1725
다사407426,,0,항동,0,0,0,1,1,0,1725
다사446434,,0,구로1동,0,0,0,1,1,0,1725
다사464425,,0,구로3동,0,0,1,1,1,1,1330
다사427453,,0,고척2동,0,0,1,1,1,1,1330
다사417426,,0,오류2동,0,0,1,1,1,1,1330
다사448446,,0,구로2동,0,0,1,1,1,1,1330
다사395440,,0,수궁동,0,0,1,1,1,1,1330
다사461448,,0,구로5동,0,0,1,1,1,1,1330
다사449450,,0,구로2동,0,0,1,1,1,1,1330
다사456462,,0,신도림동,0,0,0,1,1,0,1725
다사450461,,0,신도림동,0,0,0,1,1,0,1725
다사461456,,0,신도림동,0,0,1,1,1,1,1330
다사431456,,0,고척2동,0,0,1,1,1.041,1.041,1290
다사440446,,0,고척1동,0,0.715,1,1,1,1.715,1239
다사404420,,0,항동,0,0,0,1,1,0,1725
다사417421,,0,오류2동,0,0,1,1,1,1,1330
다사394418,,0,항동,0,0,0,1,1,0,1725
다사407425,,0,항동,0,0,0,1,1,0,1725
다사425426,,0,개봉3동,0,0,0,1,1,0,1725
다사403456,,0,수궁동,0,0,0,1,1,0,1725
다사392442,,0,수궁동,0,0,0,1,1,0,1725
다사416430,,0,오류2동,0,0,1,1,1,1,1330
다사406451,,0,수궁동,0,0,1,1,1,1,1330
다사419432,,0,오류2동,0,0,0,1,1,0,1725
다사397424,,0,항동,0,0,0,1,1,0,1725
다사406454,,0,수궁동,0,0,1,1,1.041,1.041,1290
다사437437,,0,개봉2동,0,0,1,1,1.041,1.041,1290
다사428427,,0,개봉3동,0,0,0,1,1,0,1725
다사450431,,0,구로1동,0,0,0,1,1,0,1725
다사451437,,0,구로1동,0,0,1,1,1,1,1330
다사409445,,0,수궁동,0,0,1,1,1,1,1330
다사407421,,0,항동,0,0,0,1,1,0,1725
다사451445,,0,구로2동,0,0,1,1,1,1,1330
다사400445,,0,수궁동,0,0,1,1,1,1,1330
다사395445,,0,수궁동,0,0,0,1,1,0,1725
다사408453,,0,수궁동,0,0,0,1,1,0,1725
다사435435,,0,개봉3동,0,0,0,1,1,0,1725
다사413430,,0,오류2동,0,0,1,1,1,1,1330
다사461459,,0,신도림동,0,0,0,1,1,0,1725
다사461430,,0,구로3동,0,0,1,1,1,1,1330
다사469425,,0,구로3동,0,0,0,1,1,0,1725
다사462445,,0,구로5동,0,0,1,1,1,1,1330
다사411437,,0,오류2동,0,0,1,1,1,1,1330
다사441443,,0,고척1동,0,0,1,1,1,1,1330
다사420430,,0,오류2동,0,0,1,1,1,1,1330
다사405442,,0,수궁동,0,0,1,1,1,1,1330
다사446456,,0,신도림동,0,0,0,1,1,0,1725
다사421431,,0,개봉3동,0,0,0,1,1,0,1725
다사447448,,0,구로2동,0,0,1,1,1,1,1330
다사466436,,0,구로3동,0,0,0,1,1,0,1725
다사408429,,0,항동,0,0,0,1,1,0,1725
다사406434,,0,오류2동,0,0,0,1,1,0,1725
다사420436,,0,오류2동,0,0,1,1,1.041,1.041,1290
다사458441,,0,구로2동,0,0,1,1,1,1,1330
다사405420,,0,항동,0,0,0,1,1,0,1725
다사450443,,0,구로1동,0,0,0,1,1,0,1725
다사449462,,0,신도림동,0,0,0,1,1,0,1725
다사418432,,0,오류2동,0,0,1,1,1,1,1330
다사403429,,0,항동,0,0,1,1,1,1,1330
다사403447,,0,수궁동,0,0,1,1,1,1,1330
다사419420,,0,오류2동,0,0,1,1,1,1,1330
다사448462,,0,신도림동,0,0,0,1,1,0,1725
다사464452,,0,구로5동,0,0,0,1,1,0,1725
다사405434,,0,오류2동,0,0,1,1,1,1,1330
다사453464,,0,신도림동,0,0,0,1,1,0,1725
다사450440,,0,구로1동,0,0,0,1,1,0,1725
다사428459,,0,고척2동,0,0,0,1,1,0,1725
다사400449,,0,수궁동,0,0,0,1,1,0,1725
다사434434,,0,개봉3동,0,0,1,1,1,1,1330
다사407453,,0,수궁동,0,0,0,1,1,0,1725
다사435443,,0,개봉1동,0,0.415,1,1,1,1.415,1278
다사396439,,0,수궁동,0,0,1,1,1,1,1330
다사441450,,0,고척1동,0,0,0,1,1,0,1725
다사409429,,0,오류2동,0,0,0,1,1,0,1725
다사448451,,0,구로2동,0,0,1,1,1,1,1330
다사403452,,0,수궁동,0,0,0,1,1,0,1725
다사420434,,0,오류2동,0,0,1,1,1,1,1330
다사417420,,0,오류2동,0,0,0,1,1,0,1725
다사469431,,0,구로3동,0,0,1,1,1,1,1330
다사410425,,0,오류2동,0,0,0,1,1,0,1725
다사421432,,0,개봉3동,0,0,0,1,1,0,1725
다사402454,,0,수궁동,0,0,0,1,1,0,1725
다사406422,,0,항동,0,0,0,1,1,0,1725
다사395418,,0,항동,0,0,0,1,1,0,1725
다사398447,,0,수궁동,0,0,0,1,1,0,1725
다사446458,,0,신도림동,0,0,0,1,1,0,1725
다사425434,,0,개봉3동,0,0,1,1,1,1,1330
다사439437,,0,개봉2동,0,0,0,1,1,0,1725
다사456455,,0,신도림동,0,1.25,1,1,1.041,2.342,1178
다사451450,,0,구로2동,0,0,1,1,1,1,1330
다사454464,,0,신도림동,0,0,0,1,1,0,1725
다사407454,,0,수궁동,0,0,1,1,1,1,1330
다사460449,,0,구로5동,0,0,1,1,1,1,1330
다사422430,,0,개봉3동,0,0,0,1,1,0,1725
다사435447,,0,고척1동,0,0,1,1,1,1,1330
다사429457,,0,고척2동,0,0,1,1,1,1,1330
다사408450,,0,수궁동,0,0,0,1,1,0,1725
다사424438,,0,오류2동,0,0,1,1,1.041,1.041,1290
다사434448,,0,고척1동,0,0,1,1,1.041,1.041,1290
다사446449,,0,구로2동,0,0,1,1,1,1,1330
다사447435,,0,구로1동,0,0,0,1,1,0,1725
다사449447,,0,구로2동,0,0,1,1,1,1,1330
다사432446,,0,고척1동,0,0,0,1,1,0,1725
다사463455,,0,구로5동,0,0,0,1,1,0,1725
다사427459,,0,,0,0,0,1,1,0,1725
다사464453,,0,구로5동,0,0,0,1,1,0,1725
다사452466,,0,신도림동,0,0,0,1,1,0,1725
다사444444,,0,구로2동,0,0,1,1,1,1,1330
다사412424,,0,오류2동,0,0,0,1,1,0,1725
다사429458,,0,고척2동,0,0,0,1,1,0,1725
다사448460,,0,신도림동,0,0,0,1,1,0,1725
다사422457,,0,고척2동,0,0,0,1,1,0,1725
다사400425,,0,항동,0,0,1,1,1,1,1330
다사413449,,0,개봉1동,0,0,0,1,1,0,1725
다사451434,,0,구로1동,0,0,1,1,1,1,1330
다사441441,,0,구로1동,0,0,0,1,1,0,1725
다사406450,,0,수궁동,0,0,1,1,1,1,1330
다사404454,,0,수궁동,0,0,0,1,1,0,1725
다사413419,,0,오류2동,0,0,0,1,1,0,1725
다사424439,,0,개봉2동,0,0,1,1,1,1,1330
다사444446,,0,구로2동,0,0,1,1,1,1,1330
다사451464,,0,신도림동,0,0,0,1,1,0,1725
다사411419,,0,오류2동,0,0,0,1,1,0,1725
다사459455,,0,신도림동,0,0.04,1,1,1,1.04,1328
다사434433,,0,개봉3동,0,0,0,1,1,0,1725
다사454429,,0,가리봉동,0,0,1,1,1,1,1330
다사410445,,0,수궁동,0,0,0,1,1,0,1725
다사448434,,0,구로1동,0,0,0,1,1,0,1725
다사396417,,0,항동,0,0,0,1,1,0,1725
다사405433,,0,항동,0,0,1,1,1,1,1330
다사453448,,0,구로2동,0,0,1,1,1,1,1330
다사403433,,0,항동,0,0,1,1,1,1,1330
다사398448,,0,수궁동,0,0,0,1,1,0,1725
다사401428,,0,항동,0,0,0,1,1,0,1725
다사411430,,0,오류2동,0,0,0,1,1,0,1725
다사412447,,0,수궁동,0,0,0,1,1,0,1725
다사465430,,0,구로3동,0,0,1,1,1,1,1330
다사419421,,0,오류2동,0,0,1,1,1,1,1330
다사464429,,0,구로3동,0,0,1,1,1,1,1330
다사423457,,0,고척2동,0,0,0,1,1,0,1725
다사444439,,0,구로1동,0,0,1,1,1.041,1.041,1290
다사414420,,0,오류2동,0,0,0,1,1,0,1725
다사451435,,0,구로1동,0,0,1,1,1,1,1330
다사447458,,0,신도림동,0,0,0,1,1,0,1725
다사402427,,0,항동,0,0,1,1,1.041,1.041,1290
다사399432,,0,항동,0,0,0,1,1,0,1725
다사470430,,0,구로3동,0,0,1,1,1,1,1330
다사424435,,0,개봉3동,0,0,0,1,1,0,1725
다사406430,,0,항동,0,0,0,1,1,0,1725
다사440440,,0,개봉2동,0,0,0,1,1,0,1725
다사453447,,0,구로2동,0,0,1,1,1,1,1330
다사436439,,0,개봉2동,0,0,1,1,1,1,1330
다사446448,,0,구로2동,0,0,1,1,1,1,1330
다사425442,,0,오류1동,0,0,1,1,1,1,1330
다사451432,,0,구로1동,0,0,0,1,1,0,1725
다사406432,,0,오류2동,0,0,1,1,1,1,1330
다사419441,,0,오류1동,0,0,1,1,1,1,1330
다사398441,,0,수궁동,0,0,0,1,1.041,0,1725
다사420424,,0,오류2동,0,0,0,1,1,0,1725
다사408454,,0,수궁동,0,0,0,1,1,0,1725
다사415448,,0,개봉1동,0,0,0,1,1,0,1725
다사443435,,0,구로1동,0,0,0,1,1,0,1725
다사446457,,0,신도림동,0,0,0,1,1,0,1725
다사441451,,0,고척1동,0,0,1,1,1,1,1330
다사441445,,0,고척1동,0,0,1,1,1,1,1330
다사399437,,0,수궁동,0,0,1,1,1,1,1330
다사398425,,0,항동,0,0,1,1,1,1,1330
다사412450,,0,수궁동,0,0,0,1,1.041,0,1725
다사410424,,0,오류2동,0,0,0,1,1,0,1725
다사466430,,0,구로3동,0,0.11,1,1,1,1.11,1287
다사443443,,0,구로2동,0,0,1,1,1,1,1330
다사426457,,0,고척2동,0,0,1,1,1,1,1330
다사416420,,0,오류2동,0,0,0,1,1,0,1725
다사396441,,0,수궁동,0,0,1,1,1,1,1330
다사425456,,0,고척2동,0,0,1,1,1,1,1330
다사396420,,0,항동,0,0,0,1,1,0,1725
다사467428,,0,구로3동,0,0.215,1,1,1,1.215,1284
다사396422,,0,항동,0,0,1,1,1,1,1330
다사421435,,0,오류2동,0,0,1,1,1,1,1330
다사451438,,0,구로1동,0,0,1,1,1.041,1.041,1290
다사467429,,0,구로3동,0,0,1,1,1,1,1330
다사425445,,0,개봉1동,0,0,1,1,1,1,1330
다사443436,,0,구로1동,0,0,0,1,1,0,1725
다사405426,,0,항동,0,0,0,1,1,0,1725
다사420432,,0,개봉3동,0,0,0,1,1,0,1725
다사394421,,0,항동,0,0,1,1,1,1,1330
다사413450,,0,개봉1동,0,0,0,1,1,0,1725
다사392443,,0,수궁동,0,0,0,1,1,0,1725
다사408428,,0,항동,0,0,0,1,1,0,1725
다사449443,,0,구로1동,0,0,1,1,1,1,1330
다사447459,,0,신도림동,0,0,0,1,1,0,1725
다사445446,,0,구로2동,0,0,1,1,1,1,1330
다사428458,,0,고척2동,0,0,0,1,1,0,1725
다사437439,,0,개봉2동,0,0,0,1,1,0,1725
다사453461,,0,신도림동,0,0,0,1,1,0,1725
다사467423,,0,구로3동,0,0,1,1,1,1,1330
다사425458,,0,고척2동,0,0,0,1,1,0,1725
다사408426,,0,항동,0,0,0,1,1,0,1725
다사424434,,0,개봉3동,0,0,1,1,1,1,1330
다사460455,,0,구로5동,0,0,1,1,1,1,1330
다사456454,,0,신도림동,0,0.665,1,1,1,1.665,1241
다사393419,,0,항동,0,0,0,1,1,0,1725
다사408424,,0,항동,0,0,1,1,1,1,1330
다사453460,,0,신도림동,0,0,1,1,1,1,1330
다사400431,,0,항동,0,0,1,1,1,1,1330
다사450439,,0,구로1동,0,0,1,1,1,1,1330
다사405438,,0,오류2동,0,0,1,1,1,1,1330
다사438440,,0,개봉1동,0,0,1,1,1,1,1330
다사459461,,0,신도림동,0,0,0,1,1,0,1725
다사440441,,0,개봉1동,0,0,0,1,1,0,1725
다사448433,,0,구로1동,0,0,0,1,1,0,1725
다사446446,,0,구로2동,0,0,1,1,1,1,1330
다사450444,,0,구로1동,0,0,0,1,1,0,1725
다사433457,,0,고척2동,0,0,0,1,1,0,1725
다사454455,,0,신도림동,0,0,1,1,1,1,1330
다사427457,,0,고척2동,0,0,1,1,1,1,1330
다사451433,,0,구로1동,0,0,1,1,1,1,1330
다사425435,,0,개봉3동,0,0,1,1,1,1,1330
다사420420,,0,오류2동,0,0,0,1,1,0,1725
다사455438,,0,구로2동,0,0,1,1,1,1,1330
다사393445,,0,수궁동,0,0,0,1,1,0,1725
다사405431,,0,항동,0,0,1,1,1,1,1330
다사410431,,0,오류2동,0,0,0,1,1,0,1725
다사409428,,0,오류2동,0,0,0,1,1,0,1725
다사442450,,0,고척1동,0,0,1,1,1,1,1330
다사432458,,0,고척2동,0,0,0,1,1,0,1725
다사401449,,0,수궁동,0,0,0,1,1,0,1725
다사398420,,0,항동,0,0,0,1,1,0,1725
다사396445,,0,수궁동,0,0,0,1,1,0,1725
다사457461,,0,신도림동,0,0,1,1,1,1,1330
다사448447,,0,구로2동,0,0,1,1,1,1,1330
다사394443,,0,수궁동,0,0,0,1,1,0,1725
다사468432,,0,구로3동,0,0,0,1,1,0,1725
다사461457,,0,신도림동,0,0,1,1,1,1,1330
다사466431,,0,구로3동,0,0,1,1,1,1,1330
다사443444,,0,구로2동,0,0,0,1,1,0,1725
다사446459,,0,신도림동,0,0,0,1,1,0,1725
다사410422,,0,오류2동,0,0,0,1,1,0,1725
다사413428,,0,오류2동,0,0,1,1,1.041,1.041,1290
다사419424,,0,오류2동,0,0,0,1,1,0,1725
다사402451,,0,수궁동,0,0,0,1,1,0,1725
다사451465,,0,신도림동,0,0,0,1,1,0,1725
다사410452,,0,수궁동,0,0,0,1,1,0,1725
다사411447,,0,수궁동,0,0,0,1,1,0,1725
다사410426,,0,오류2동,0,0,0,1,1,0,1725
다사399448,,0,수궁동,0,0,0,1,1,0,1725
다사433447,,0,고척1동,0,0,1,1,1.041,1.041,1290
다사414447,,0,오류1동,0,0,0,1,1,0,1725
다사443438,,0,구로1동,0,0,0,1,1,0,1725
다사403444,,0,수궁동,0,0,1,1,1,1,1330
다사413451,,0,,0,0,0,1,1,0,1725
다사400450,,0,수궁동,0,0,0,1,1,0,1725
다사440443,,0,고척1동,0,0,1,1,1,1,1330
다사448458,,0,신도림동,0,0,0,1,1,0,1725
다사420431,,0,오류2동,0,0,0,1,1,0,1725
다사416452,,0,개봉1동,0,0,0,1,1,0,1725
다사414428,,0,오류2동,0,0,1,1,1,1,1330
다사442451,,0,고척1동,0,0,1,1,1,1,1330
다사421434,,0,오류2동,0,0,1,1,1,1,1330
다사400441,,0,수궁동,0,0,0,1,1,0,1725
다사470426,,0,구로3동,0,0,0,1,1,0,1725
다사393441,,0,수궁동,0,0,1,1,1,1,1330
다사450446,,0,구로1동,0,0,1,1,1,1,1330
다사461444,,0,구로5동,0,0,1,1,1,1,1330
다사409451,,0,수궁동,0,0,0,1,1,0,1725
다사458456,,0,신도림동,0,0,1,1,1,1,1330
다사398446,,0,수궁동,0,0,0,1,1.041,0,1725
다사416447,,0,개봉1동,0,0,1,1,1,1,1330
다사400436,,0,수궁동,0,0,1,1,1,1,1330
다사449461,,0,신도림동,0,0,0,1,1,0,1725
다사418433,,0,오류2동,0,0,0,1,1,0,1725
다사443447,,0,구로2동,0,0,0,1,1,0,1725
다사443441,,0,구로1동,0,0,1,1,1,1,1330
다사412448,,0,수궁동,0,0,0,1,1,0,1725
다사452464,,0,신도림동,0,0,0,1,1,0,1725
다사420423,,0,오류2동,0,0,0,1,1,0,1725
다사394441,,0,수궁동,0,0,1,1,1,1,1330
다사449441,,0,구로1동,0,0,1,1,1,1,1330
다사451466,,0,신도림동,0,0,0,1,1,0,1725
다사401434,,0,수궁동,0,0,1,1,1,1,1330
다사412439,,0,오류2동,0,0,1,1,1,1,1330
다사412421,,0,오류2동,0,0,0,1,1,0,1725
다사440453,,0,고척1동,0,0,0,1,1,0,1725
다사454463,,0,신도림동,0,0,1,1,1,1,1330
다사454452,,0,신도림동,0,0,1,1,1,1,1330
다사396440,,0,수궁동,0,0,1,1,1,1,1330
다사403453,,0,수궁동,0,0,0,1,1.041,0,1725
다사423433,,0,개봉3동,0,0,0,1,1,0,1725
다사457453,,0,신도림동,0,0,1,1,1,1,1330
다사411432,,0,오류2동,0,0,1,1,1,1,1330
다사464432,,0,구로3동,0,0,1,1,1,1,1330
다사397446,,0,수궁동,0,0,0,1,1,0,1725
다사400424,,0,항동,0,0,1,1,1,1,1330
다사435436,,0,개봉3동,0,0,1,1,1,1,1330
다사472430,,0,구로3동,0,0,0,1,1,0,1725
다사453456,,0,신도림동,0,0,1,1,1,1,1330
다사410429,,0,오류2동,0,0,0,1,1,0,1725
다사462428,,0,구로3동,0,0,1,1,1,1,1330
다사462423,,0,가리봉동,0,0,0,1,1,0,1725
다사465434,,0,구로3동,0,0,1,1,1,1,1330
다사465440,,0,구로4동,0,0,1,1,1,1,1330
다사401452,,0,수궁동,0,0,0,1,1,0,1725
다사411451,,0,수궁동,0,0,0,1,1,0,1725
다사447430,,0,구로1동,0,0,0,1,1,0,1725
다사442442,,0,구로2동,0,0,1,1,1,1,1330
다사394442,,0,수궁동,0,0,1,1,1,1,1330
다사424436,,0,오류2동,0,0,0,1,1,0,1725
다사403455,,0,수궁동,0,0,0,1,1,0,1725
다사411427,,0,오류2동,0,0,0,1,1.041,0,1725
다사415422,,0,오류2동,0,0,0,1,1,0,1725
다사470431,,0,구로3동,0,0,1,1,1,1,1330
다사406429,,0,항동,0,0,0,1,1,0,1725
다사433432,,0,개봉3동,0,0,0,1,1,0,1725
다사405453,,0,수궁동,0,0,1,1,1,1,1330
다사401431,,0,항동,0,0,1,1,1,1,1330
다사427426,,0,개봉3동,0,0,0,1,1,0,1725
다사450442,,0,구로1동,0,0,0,1,1,0,1725
다사441447,,0,고척1동,0,0,1,1,1,1,1330
다사398422,,0,항동,0,0,1,1,1,1,1330
다사447460,,0,신도림동,0,0,0,1,1,0,1725
다사414422,,0,오류2동,0,0,0,1,1,0,1725
다사419440,,0,오류2동,0,0,1,1,1,1,1330
다사443448,,0,구로2동,0,0,0,1,1,0,1725
다사406423,,0,항동,0,0,0,1,1,0,1725
다사405443,,0,수궁동,0,0,1,1,1,1,1330
다사408422,,0,항동,0,0,0,1,1,0,1725
다사400419,,0,항동,0,0,0,1,1,0,1725
다사398426,,0,항동,0,0,1,1,1,1,1330
다사402441,,0,수궁동,0,0,1,1,1,1,1330
다사405421,,0,항동,0,0,0,1,1,0,1725
다사410423,,0,오류2동,0,0,0,1,1,0,1725
다사406456,,0,수궁동,0,0,0,1,1,0,1725
다사441444,,0,고척1동,0,0,1,1,1,1,1330
다사402429,,0,항동,0,0,0,1,1,0,1725
다사442453,,0,고척1동,0,0,0,1,1,0,1725
다사412438,,0,오류2동,0,0,1,1,1,1,1330
다사453449,,0,구로5동,0,0,1,1,1,1,1330
다사406438,,0,오류2동,0,0,1,1,1,1,1330
다사394445,,0,수궁동,0,0,0,1,1,0,1725
다사404450,,0,수궁동,0,0,1,1,1.041,1.041,1290
다사421423,,0,오류2동,0,0,0,1,1,0,1725
다사442440,,0,구로1동,0,0,0,1,1,0,1725
다사452465,,0,신도림동,0,0,0,1,1,0,1725
다사406428,,0,항동,0,0,0,1,1,0,1725
다사404428,,0,항동,0,0,1,1,1,1,1330
다사406431,,0,항동,0,0,0,1,1,0,1725
다사405450,,0,수궁동,0,0,1,1,1,1,1330
다사410427,,0,오류2동,0,0,0,1,1,0,1725
다사405427,,0,항동,0,0,0,1,1,0,1725
다사398423,,0,항동,0,0,0,1,1,0,1725
다사400430,,0,항동,0,0,1,1,1,1,1330
다사421430,,0,오류2동,0,0,0,1,1,0,1725
다사452448,,0,구로2동,0,0,1,1,1,1,1330
다사466429,,0,구로3동,0,0,1,1,1,1,1330
다사424433,,0,개봉3동,0,0,0,1,1,0,1725
다사413429,,0,오류2동,0,0,0,1,1,0,1725
다사421429,,0,오류2동,0,0,0,1,1,0,1725
다사400452,,0,수궁동,0,0,0,1,1,0,1725
다사422441,,0,오류1동,0,0,1,1,1,1,1330
다사442444,,0,구로2동,0,0,0,1,1,0,1725
다사463429,,0,구로3동,0,0,1,1,1,1,1330
다사412429,,0,오류2동,0,0,0,1,1,0,1725
다사446441,,0,구로1동,0,0,1,1,1,1,1330
다사434447,,0,고척1동,0,0,1,1,1,1,1330
다사413426,,0,오류2동,0,0,1,1,1,1,1330
다사426454,,0,고척2동,0,0,0,1,1,0,1725
다사449433,,0,구로1동,0,0,1,1,1,1,1330
다사413448,,0,개봉1동,0,0,0,1,1,0,1725
다사419431,,0,오류2동,0,0,0,1,1,0,1725
다사406452,,0,수궁동,0,0,0,1,1.041,0,1725
다사402434,,0,항동,0,0,1,1,1,1,1330
다사416422,,0,오류2동,0,0,1,1,1,1,1330
다사450466,,0,신도림동,0,0,0,1,1,0,1725
다사445437,,0,구로1동,0,0,0,1,1,0,1725
다사418419,,0,오류2동,0,0,0,1,1,0,1725
다사453450,,0,구로5동,0,0,1,1,1,1,1330
다사399436,,0,수궁동,0,0,0,1,1,0,1725
다사417452,,0,개봉1동,0,0,1,1,1,1,1330
다사411436,,0,오류2동,0,0,1,1,1,1,1330
다사427443,,0,개봉1동,0,0,1,1,1,1,1330
다사424430,,0,개봉3동,0,0,1,1,1.041,1.041,1290
다사411450,,0,수궁동,0,0,1,1,1,1,1330
다사420433,,0,오류2동,0,0,0,1,1,0,1725
다사443442,,0,구로1동,0,0,1,1,1,1,1330
다사411435,,0,오류2동,0,0,1,1,1,1,1330
다사422432,,0,개봉3동,0,0,0,1,1,0,1725
다사414448,,0,개봉1동,0,0,0,1,1,0,1725
다사402447,,0,수궁동,0,0,0,1,1,0,1725
다사440438,,0,개봉2동,0,0,0,1,1,0,1725
다사455462,,0,신도림동,0,0,0,1,1,0,1725
다사465427,,0,구로3동,0,0,1,1,1,1,1330
다사401429,,0,항동,0,0,0,1,1,0,1725
다사405457,,0,수궁동,0,0,0,1,1,0,1725
다사409453,,0,수궁동,0,0,0,1,1,0,1725
다사441446,,0,고척1동,0,0,0,1,1,0,1725
다사406426,,0,항동,0,0,0,1,1,0,1725
다사406420,,0,항동,0,0,0,1,1,0,1725
다사414451,,0,개봉1동,0,0,0,1,1,0,1725
다사411426,,0,오류2동,0,0,0,1,1,0,1725
다사463449,,0,구로5동,0,0,0.5,1,1,0.5,1723
다사410438,,0,오류2동,0,0,1,1,1,1,1330
다사414421,,0,오류2동,0,0,0,1,1,0,1725
다사451444,,0,구로2동,0,0,1,1,1,1,1330
다사401430,,0,항동,0,0,1,1,1,1,1330
다사464431,,0,구로3동,0,0,1,1,1,1,1330
다사462457,,0,신도림동,0,0,1,1,1,1,1330
다사449451,,0,구로2동,0,0,1,1,1,1,1330
다사451431,,0,구로1동,0,0,0,1,1,0,1725
다사429428,,0,개봉3동,0,0,0,1,1,0,1725
다사405432,,0,항동,0,0,0,1,1,0,1725
다사420455,,0,개봉1동,0,0,0,1,1,0,1725
다사442438,,0,구로1동,0,0,0,1,1,0,1725
다사438439,,0,개봉2동,0,0,0,1,1,0,1725
다사406455,,0,수궁동,0,0,1,1,1,1,1330
다사411431,,0,오류2동,0,0,1,1,1,1,1330
다사467430,,0,구로3동,0,0.265,1,1,1,1.265,1280
다사446452,,0,구로2동,0,0,1,1,1,1,1330
다사401445,,0,수궁동,0,0,1,1,1,1,1330
다사420418,,0,오류2동,0,0,1,1,1,1,1330
다사425428,,0,개봉3동,0,0,1,1,1,1,1330
다사421418,,0,오류2동,0,0,0,1,1,0,1725
다사419433,,0,오류2동,0,0,0,1,1,0,1725
다사450463,,0,신도림동,0,0,0,1,1,0,1725
다사463454,,0,구로5동,0,0,1,1,1,1,1330
다사423429,,0,개봉3동,0,0,1,1,1,1,1330
다사417454,,0,,0,0,0,1,1,0,1725
다사415450,,0,개봉1동,0,0,0,1,1,0,1725
다사450432,,0,구로1동,0,0,1,1,1,1,1330
다사421421,,0,오류2동,0,0,0,1,1,0,1725
다사447434,,0,구로1동,0,0,0,1,1,0,1725
다사446437,,0,구로1동,0,0,0,1,1,0,1725
다사465424,,0,구로3동,0,0,1,1,1,1,1330
다사445450,,0,구로2동,0,0,1,1,1,1,1330
다사416449,,0,개봉1동,0,0,1,1,1,1,1330
다사462456,,0,구로5동,0,0,1,1,1,1,1330
다사405428,,0,항동,0,0,0,1,1,0,1725
다사468428,,0,구로3동,0,0.44,1,1,1,1.44,1276
다사420435,,0,오류2동,0,0,0,1,1,0,1725
다사394419,,0,항동,0,0,1,1,1,1,1330
다사451441,,0,구로2동,0,0,1,1,1,1,1330
다사401455,,0,수궁동,0,0,0,1,1,0,1725
다사405429,,0,항동,0,0,1,1,1,1,1330
다사439440,,0,개봉2동,0,0,0,1,1,0,1725
다사461440,,0,구로4동,0,0,1,1,1,1,1330
다사443437,,0,구로1동,0,0,0,1,1,0,1725
다사412425,,0,오류2동,0,0,0,1,1,0,1725
다사450462,,0,신도림동,0,0,0,1,1,0,1725
다사411425,,0,오류2동,0,0,0,1,1,0,1725
다사408456,,0,수궁동,0,0,0,1,1,0,1725
다사430456,,0,고척2동,0,0,0,1,1.041,0,1725
다사430457,,0,고척2동,0,0,0,1,1,0,1725
다사444445,,0,구로2동,0,0,1,1,1,1,1330
다사415451,,0,개봉1동,0,0,0,1,1.041,0,1725
다사398424,,0,항동,0,0,0,1,1,0,1725
다사400420,,0,항동,0,0,1,1,1,1,1330
다사413447,,0,오류1동,0,0,1,1,1,1,1330
다사449463,,0,신도림동,0,0,0,1,1,0,1725
다사408455,,0,수궁동,0,0,0,1,1,0,1725
다사423456,,0,고척2동,0,0,1,1,1,1,1330
다사405430,,0,항동,0,0,0,1,1,0,1725
다사448457,,0,신도림동,0,0,1,1,1,1,1330
다사397423,,0,항동,0,0,0,1,1,0,1725
다사439444,,0,고척1동,0,0,1,1,1,1,1330
다사442443,,0,구로2동,0,0,1,1,1,1,1330
다사393443,,0,수궁동,0,0,0,1,1,0,1725
다사444435,,0,구로1동,0,0,0,1,1,0,1725
다사409430,,0,오류2동,0,0,0,1,1,0,1725
다사422431,,0,개봉3동,0,0,0,1,1,0,1725
다사440445,,0,고척1동,0,0.97,1,1,1,1.97,1229
다사404436,,0,오류2동,0,0,1,1,1,1,1330
다사422434,,0,오류2동,0,0,0,1,1,0,1725
다사415419,,0,오류2동,0,0,0,1,1,0,1725
다사402438,,0,수궁동,0,0.555,1,1,1,1.555,1260
다사398428,,0,항동,0,0,1,1,1,1,1330
다사412420,,0,오류2동,0,0,0,1,1,0,1725
다사461458,,0,신도림동,0,0,0,1,1.041,0,1725
다사443453,,0,고척1동,0,0,1,1,1,1,1330
다사451463,,0,신도림동,0,0,0,1,1,0,1725
다사399449,,0,수궁동,0,0,0,1,1,0,1725
다사394444,,0,수궁동,0,0,0,1,1,0,1725
다사414423,,0,오류2동,0,0,0,1,1,0,1725
다사404448,,0,수궁동,0,0,1,1,1,1,1330
다사467427,,0,구로3동,0,0,1,1,1,1,1330
다사426444,,0,개봉1동,0,0,1,1,1,1,1330
다사434455,,0,고척2동,0,0,0,1,1.041,0,1725
다사425438,,0,개봉2동,0,0,0,1,1,0,1725
다사450433,,0,구로1동,0,0,1,1,1,1,1330
다사460457,,0,신도림동,0,0,1,1,1,1,1330
다사405449,,0,수궁동,0,0,1,1,1,1,1330
다사417453,,0,개봉1동,0,0,0,1,1,0,1725
다사407452,,0,수궁동,0,0,0,1,1,0,1725
다사409425,,0,항동,0,0,0,1,1,0,1725
다사439438,,0,개봉2동,0,0,0,1,1,0,1725
다사445451,,0,구로2동,0,0,0,1,1,0,1725
다사454451,,0,신도림동,0,0,1,1,1,1,1330
다사463426,,0,구로3동,0,0.455,1,1,1,1.455,1275
다사400446,,0,수궁동,0,0,1,1,1,1,1330
다사402445,,0,수궁동,0,0,0,1,1,0,1725
다사396438,,0,수궁동,0,0,1,1,1,1,1330
다사443446,,0,구로2동,0,0,0,1,1,0,1725
다사407427,,0,항동,0,0,0,1,1,0,1725
다사416419,,0,오류2동,0,0,0,1,1,0,1725
다사444451,,0,고척1동,0,0,0,1,1,0,1725
다사410451,,0,수궁동,0,0,0,1,1,0,1725
다사411424,,0,오류2동,0,0,0,1,1,0,1725
다사413438,,0,오류2동,0,0,1,1,1,1,1330
다사424457,,0,고척2동,0,0,0,1,1,0,1725
다사446435,,0,구로1동,0,0,0,1,1,0,1725
다사404430,,0,항동,0,0,0,1,1,0,1725
다사423435,,0,개봉3동,0,0,0,1,1,0,1725
다사446451,,0,구로2동,0,0,1,1,1,1,1330
다사403438,,0,수궁동,0,0,1,1,1,1,1330
다사406421,,0,항동,0,0,0,1,1,0,1725
다사409450,,0,수궁동,0,0,0,1,1,0,1725
다사411423,,0,오류2동,0,0,0,1,1,0,1725
다사394440,,0,수궁동,0,0,1,1,1,1,1330
다사447436,,0,구로1동,0,0,1,1,1,1,1330
다사433445,,0,고척1동,0,0,1,1,1,1,1330
다사464446,,0,구로5동,0,0,0,1,1,0,1725
다사464442,,0,구로4동,0,0,1,1,1,1,1330
다사421437,,0,오류2동,0,0,1,1,1,1,1330
다사402426,,0,항동,0,0,1,1,1,1,1330
다사409431,,0,오류2동,0,0,0,1,1,0,1725
다사402422,,0,항동,0,0,1,1,1,1,1330
다사420417,,0,오류2동,0,0,0,1,1,0,1725
다사403428,,0,항동,0,0,1,1,1,1,1330
다사437455,,0,고척2동,0,0,1,1,1,1,1330
다사406440,,0,수궁동,0,0,1,1,1.041,1.041,1290
다사404452,,0,수궁동,0,0,0,1,1,0,1725
다사446442,,0,구로1동,0,0.835,1,1,1,1.835,1235
다사445439,,0,구로1동,0,0,1,1,1,1,1330
다사463430,,0,구로3동,0,0.225,1,1,1,1.225,1282
다사407431,,0,오류2동,0,0,0,1,1,0,1725
다사419453,,0,개봉1동,0,0,0,1,1,0,1725
다사438438,,0,개봉2동,0,0,0,1,1,0,1725
다사445436,,0,구로1동,0,0,0,1,1,0,1725
다사442441,,0,구로1동,0,0,0,1,1,0,1725
다사441442,,0,구로2동,0,0,1,1,1,1,1330
다사423437,,0,오류2동,0,0,1,1,1.041,1.041,1290
다사466428,,0,구로3동,0,0.885,1,1,1,1.885,1233
다사404456,,0,수궁동,0,0,0,1,1,0,1725
다사403431,,0,항동,0,0,1,1,1,1,1330
다사426426,,0,개봉3동,0,0,0,1,1,0,1725
다사405441,,0,수궁동,0,0,1,1,1,1,1330
다사450450,,0,구로2동,0,0,1,1,1,1,1330
다사464434,,0,구로3동,0,0,1,1,1,1,1330
다사441452,,0,고척1동,0,0,1,1,1,1,1330
다사397422,,0,항동,0,0,0,1,1,0,1725
다사405452,,0,수궁동,0,0,1,1,1,1,1330
다사405439,,0,오류2동,0,0,1,1,1,1,1330
다사451446,,0,구로2동,0,0,1,1,1,1,1330
다사463428,,0,구로3동,0,0.265,1,1,1,1.265,1280
다사471428,,0,구로3동,0,0.455,0,1,1,0.455,1724
다사421424,,0,오류2동,0,0,0,1,1,0,1725
다사400451,,0,수궁동,0,0,0,1,1,0,1725
다사434445,,0,고척1동,0,0,1,1,1,1,1330
다사445435,,0,구로1동,0,0,1,1,1,1,1330
다사449460,,0,신도림동,0,0,0,1,1,0,1725
다사417429,,0,오류2동,0,0,1,1,1,1,1330
다사405444,,0,수궁동,0,0,1,1,1,1,1330
다사418426,,0,오류2동,0,0,1,1,1,1,1330
다사400448,,0,수궁동,0,0,0,1,1,0,1725
다사463450,,0,구로5동,0,0,1,1,1,1,1330
다사395443,,0,수궁동,0,0,0,1,1,0,1725
다사423428,,0,개봉3동,0,0,1,1,1,1,1330
다사400447,,0,수궁동,0,0,0,1,1,0,1725
다사412430,,0,오류2동,0,0,1,1,1.041,1.041,1290
다사404457,,0,수궁동,0,0,0,1,1,0,1725
다사455463,,0,신도림동,0,0,0,1,1,0,1725
다사465431,,0,구로3동,0,0,1,1,1,1,1330
다사398445,,0,수궁동,0,0,1,1,1,1,1330
다사451439,,0,구로1동,0,0,1,1,1.041,1.041,1290
다사404439,,0,수궁동,0,0,0,1,1,0,1725
다사408452,,0,수궁동,0,0,0,1,1,0,1725
다사448461,,0,신도림동,0,0,0,1,1,0,1725
다사414439,,0,오류2동,0,0,1,1,1,1,1330
