gid,lbl,val_200,d_name,cctv_mod,g2_env,g3_flow,w1_female,w2_dandock,index_k,index_rank
다사462437,50,50,구로4동,0.611,1,4,1,1.041,5.841051,1020
다사399421,559,559,항동,10,0,1.5,1.095,1,12.5925,347
다사412444,228,228,오류1동,7.732,0,3.5,1,1.041,11.692512,475
다사428439,554,554,개봉2동,0.282,0,5,1,1.041,5.498562,1050
다사424440,591,591,개봉2동,3.715,0,3.5,1.095,1.041,8.224342425,821
다사439449,400,400,고척1동,2.392,0,3,1,1.041,5.613072,1039
다사460428,310,310,가리봉동,0.115,0,2.5,1,1.041,2.722215,1328
다사462434,782,782,구로3동,5.197,0,5,1,1,10.197,661
다사417440,251,251,오류1동,7.832,0,3.5,1.095,1,12.40854,398
다사421448,211,211,개봉1동,4.221,0.645,3,1,1.041,8.188506,827
다사436443,348,348,고척1동,10,0.28,2,1.095,1,13.4466,268
다사427429,1379,1379,개봉3동,7.14,0,5,1,1,12.14,417
다사430451,444,444,고척2동,3.215,0,3.5,1,1.041,6.990315,914
다사456453,22,22,신도림동,10,0,1,1,1.041,11.451,509
다사422451,261,261,개봉1동,9.946,0.455,3.5,1,1.041,14.470941,171
다사456429,300,300,가리봉동,0,0,2.5,1,1.041,2.6025,1334
다사447445,166,166,구로1동,7.788,0,3,1.095,1,11.81286,466
다사426435,502,502,개봉3동,1.706,0,4.5,1,1.041,6.460446,968
다사405445,375,375,수궁동,4.871,0,4.5,1.095,1,10.261245,649
다사431451,902,902,고척2동,8.499,0,4,1.095,1,13.686405,232
다사461433,784,784,구로3동,9.426,0,5,1.095,1,15.79647,74
다사434440,255,255,개봉2동,2.163,0,4.5,1.095,1,7.295985,896
다사414437,559,559,오류2동,10,0,1,1,1,11,559
다사424446,524,524,개봉1동,8.469,0,3.5,1.095,1,13.106055,305
다사430445,336,336,개봉1동,0.569,0,2.5,1,1.041,3.194829,1279
다사434454,348,348,고척2동,8.254,0.94,5,1,1,14.194,197
다사404423,447,447,항동,10,0,1.5,1.095,1,12.5925,347
다사427438,693,693,개봉2동,1.448,0,4.5,1.095,1,6.51306,960
다사432433,617,617,개봉3동,1.725,0,4.5,1,1.041,6.480225,964
다사448452,483,483,구로2동,10,0.25,3,1,1,13.25,282
다사457457,257,257,신도림동,5.407,0.835,5,1,1,11.242,538
다사408445,563,563,수궁동,5.685,0,1.5,1.095,1,7.867575,849
다사432450,184,184,고척1동,7.117,0,4,1,1.041,11.572797,485
다사461425,241,241,가리봉동,2.037,1.47,3,1.095,1.041,7.417296765,879
다사412427,25,25,오류2동,1.536,0,1,1,1,2.536,1343
다사449437,723,723,구로1동,10,0,4,1,1,14,210
다사424455,382,382,고척2동,0.004,0,2.5,1,1.041,2.606664,1333
다사434438,906,906,개봉2동,4.62,0,4,1.095,1,9.4389,716
다사450452,278,278,구로2동,10,0.835,4,1.095,1,16.244325,47
다사457449,334,334,구로5동,0.843,0,4.5,1,1.041,5.562063,1041
다사459441,N/A,0,구로2동,0,0,2,1,1,2,1402
다사398431,127,127,항동,7.539,0,3,1.095,1,11.540205,489
다사457460,851,851,신도림동,10,0,3,1.095,1,14.235,183
다사422446,182,182,개봉1동,6.173,0,3,1,1.041,9.549093,709
다사463425,92,92,구로3동,3.56,0,3,1,1,6.56,951
다사421449,366,366,개봉1동,4.192,0.455,4,1,1.041,9.001527,748
다사434446,18,18,고척1동,10,0,1.5,1,1,11.5,491
다사421442,551,551,오류1동,8.796,0,3,1.095,1,12.91662,330
다사430446,504,504,고척1동,2.438,0,3,1,1.041,5.660958,1035
다사456439,N/A,0,구로2동,0,0,3,1,1,3,1290
다사419428,398,398,오류2동,8.28,0,4,1.095,1,13.4466,268
다사452438,336,336,구로2동,0.208,0,5,1,1.041,5.421528,1060
다사432432,N/A,0,개봉3동,0,0,4.5,1,1,4.5,1154
다사403437,218,218,수궁동,9.928,0,3.5,1,1.041,13.978548,220
다사423447,295,295,개봉1동,7.589,0,5,1,1,12.589,371
다사410448,31,31,수궁동,8.984,0,1,1,1.041,10.393344,631
다사416423,277,277,오류2동,10,0,2,1.095,1,13.14,289
다사418428,N/A,0,오류2동,0,0,4,1,1.041,4.164,1181
다사429438,497,497,개봉2동,3.109,0.455,3.5,1.095,1.041,8.05221828,832
다사431441,1002,1002,개봉2동,5.553,0.455,5,1.095,1,12.05376,424
다사404445,144,144,수궁동,7.725,0,4.5,1,1.041,12.726225,338
다사421452,134,134,개봉1동,6.994,0,5,1,1.041,12.485754,387
다사408449,8,8,수궁동,10,0,1,1,1.041,11.451,509
다사442452,11,11,고척1동,10,0,1,1,1,11,559
다사462429,270,270,구로3동,2.779,0.455,2,1,1.041,5.448594,1056
다사400423,72,72,항동,10,0,1.5,1.095,1,12.5925,347
다사430439,92,92,개봉2동,5.961,1,4.5,1,1.041,11.930901,454
다사403442,47,47,수궁동,7.417,0,1.5,1,1.041,9.282597,727
다사414443,376,376,오류1동,2.897,0,3.5,1,1.041,6.659277,942
다사408435,293,293,오류2동,8.826,0,2,1.095,1,11.85447,462
다사457442,375,375,구로2동,6.255,0,2.5,1,1.041,9.113955,736
다사417428,441,441,오류2동,10,0,5,1.095,1,16.425,14
다사453442,552,552,구로2동,1.394,0,2.5,1,1.041,4.053654,1191
다사414431,300,300,오류2동,6.963,0,4.5,1.095,1,12.551985,374
다사447439,622,622,구로1동,4.635,0,5,1.095,1,10.550325,617
다사453459,166,166,신도림동,9.985,0,4,1.095,1.041,15.94143158,55
다사414446,230,230,오류1동,10,0,3,1,1,13,313
다사403449,11,11,수궁동,10,0,1,1,1.041,11.451,509
다사417449,261,261,개봉1동,0.38,0,4.5,1,1,4.88,1128
다사400438,86,86,수궁동,6.765,0.555,3.5,1.095,1,11.8479,464
다사428453,15,15,고척2동,1.678,0,3.5,1,1,5.178,1089
다사431440,346,346,개봉2동,7.174,0,5,1,1,12.174,415
다사454459,2058,2058,신도림동,10,0,4.5,1.095,1,15.8775,58
다사417422,317,317,오류2동,5.022,0,4.5,1.095,1,10.42659,627
다사452432,N/A,0,가리봉동,0,0,2,1,1,2,1402
다사409446,433,433,수궁동,9.714,0,2.5,1,1,12.214,411
다사431442,12,12,개봉1동,10,0.455,4,1,1,14.455,172
다사428442,497,497,개봉1동,10,0,5,1.095,1,16.425,14
다사454443,121,121,구로2동,6.618,0.5,4,1,1.041,11.573838,484
다사459438,345,345,구로2동,2.531,0,2.5,1.095,1.041,5.734811745,1032
다사421444,269,269,오류1동,9.152,0,4,1,1,13.152,288
다사432456,214,214,고척2동,10,0,3.5,1.095,1,14.7825,133
다사435449,11,11,고척1동,10,0,5,1,1,15,112
다사430437,132,132,개봉2동,7.852,0.91,5,1.095,1.041,15.68723499,80
다사432449,428,428,고척1동,4.883,0,3,1.095,1.041,8.985792285,753
다사427441,946,946,개봉2동,10,0,4.5,1,1,14.5,160
다사464440,213,213,구로4동,4.65,0.295,4,1,1,8.945,757
다사418447,137,137,개봉1동,8.224,0,2.5,1,1,10.724,599
다사408441,173,173,수궁동,6.2,0,3,1,1.041,9.5772,706
다사429448,328,328,개봉1동,0.999,0,2.5,1,1.041,3.642459,1240
다사420427,N/A,0,오류2동,0,0,2,1,1,2,1402
다사420438,145,145,오류2동,2.245,0,3,1,1,5.245,1081
다사451457,218,218,신도림동,2.097,0,3,1,1.041,5.305977,1069
다사461438,220,220,구로4동,6.309,1,4,1,1.041,11.772669,469
다사428438,499,499,개봉2동,6.143,0,4.5,1,1.041,11.079363,551
다사468424,52,52,구로3동,5.138,0,2,1,1,7.138,906
다사419442,254,254,오류1동,7.415,0.91,5,1.095,1,14.590875,154
다사418438,574,574,오류2동,8.52,0.65,4.5,1.095,1.041,15.58236465,84
다사460452,337,337,구로5동,6.046,0.315,4.5,1,1,10.861,587
다사429440,624,624,개봉2동,5.861,0,4.5,1,1.041,10.785801,595
다사417442,408,408,오류1동,2.154,0,4.5,1.095,1.041,7.58486133,868
다사449456,N/A,0,신도림동,0,0,2.5,1,1,2.5,1344
다사451455,139,139,신도림동,1.19,0.5,3.5,1,1.041,5.40279,1063
다사425432,45,45,개봉3동,6.919,0,1,1,1.041,8.243679,817
다사401433,112,112,항동,9.928,0,1,1,1,10.928,577
다사458430,481,481,구로3동,1.415,0.67,5,1,1,7.085,909
다사470429,24,24,구로3동,3.275,1.885,3.5,1,1,8.66,785
다사450457,265,265,신도림동,1.643,0.625,2.5,1,1.041,4.963488,1123
다사462425,390,390,가리봉동,1.366,0.715,4,1,1.041,6.330321,978
다사434450,809,809,고척1동,7.186,0,5,1.095,1,13.34367,275
다사451456,326,326,신도림동,7.513,0.355,3,1,1.041,11.313588,530
다사450454,663,663,신도림동,9.757,0,3.5,1.095,1,14.516415,159
다사452442,226,226,구로2동,6.803,0,2.5,1.095,1.041,10.60444319,612
다사456447,154,154,구로5동,2.295,0,4.5,1,1.041,7.073595,910
다사450449,14,14,구로2동,10,0,2.5,1,1.041,13.0125,309
다사463441,403,403,구로4동,9.835,0,3.5,1.095,1,14.601825,153
다사404441,93,93,수궁동,10,0,1,1,1,11,559
다사456440,311,311,구로2동,0.91,0.77,4,1,1.041,5.91288,1011
다사432442,332,332,개봉1동,10,0,3,1,1,13,313
다사430444,37,37,개봉1동,6.795,0,2.5,1,1,9.295,726
다사432441,N/A,0,개봉1동,0,1.07,5,1,1,6.07,1001
다사436445,864,864,고척1동,9.763,0,3.5,1,1,13.263,281
다사436441,1215,1215,개봉1동,9.869,0,4.5,1.095,1,15.734055,76
다사458460,297,297,신도림동,10,0,3,1,1,13,313
다사417432,95,95,오류2동,6.156,0,5,1.095,1,12.21582,410
다사426448,239,239,고척2동,5.647,0.68,3.5,1,1.041,10.229907,655
다사426453,103,103,고척2동,3.711,0,2.5,1,1.041,6.465651,967
다사459434,1521,1521,구로4동,4.912,0.5,5,1,1,10.412,630
다사404425,171,171,항동,10,0,2,1.095,1,13.14,289
다사453444,299,299,구로2동,0.146,0.68,3,1,1.041,3.982866,1221
다사466424,984,984,구로3동,3.351,0,3.5,1.095,1,7.501845,874
다사424444,224,224,개봉1동,8.932,0,3,1,1,11.932,453
다사469429,34,34,구로3동,1.991,1.345,3.5,1,1.041,7.116276,908
다사416441,246,246,오류1동,4.23,0.265,3.5,1.095,1,8.754525,775
다사417433,112,112,오류2동,8.889,0,4.5,1,1,13.389,273
다사414425,460,460,오류2동,8.718,0,3.5,1,1,12.218,409
다사448456,263,263,신도림동,2.789,0,3,1,1,5.789,1028
다사403450,N/A,0,수궁동,0,0,1,1,1.041,1.041,1548
다사401432,318,318,항동,6.62,0,1,1,1,7.62,866
다사464435,1041,1041,구로3동,8.897,0,4,1.095,1,14.122215,201
다사431455,112,112,고척2동,6.347,0,2.5,1.095,1,9.687465,697
다사447438,138,138,구로1동,10,0,5,1,1,15,112
다사430433,243,243,개봉3동,2.731,0.555,5,1,1.041,8.625726,787
다사459442,322,322,구로5동,9.871,0,3.5,1.095,1,14.641245,150
다사404433,18,18,항동,10,0,1,1.095,1,12.045,427
다사399428,45,45,항동,10,0,1,1,1.041,11.451,509
다사412441,N/A,0,수궁동,0,0,1,1,1,1,1564
다사452433,174,174,구로2동,3.682,0,3,1,1.041,6.955962,920
다사424449,209,209,개봉1동,3.368,0.15,3.5,1,1.041,7.305738,894
다사414440,317,317,오류1동,6.975,0,5,1.095,1.041,13.65024263,240
다사418420,196,196,오류2동,1.864,0,1,1.095,1,3.13608,1281
다사421428,560,560,오류2동,10,0,5,1,1,15,112
다사463436,27,27,구로3동,7.763,1.11,4.5,1,1,13.373,274
다사419450,442,442,개봉1동,2.888,0.625,3.5,1,1.041,7.300533,895
다사416425,165,165,오류2동,10,0,4.5,1,1,14.5,160
다사423439,389,389,오류2동,4.883,0,5,1,1,9.883,683
다사411442,112,112,수궁동,2.04,0,2.5,1,1.041,4.72614,1138
다사438443,254,254,고척1동,10,0,3,1,1,13,313
다사404447,71,71,수궁동,6.921,0,1.5,1,1.041,8.766261,771
다사418450,70,70,개봉1동,9.801,0,2.5,1,1,12.301,401
다사461436,452,452,구로4동,0.082,0.835,2,1,1.041,3.036597,1289
다사455456,N/A,0,신도림동,0,0,2.5,1,1,2.5,1344
다사462435,9,9,구로3동,6.78,0.575,4,1,1,11.355,526
다사406441,363,363,수궁동,10,0,2.5,1,1,12.5,380
다사428454,29,29,고척2동,3.703,0,2,1,1,5.703,1034
다사400428,377,377,항동,10,0,1,1.095,1.041,12.538845,375
다사428444,9,9,개봉1동,10,0,3.5,1,1,13.5,251
다사429453,409,409,고척2동,2.621,0,4,1.095,1.041,7.547244795,871
다사439447,474,474,고척1동,3.555,1.875,3,1.095,1,9.23085,730
다사401436,302,302,수궁동,10,0,4,1,1,14,210
다사453451,360,360,신도림동,10,0.77,4.5,1.095,1,16.72065,8
다사462453,620,620,구로5동,8.611,0.745,3,1.095,1,13.52982,248
다사415444,40,40,오류1동,4.926,0,1.5,1,1.041,6.689466,941
다사406443,111,111,수궁동,7.42,0,2.5,1,1,9.92,681
다사407446,24,24,수궁동,8.627,0,3,1,1,11.627,481
다사410449,N/A,0,수궁동,0,0,1,1,1.041,1.041,1548
다사415435,11,11,오류2동,7.663,0,2,1,1,9.663,700
다사402435,130,130,수궁동,6.683,0,3,1,1,9.683,698
다사427447,316,316,고척2동,3.361,1.43,3,1,1.041,8.110431,829
다사438444,122,122,고척1동,10,0.5,1.5,1,1,12,434
다사452446,677,677,구로2동,3.954,0,2.5,1,1,6.454,970
다사456437,115,115,구로2동,8.989,0,3,1,1.041,12.480549,390
다사427435,391,391,개봉3동,0,0,1,1,1.041,1.041,1548
다사430432,159,159,개봉3동,9.595,0.21,5,1,1.041,15.412005,89
다사457451,416,416,구로5동,9.131,0,3.5,1.095,1,13.830945,225
다사414441,374,374,오류1동,4.639,0,5,1,1.041,10.034199,675
다사445440,387,387,구로1동,5.222,0,5,1.095,1,11.19309,543
다사462426,102,102,구로3동,5.236,0,3.5,1,1,8.736,777
다사414429,180,180,오류2동,10,0,2,1,1,12,434
다사450453,861,861,신도림동,10,0,4.5,1.095,1,15.8775,58
다사403434,101,101,항동,10,0,1,1,1,11,559
다사452440,349,349,구로2동,4.847,0,3,1,1.041,8.168727,828
다사456432,303,303,구로2동,5.978,0.83,3.5,1,1.041,10.730628,598
다사455434,121,121,구로2동,2.346,1.52,3.5,1,1.041,7.668006,861
다사461429,106,106,구로3동,3.697,0.385,3,1,1.041,7.372362,886
다사399429,206,206,항동,10,0,3.5,1,1.041,14.0535,204
다사426446,297,297,개봉1동,1.558,0,2,1,1.041,3.703878,1235
다사429454,301,301,고척2동,0.001,0,3,1,1.041,3.124041,1282
다사432440,14,14,개봉2동,5.744,1.515,5,1,1,12.259,404
다사419430,N/A,0,오류2동,0,0,2.5,1,1,2.5,1344
다사422455,99,99,고척2동,3.564,0,2,1,1.041,5.792124,1026
다사415437,580,580,오류2동,10,0,3.5,1,1,13.5,251
다사415438,886,886,오류2동,10,0,3.5,1.095,1,14.7825,133
다사448445,N/A,0,구로1동,0,0,3,1,1,3,1290
다사404435,312,312,오류2동,10,0,1.5,1.095,1,12.5925,347
다사417439,271,271,오류2동,5.525,0,3.5,1.095,1,9.882375,684
다사431447,161,161,고척1동,10,0,1.5,1,1.041,11.9715,445
다사457434,742,742,구로4동,5.973,0,5,1,1,10.973,572
다사454439,141,141,구로2동,6.231,1.25,5,1,1.041,12.992721,324
다사457432,639,639,구로4동,0.253,0,5,1,1,5.253,1079
다사454432,257,257,구로2동,2.022,0,2.5,1,1.041,4.707402,1140
다사462441,14,14,구로4동,8.681,0,2,1,1,10.681,606
다사403422,661,661,항동,10,0,1.5,1.095,1,12.5925,347
다사462424,448,448,가리봉동,0.29,0.485,4,1.095,1.041,5.442998625,1057
다사424428,151,151,개봉3동,6.95,0,3,1,1,9.95,679
다사453445,331,331,구로2동,7.216,1.67,2,1,1.041,11.332326,528
다사413444,317,317,오류1동,3.257,0,3,1,1.041,6.513537,959
다사427433,420,420,개봉3동,0.825,0,3.5,1,1.041,4.502325,1153
다사423440,515,515,오류2동,4.338,0,5,1,1.041,9.720858,693
다사465433,158,158,구로3동,9.996,0,4.5,1,1.041,15.090336,110
다사400443,828,828,수궁동,7.849,0,3.5,1,1,11.349,527
다사404424,208,208,항동,10,0,2,1.095,1,13.14,289
다사440442,N/A,0,고척1동,0,0,4,1,1.041,4.164,1181
다사411444,10,10,수궁동,10,0,1.5,1,1.041,11.9715,445
다사458447,351,351,구로5동,2.28,0,3,1,1.041,5.49648,1051
다사432436,183,183,개봉2동,10,0,5,1,1.041,15.615,82
다사413441,364,364,수궁동,9.624,0,4,1,1,13.624,241
다사417436,405,405,오류2동,0.404,0,4.5,1.095,1.041,5.59004508,1040
다사407423,N/A,0,항동,0,0,1,1,1,1,1564
다사461449,6,6,구로5동,9.327,0,5,1,1,14.327,177
다사464441,8,8,구로4동,7.342,0.68,2.5,1,1.041,10.953402,574
다사424454,491,491,고척2동,0,0,3.5,1.095,1.041,3.9896325,1220
다사445443,489,489,구로1동,9.016,0,3.5,1.095,1,13.70502,228
다사464427,N/A,0,구로3동,0,0.5,3,1,1,3.5,1244
다사425447,337,337,개봉1동,5.108,0,4,1,1.041,9.481428,712
다사431453,20,20,고척2동,2.303,0.5,3.5,1,1.041,6.561423,950
다사457429,74,74,가리봉동,0,2.385,3.5,1,1.041,6.126285,992
다사453430,17,17,가리봉동,5.299,0,1,1,1.041,6.557259,952
다사420449,432,432,개봉1동,0.838,0,4,1.095,1.041,5.51481201,1047
다사456459,12,12,신도림동,6.559,0.21,4.5,1,1,11.269,534
다사451460,16,16,신도림동,8.363,0,2.5,1,1,10.863,586
다사431448,201,201,고척1동,10,0,2,1,1,12,434
다사454461,64,64,신도림동,10,0,1,1,1,11,559
다사428456,414,414,고척2동,5.929,0.28,4.5,1.095,1,11.726355,472
다사461443,221,221,구로5동,5.62,0,4.5,1.095,1,11.0814,550
다사408433,326,326,오류2동,8.902,0,2.5,1.095,1,12.48519,388
다사410433,346,346,오류2동,8.6,0,3,1,1,11.6,482
다사407448,26,26,수궁동,3.25,0,1,1,1,4.25,1173
다사459445,330,330,구로5동,7.076,0,3.5,1,1.041,11.009616,556
다사466433,957,957,구로3동,8.918,0,4.5,1.095,1,14.69271,147
다사432454,302,302,고척2동,10,1.5,4,1.095,1.041,17.6683725,1
다사439446,141,141,고척1동,9.97,0,3,1.095,1,14.20215,195
다사449449,35,35,구로2동,10,0.215,1.5,1,1,11.715,473
다사457445,191,191,구로5동,4.656,0.555,4.5,1.095,1.041,11.06952035,553
다사456428,160,160,가리봉동,1.713,0,2.5,1,1.041,4.385733,1168
다사461451,313,313,구로5동,0.929,1.5,4,1,1.041,6.692589,940
다사433441,82,82,개봉1동,6.674,0,4,1,1,10.674,609
다사436450,259,259,고척1동,6.601,0,3.5,1,1,10.101,667
다사458450,187,187,구로5동,0.118,0.625,3,1,1.041,3.896463,1227
다사458443,213,213,구로2동,0.765,0.6,3.5,1,1.041,5.064465,1101
다사408434,219,219,오류2동,6.627,0,2.5,1,1,9.127,735
다사424448,260,260,개봉1동,2.949,0.355,3,1,1.041,6.562464,949
다사438449,186,186,고척1동,4.85,0.17,5,1,1.041,10.43082,626
다사471429,N/A,0,구로3동,0,0.665,3.5,1,1,4.165,1180
다사409432,58,58,오류2동,6.934,0,2,1.095,1,9.78273,690
다사459431,699,699,구로3동,0.075,0,5,1,1,5.075,1100
다사415442,324,324,오류1동,1.019,0,5,1.095,1.041,6.861028005,928
다사435453,671,671,고척2동,8.924,0,3.5,1.095,1,13.60428,244
다사439451,270,270,고척1동,3.405,0,4.5,1,1.041,8.229105,819
다사456441,350,350,구로2동,4.017,0,3.5,1,1.041,7.825197,856
다사407432,194,194,오류2동,8.85,0,1.5,1,1,10.35,634
다사416427,789,789,오류2동,7.41,0,4.5,1.095,1,13.04145,308
다사453435,292,292,구로2동,0.798,0,3,1,1.041,3.953718,1225
다사450447,N/A,0,구로2동,0,0.715,1.5,1,1,2.215,1393
다사435444,6,6,고척1동,10,0,1.5,1,1,11.5,491
다사458440,80,80,구로2동,7.454,0.91,3,1,1,11.364,524
다사401420,111,111,항동,10,0,1.5,1,1,11.5,491
다사465432,56,56,구로3동,8.224,0,2,1,1,10.224,657
다사419452,255,255,개봉1동,9.62,0,1.5,1,1.041,11.57592,483
다사436454,198,198,고척2동,2.869,0,3,1,1,5.869,1019
다사428435,629,629,개봉3동,0,0,4.5,1,1.041,4.6845,1143
다사427454,44,44,고척2동,6.183,0,1,1,1,7.183,902
다사452459,46,46,신도림동,2.525,0,2,1,1.041,4.710525,1139
다사455431,264,264,가리봉동,1.895,1.43,2.5,1,1.041,6.063825,1003
다사463434,349,349,구로3동,8.093,0,5,1,1,13.093,306
다사399445,332,332,수궁동,8.471,0,4,1.095,1,13.655745,238
다사417427,603,603,오류2동,9.64,0,2.5,1.095,1,13.2933,279
다사417447,488,488,개봉1동,8.752,0,1.5,1,1,10.252,652
다사448454,792,792,신도림동,10,0,5,1,1,15,112
다사422445,647,647,개봉1동,3.832,0.625,4.5,1,1.041,9.324237,723
다사452462,384,384,신도림동,3.721,0,2,1.095,1,6.264495,985
다사398430,232,232,항동,9.585,0,4,1,1,13.585,245
다사419445,339,339,오류1동,9.401,0,2.5,1,1.041,12.388941,399
다사422427,251,251,오류2동,2.9,0,4.5,1.095,1,8.103,830
다사455452,N/A,0,신도림동,0,0,1,1,1,1,1564
다사425446,359,359,개봉1동,1.7,0,2.5,1,1.041,4.3722,1169
다사459444,444,444,구로5동,0.057,0,4,1,1.041,4.223337,1174
다사453439,419,419,구로2동,2.498,0,5,1,1.041,7.805418,859
다사429432,458,458,개봉3동,1.865,0,5,1,1.041,7.146465,905
다사437451,59,59,고척1동,1.847,0.555,4,1,1,6.402,972
다사436438,113,113,개봉2동,1.726,0,3.5,1,1,5.226,1082
다사402421,N/A,0,항동,0,0,1.5,1,1,1.5,1461
다사427430,435,435,개봉3동,5.202,0,5,1,1,10.202,660
다사459428,235,235,가리봉동,0.056,0,2,1,1.041,2.140296,1397
다사458434,707,707,구로4동,1.367,0,4,1,1,5.367,1065
다사404434,153,153,오류2동,10,0,1.5,1,1,11.5,491
다사415425,508,508,오류2동,10,0,4,1.095,1,15.33,93
다사420428,320,320,오류2동,10,0,5,1.095,1,16.425,14
다사426437,477,477,개봉2동,4.577,0,5,1,1.041,9.969657,678
다사455437,8,8,구로2동,10,0,4.5,1,1.041,15.0945,108
다사426449,290,290,고척2동,2.697,0.15,3,1,1.041,6.086727,1000
다사450451,N/A,0,구로2동,0,0.135,2,1,1,2.135,1398
다사425450,169,169,고척2동,3.916,0.225,3,1,1.041,7.433781,877
다사397420,56,56,항동,10,0,1.5,1,1,11.5,491
다사455457,845,845,신도림동,9.226,0,5,1,1,14.226,192
다사458455,449,449,신도림동,10,0,5,1.095,1,16.425,14
다사417431,189,189,오류2동,10,0,5,1.095,1,16.425,14
다사406444,303,303,수궁동,4.987,0,2,1,1,6.987,915
다사423445,N/A,0,개봉1동,0,0,3,1,1,3,1290
다사455442,317,317,구로2동,0.039,0,2.5,1,1.041,2.643099,1332
다사460437,638,638,구로4동,3.018,0.21,4.5,1,1.041,8.044848,833
다사461447,780,780,구로5동,3.718,0,4.5,1.095,1,8.99871,749
다사403423,209,209,항동,10,0,1.5,1,1,11.5,491
다사453432,243,243,가리봉동,0.217,0,3,1,1.041,3.348897,1274
다사462455,N/A,0,구로5동,0,0,2.5,1,1,2.5,1344
다사401423,403,403,항동,10,0,1.5,1.095,1,12.5925,347
다사422428,276,276,오류2동,9.534,0,4.5,1.095,1,15.36723,90
다사430455,75,75,고척2동,5.697,0,1,1,1,6.697,939
다사447454,N/A,0,구로2동,0,0.525,1.5,1,1,2.025,1401
다사425454,154,154,고척2동,1.561,0,3,1,1.041,4.748001,1135
다사447432,121,121,구로1동,10,0,1,1,1,11,559
다사448432,604,604,구로1동,10,0,2.5,1,1,12.5,380
다사405447,130,130,수궁동,9.893,0,1,1,1,10.893,579
다사430454,151,151,고척2동,1.524,0,2.5,1,1.041,4.188984,1178
다사448453,100,100,구로2동,9.608,0,5,1,1,14.608,151
다사422447,118,118,개봉1동,5.613,0,4.5,1,1.041,10.527633,618
다사464423,417,417,가리봉동,9.43,0,4,1.095,1,14.70585,146
다사461454,N/A,0,구로5동,0,0.05,2.5,1,1,2.55,1342
다사426451,390,390,고척2동,0,0,3,1,1.041,3.123,1283
다사404422,532,532,항동,10,0,1.5,1.095,1,12.5925,347
다사411441,342,342,수궁동,5.111,0,3,1,1.041,8.443551,797
다사400439,169,169,수궁동,6.193,0,1.5,1.095,1.041,8.769212235,770
다사456431,191,191,구로2동,2.684,1.365,4,1,1.041,8.379009,800
다사397439,293,293,수궁동,6.307,0,3,1,1,9.307,724
다사433437,1235,1235,개봉2동,10,0,4.5,1,1,14.5,160
다사436451,429,429,고척1동,4.659,0.715,4.5,1,1,9.874,685
다사410446,7,7,수궁동,10,0,1.5,1,1.041,11.9715,445
다사400422,104,104,항동,10,0,1.5,1.095,1,12.5925,347
다사434437,877,877,개봉2동,5.38,0,4.5,1,1.041,10.28508,643
다사458438,405,405,구로2동,0.008,0,3.5,1,1.041,3.651828,1236
다사458445,397,397,구로5동,0.617,0,4,1.095,1.041,5.262895215,1077
다사416433,207,207,오류2동,9.553,0,5,1.095,1.041,16.58889194,10
다사438447,451,451,고척1동,10,0,5,1.095,1,16.425,14
다사409439,37,37,오류2동,10,0,4,1,1,14,210
다사417423,595,595,오류2동,10,0,4.5,1,1,14.5,160
다사413434,156,156,오류2동,5.278,0,5,1,1,10.278,644
다사469430,158,158,구로3동,3.502,0,4,1.095,1,8.21469,822
다사399447,N/A,0,수궁동,0,0,1,1,1,1,1564
다사461434,696,696,구로3동,9.628,0.515,5,1,1,15.143,106
다사428457,462,462,고척2동,4.205,0,4,1,1.041,8.541405,791
다사414442,408,408,오류1동,3.309,0,5,1.095,1,9.098355,737
다사416439,694,694,오류2동,8.013,0.455,5,1,1,13.468,265
다사433443,33,33,개봉1동,4.838,0.715,4.5,1,1,10.053,673
다사417441,380,380,오류1동,9.894,1.315,3.5,1.095,1,16.106355,51
다사423442,656,656,오류1동,9.218,0,1,1.095,1,11.18871,544
다사433433,101,101,개봉3동,4.077,0,2,1,1.041,6.326157,979
다사417430,219,219,오류2동,9.586,0,4,1.095,1,14.87667,128
다사418435,236,236,오류2동,7.964,0,4,1,1.041,12.454524,392
다사419436,572,572,오류2동,6.274,0,4,1.095,1,11.25003,537
다사466432,153,153,구로3동,4.287,0.37,3.5,1.095,1,8.931915,761
다사407438,67,67,오류2동,10,0,1.5,1,1,11.5,491
다사453436,144,144,구로2동,2.332,0.555,5,1,1.041,8.210367,823
다사425439,162,162,개봉2동,3.792,0,2,1,1,5.792,1027
다사457450,132,132,구로5동,3.972,0,4.5,1,1.041,8.819352,766
다사429445,122,122,개봉1동,2.465,0,3,1.095,1.041,6.229526175,989
다사417434,392,392,오류2동,9.823,0,2.5,1.095,1,13.493685,262
다사425436,38,38,개봉2동,6.539,0,2.5,1,1,9.039,743
다사406437,N/A,0,오류2동,0,0,2,1,1,2,1402
다사410435,210,210,오류2동,9.43,0,3,1,1.041,12.93963,329
다사426431,413,413,개봉3동,7.058,0.295,5,1,1.041,12.859473,333
다사436452,571,571,고척1동,9.537,0,5,1.095,1.041,16.57065362,11
다사457444,130,130,구로2동,9.381,0,2.5,1,1.041,12.368121,400
다사457439,79,79,구로2동,8.448,0,2,1,1.041,10.876368,584
다사427455,627,627,고척2동,3.518,0,4.5,1,1,8.018,838
다사413435,163,163,오류2동,6.514,0,2.5,1.095,1.041,10.27501353,645
다사401450,N/A,0,수궁동,0,0,1,1,1,1,1564
다사432438,942,942,개봉2동,9.008,0,5,1,1,14.008,208
다사397442,378,378,수궁동,2.764,0,2.5,1,1.041,5.479824,1053
다사432437,665,665,개봉2동,6.579,0,5,1,1.041,12.053739,425
다사412434,93,93,오류2동,8.597,0,4,1,1,12.597,346
다사460450,41,41,구로5동,6.004,0,4.5,1,1,10.504,620
다사422444,598,598,오류1동,8.933,1.875,5,1.095,1,17.30976,2
다사452457,129,129,신도림동,9.221,0,3.5,1,1.041,13.242561,284
다사412445,70,70,오류1동,5.707,0,1.5,1,1,7.207,900
다사431445,8,8,고척1동,4.897,1.155,4,1,1,10.052,674
다사463439,452,452,구로4동,0.342,0,4.5,1,1.041,5.040522,1104
다사429439,541,541,개봉2동,1.175,0,5,1,1.041,6.428175,971
다사439448,112,112,고척1동,2.942,0.835,2,1,1.041,6.013857,1009
다사468426,692,692,구로3동,3.903,0.755,5,1.095,1.041,11.00910591,557
다사402440,248,248,수궁동,4.473,0,1,1,1,5.473,1054
다사458458,678,678,신도림동,10,0,5,1,1,15,112
다사399427,217,217,항동,10,0,2,1.095,1,13.14,289
다사421445,262,262,오류1동,5.815,0,2.5,1,1.041,8.655915,786
다사429437,457,457,개봉2동,1.467,0,5,1,1.041,6.732147,935
다사413432,133,133,오류2동,9.48,0,4,1.095,1.041,15.3657846,91
다사429456,30,30,고척2동,8.453,0,2,1,1.041,10.881573,581
다사452454,1074,1074,신도림동,10,0,4.5,1.095,1,15.8775,58
다사452435,104,104,구로2동,0.169,0,2,1,1.041,2.257929,1392
다사463452,27,27,구로5동,8.218,0,2.5,1,1.041,11.157438,547
다사458446,115,115,구로5동,0.619,0.94,3.5,1,1.041,5.266419,1074
다사460434,595,595,구로4동,10,0.5,5,1.095,1,16.9725,6
다사435439,80,80,개봉2동,9.682,0,4,1,1,13.682,233
다사456446,172,172,구로5동,6.544,0,3.5,1,1.041,10.455804,623
다사432435,167,167,개봉3동,10,0,1.5,1,1,11.5,491
다사435448,591,591,고척1동,10,0,4,1.095,1,15.33,93
다사449438,733,733,구로1동,10,0,5,1.095,1,16.425,14
다사398439,116,116,수궁동,0.095,0,3,1,1.041,3.221895,1277
다사405446,542,542,수궁동,6.278,0,2.5,1.095,1,9.61191,703
다사428434,691,691,개봉3동,1.976,0,2.5,1,1.041,4.659516,1146
다사405435,119,119,오류2동,10,0,1,1,1,11,559
다사450434,36,36,구로1동,7.319,0,1,1,1,8.319,803
다사452431,42,42,가리봉동,3.566,0,1.5,1,1.041,5.273706,1072
다사429441,967,967,개봉2동,10,0,5,1.095,1,16.425,14
다사458436,195,195,구로2동,0.792,0.185,5,1,1.041,6.222057,990
다사408442,216,216,수궁동,6.029,0,3,1,1,9.029,745
다사438448,583,583,고척1동,10,0,5,1.095,1,16.425,14
다사422450,154,154,개봉1동,8.92,1.365,4,1,1.041,14.870685,129
다사444440,249,249,구로1동,10,0,5,1.095,1,16.425,14
다사413440,171,171,수궁동,9.995,0,3,1,1.041,13.527795,249
다사457440,254,254,구로2동,9.487,1.11,5,1.095,1,17.078715,4
다사448443,298,298,구로1동,10,0,5,1.095,1,16.425,14
다사433454,369,369,고척2동,9.996,0,5,1,1,14.996,126
다사437448,797,797,고척1동,10,0.715,5,1,1,15.715,77
다사456457,310,310,신도림동,3.491,0.135,5,1.095,1,9.44547,715
다사463453,10,10,구로5동,3.582,0,3,1,1,6.582,947
다사429442,996,996,개봉1동,10,0,4.5,1.095,1,15.8775,58
다사429443,N/A,0,개봉1동,0,0,1,1,1,1,1564
다사462449,843,843,구로5동,2.655,0.555,5,1.095,1,8.98995,752
다사420439,189,189,오류2동,0.076,0.25,4.5,1,1.041,5.023866,1106
다사464439,48,48,구로4동,2.771,0,5,1,1,7.771,860
다사429447,356,356,개봉1동,1.305,0,2.5,1,1.041,3.961005,1223
다사416445,155,155,오류1동,9.334,0,4,1,1.041,13.880694,223
다사416428,342,342,오류2동,8.066,0,4.5,1,1,12.566,373
다사403424,707,707,항동,10,0,1.5,1.095,1,12.5925,347
다사421443,557,557,오류1동,5.805,1.11,4,1.095,1,11.951925,451
다사423444,563,563,오류1동,7.391,0,3.5,1.095,1,11.925645,456
다사426445,106,106,개봉1동,7.1,0.835,2,1,1.041,10.342335,635
다사450455,67,67,신도림동,6.083,0,3,1,1.041,9.455403,713
다사398442,N/A,0,수궁동,0,0,1,1,1,1,1564
다사401438,103,103,수궁동,2.943,1,4,1,1,7.943,842
다사414426,44,44,오류2동,10,0,3.5,1.095,1,14.7825,133
다사432452,578,578,고척2동,8.877,0,2.5,1.095,1,12.457815,391
다사453437,206,206,구로2동,2.124,1,4.5,1,1.041,7.936584,843
다사417445,868,868,오류1동,10,0,4.5,1.095,1,15.8775,58
다사456433,288,288,구로4동,4.324,1.6,2.5,1,1.041,8.769384,769
다사425455,157,157,고척2동,1.714,0,2.5,1,1.041,4.386774,1167
다사417448,786,786,개봉1동,6.675,0,4.5,1,1,11.175,545
다사455447,1157,1157,구로5동,6.395,0,4,1.095,1,11.382525,521
다사404431,N/A,0,항동,0,0,1,1,1,1,1564
다사452439,297,297,구로2동,5.728,0,4,1,1.041,10.126848,665
다사425441,391,391,개봉2동,2.355,0,3.5,1,1.041,6.095055,999
다사418425,572,572,오류2동,10,0,4,1.095,1,15.33,93
다사448450,N/A,0,구로2동,0,0,1.5,1,1,1.5,1461
다사458426,120,120,가리봉동,5.806,0.455,3.5,1.095,1.041,11.1265151,549
다사461428,221,221,가리봉동,0.899,0,2.5,1,1.041,3.538359,1242
다사428452,242,242,고척2동,8.026,0,3.5,1,1.041,11.998566,442
다사438442,484,484,고척1동,7.189,0,4.5,1.095,1,12.799455,337
다사454430,81,81,가리봉동,7.932,0,1,1,1.041,9.298212,725
다사434452,281,281,고척2동,6.363,0,3,1.095,1,10.252485,651
다사460432,341,341,구로3동,1.609,0.63,3.5,1,1,5.739,1031
다사464438,564,564,구로4동,4.451,0,4,1,1,8.451,795
다사429446,331,331,개봉1동,3.607,0,3,1,1.041,6.877887,927
다사455446,13,13,구로5동,9.708,0.225,4,1,1,13.933,222
다사422438,101,101,오류2동,3.599,0,3.5,1,1.041,7.390059,884
다사454433,464,464,구로2동,4.708,0.715,2.5,1,1.041,8.247843,814
다사436447,136,136,고척1동,5.573,0,4,1,1,9.573,707
다사466423,274,274,구로3동,4.014,0,4,1,1,8.014,840
다사410447,74,74,수궁동,8.397,0,1.5,1,1.041,10.302777,639
다사437440,520,520,개봉1동,10,0,5,1.095,1,16.425,14
다사401421,65,65,항동,10,0,1.5,1,1,11.5,491
다사427440,406,406,개봉2동,3.5,0,4.5,1,1.041,8.328,802
다사401427,637,637,항동,10,0,2,1.095,1,13.14,289
다사429435,531,531,개봉3동,2.918,0.625,3.5,1.095,1.041,8.028280485,835
다사433435,319,319,개봉2동,10,0,2,1.095,1.041,13.67874,234
다사437447,N/A,0,고척1동,0,0.555,5,1,1,5.555,1042
다사402424,748,748,항동,10,0,1.5,1.095,1,12.5925,347
다사424427,819,819,개봉3동,4.049,0,3,1,1,7.049,912
다사398421,239,239,항동,10,0,1.5,1.095,1,12.5925,347
다사426450,193,193,고척2동,0.578,0.315,3,1,1.041,4.052613,1192
다사461435,42,42,구로4동,8.846,0.5,5,1,1.041,14.934186,127
다사398438,205,205,수궁동,0.024,0.435,2,1,1.041,2.559819,1341
다사400437,405,405,수궁동,8.313,0,3.5,1,1,11.813,465
다사456448,298,298,구로5동,6.833,0,2.5,1,1.041,9.715653,694
다사459433,353,353,구로4동,4.719,0.96,5,1,1,10.679,607
다사459451,395,395,구로5동,9.408,0,4,1.095,1,14.68176,148
다사417437,370,370,오류2동,1.763,0.285,4.5,1,1,6.548,955
다사455454,593,593,신도림동,7.55,0.12,3.5,1.095,1,12.23115,407
다사466425,549,549,구로3동,3.569,0,4.5,1.095,1,8.835555,765
다사468427,427,427,구로3동,1.235,0,4,1.095,1,5.732325,1033
다사457448,301,301,구로5동,0.809,0,3,1,1.041,3.965169,1222
다사403439,N/A,0,수궁동,0,0,2,1,1,2,1402
다사432455,366,366,고척2동,10,0,5,1.095,1,16.425,14
다사457458,420,420,신도림동,10,0,4.5,1,1,14.5,160
다사402444,90,90,수궁동,3.782,0,1,1,1,4.782,1132
다사448442,438,438,구로1동,5.96,0,5,1.095,1,12.0012,433
다사424456,53,53,고척2동,8.367,0,1,1,1,9.367,718
다사448440,378,378,구로1동,10,0,3.5,1.095,1,14.7825,133
다사452455,520,520,신도림동,7.158,0,4,1.095,1,12.21801,408
다사456442,260,260,구로2동,0.002,0,3.5,1,1.041,3.645582,1237
다사462439,233,233,구로4동,0.055,0.75,5,1,1.041,6.043005,1005
다사413427,263,263,오류2동,9.732,0,1.5,1.095,1,12.29904,402
다사469426,369,369,구로3동,8.322,0.6,4,1.095,1,14.14959,198
다사436453,794,794,고척2동,8.513,0,3.5,1.095,1,13.154235,287
다사415429,267,267,오류2동,4.791,0,3.5,1,1,8.291,808
다사418421,189,189,오류2동,6.805,0,2.5,1.095,1,10.188975,662
다사418449,201,201,개봉1동,5.237,0,4,1,1.041,9.615717,702
다사419438,183,183,오류2동,2.195,0,3.5,1,1.041,5.928495,1010
다사465436,331,331,구로3동,3.604,0,5,1,1,8.604,789
다사429430,213,213,개봉3동,6.441,0,3,1,1.041,9.828081,688
다사462442,867,867,구로4동,9.161,0,5,1.095,1,15.506295,88
다사413433,227,227,오류2동,6.865,0,2.5,1,1,9.365,719
다사452458,34,34,신도림동,3.799,0,2.5,1,1.041,6.557259,953
다사403440,294,294,수궁동,7.234,0,1,1.095,1,9.01623,746
다사413436,38,38,오류2동,10,0,1,1,1,11,559
다사423446,288,288,개봉1동,4.593,0,2.5,1,1.041,7.383813,885
다사426430,1091,1091,개봉3동,5.34,0,5,1,1.041,10.76394,597
다사427449,316,316,고척2동,0.809,0.835,1.5,1,1.041,3.272904,1275
다사435438,359,359,개봉2동,6.061,0,4,1,1,10.061,672
다사399422,215,215,항동,10,0,1.5,1.095,1,12.5925,347
다사461432,451,451,구로3동,8.484,0,5,1,1,13.484,263
다사449458,12,12,신도림동,6.168,0,1.5,1,1,7.668,862
다사459457,376,376,신도림동,10,0,4,1.095,1,15.33,93
다사420443,337,337,오류1동,8.041,0.795,4.5,1.095,1,14.60292,152
다사442448,101,101,고척1동,3.594,0,2.5,1,1.041,6.343854,976
다사416434,435,435,오류2동,4.461,0,5,1,1.041,9.848901,687
다사452434,119,119,구로2동,1.081,0,1.5,1,1.041,2.686821,1330
다사469427,574,574,구로3동,1.696,0.485,5,1.095,1,7.863195,850
다사414436,338,338,오류2동,10,0,1.5,1.095,1,12.5925,347
다사460430,271,271,구로3동,5.771,0,2.5,1,1,8.271,811
다사407436,213,213,오류2동,10,0,1,1.095,1,12.045,427
다사455453,70,70,신도림동,10,0,4,1.095,1.041,15.95853,54
다사460445,66,66,구로5동,9.132,0,1.5,1,1.041,11.067912,554
다사403426,259,259,항동,10,0,2,1.095,1.041,13.67874,234
다사412435,6,6,오류2동,9.075,0,4,1,1.041,13.611075,243
다사416437,420,420,오류2동,8.966,0,4.5,1,1,13.466,266
다사454449,508,508,구로5동,9.302,1.19,4,1.095,1,15.86874,72
다사427439,609,609,개봉2동,0.218,0,3.5,1,1.041,3.870438,1229
다사435445,11,11,고척1동,10,0,3,1,1,13,313
다사464436,318,318,구로3동,0.861,0,3.5,1,1.041,4.539801,1151
다사401444,71,71,수궁동,7.226,0,1,1,1,8.226,820
다사452444,200,200,구로2동,0.767,0,5,1.095,1.041,6.573774465,948
다사406436,26,26,오류2동,10,0,1,1,1,11,559
다사447431,324,324,구로1동,10,0,3,1,1,13,313
다사448435,201,201,구로1동,6.658,0,4.5,1,1,11.158,546
다사440448,13,13,고척1동,9.947,0,2.5,1,1,12.447,393
다사463433,770,770,구로3동,4.545,0,5,1.095,1,10.451775,624
다사449452,364,364,구로2동,10,0.075,3,1.095,1,14.317125,178
다사404437,6,6,수궁동,10,0,1,1,1,11,559
다사413425,64,64,오류2동,5.004,0,2,1,1,7.004,913
다사428445,114,114,개봉1동,4.885,0,3,1,1.041,8.208285,824
다사454431,246,246,가리봉동,0.65,0,2,1,1.041,2.75865,1327
다사409435,373,373,오류2동,5.295,0,3.5,1,1,8.795,767
다사454450,211,211,구로5동,10,0,4.5,1,1,14.5,160
다사430435,197,197,개봉3동,8.179,0,4,1,1.041,12.678339,342
다사452450,99,99,구로5동,3.453,0.315,3,1.095,1,7.41096,880
다사459449,503,503,구로5동,4.194,0.455,5,1.095,1,10.565655,614
다사401422,82,82,항동,10,0,1.5,1.095,1,12.5925,347
다사425453,413,413,고척2동,2.577,0,2,1,1.041,4.764657,1134
다사462450,1290,1290,구로5동,5.638,0,5,1.095,1,11.64861,478
다사406446,63,63,수궁동,5.279,0,4,1,1,9.279,728
다사431444,279,279,개봉1동,4.836,1,5,1,1,10.836,592
다사426440,454,454,개봉2동,4.277,0,4.5,1,1.041,9.136857,733
다사456430,265,265,가리봉동,0.605,1.255,3,1,1.041,5.05926,1102
다사411449,6,6,수궁동,10,0,1,1,1.041,11.451,509
다사419439,234,234,오류2동,0.878,0.68,5,1,1.041,6.826878,930
다사399430,172,172,항동,9.156,0,4.5,1,1.041,14.215896,193
다사429451,378,378,고척2동,1.209,0,4,1,1.041,5.422569,1059
다사436437,816,816,개봉2동,9.094,0,3.5,1.095,1,13.79043,227
다사459436,386,386,구로4동,6.642,1.88,3.5,1,1.041,12.514902,377
다사409434,331,331,오류2동,7.709,0,3.5,1,1,11.209,540
다사454446,161,161,구로2동,10,0,4.5,1.095,1.041,16.5284775,13
다사461437,298,298,구로4동,0.018,0,3,1,1.041,3.141738,1280
다사422448,332,332,개봉1동,8.713,0.435,4.5,1.095,1.041,15.55728696,86
다사420426,N/A,0,오류2동,0,0,1,1,1,1,1564
다사432444,749,749,고척1동,10,0,5,1,1,15,112
다사449455,396,396,신도림동,9.272,0,4.5,1.095,1,15.08034,111
다사420446,296,296,오류1동,3.509,0,2.5,1,1.041,6.255369,986
다사458432,503,503,구로4동,0.208,0.19,5,1,1,5.398,1064
다사440450,310,310,고척1동,7.103,0,4,1,1.041,11.558223,486
다사453462,76,76,신도림동,8.631,0,2,1.095,1,11.640945,480
다사437450,297,297,고척1동,3.694,0.65,3,1.095,1,8.04168,834
다사408438,193,193,오류2동,10,0,1.5,1,1,11.5,491
다사455458,822,822,신도림동,10,0,5,1.095,1,16.425,14
다사416432,54,54,오류2동,9.143,0,5,1,1,14.143,199
다사428448,314,314,고척2동,0.207,0,1.5,1,1.041,1.776987,1451
다사457433,742,742,구로4동,0.023,0.2,5,1,1,5.223,1083
다사458444,312,312,구로5동,4.123,0.5,4,1,1.041,8.976543,755
다사449439,716,716,구로1동,10,0,5,1.095,1,16.425,14
다사409447,233,233,수궁동,6.95,0,1,1.095,1,8.70525,780
다사457435,140,140,구로4동,4.771,0.115,3,1,1,7.886,845
다사421427,236,236,오류2동,7.484,0,4,1.095,1,12.57498,372
다사457436,446,446,구로2동,3.774,0,5,1,1.041,9.133734,734
다사461441,201,201,구로4동,6.713,0,4,1.095,1,11.730735,470
다사407449,N/A,0,수궁동,0,0,1,1,1.041,1.041,1548
다사423449,365,365,개봉1동,9.891,0.355,4,1,1.041,14.830086,130
다사456456,805,805,신도림동,9.557,0,5,1.095,1,15.939915,56
다사399426,517,517,항동,10,0,1.5,1.095,1,12.5925,347
다사432447,N/A,0,고척1동,0,0,2.5,1,1.041,2.6025,1334
다사431433,235,235,개봉3동,0.705,0.37,4.5,1,1.041,5.803575,1025
다사398444,125,125,수궁동,10,0,4,1,1,14,210
다사435441,758,758,개봉1동,7.52,0,3,1,1,10.52,619
다사453431,306,306,가리봉동,0.068,0,2,1,1.041,2.152788,1395
다사419443,83,83,오류1동,0.951,0.65,3.5,1,1.041,5.310141,1068
다사399442,396,396,수궁동,10,0,3.5,1,1,13.5,251
다사458433,704,704,구로4동,0.101,0.415,5,1,1,5.516,1046
다사460453,555,555,구로5동,10,0,5,1,1,15,112
다사407435,36,36,오류2동,9.235,0,1,1,1,10.235,654
다사408444,462,462,수궁동,6.926,0,3.5,1,1,10.426,628
다사416436,565,565,오류2동,9.815,0.185,3.5,1,1,13.5,251
다사424447,803,803,개봉1동,7.947,0.715,5,1.095,1.041,15.57324549,85
다사405448,N/A,0,수궁동,0,0,1,1,1.041,1.041,1548
다사450448,40,40,구로2동,10,0,2.5,1,1.041,13.0125,309
다사462443,990,990,구로5동,10,0.335,5,1.095,1,16.791825,7
다사416440,399,399,오류1동,3.989,0.415,5,1.095,1,10.29738,640
다사449454,294,294,신도림동,10,0,5,1.095,1,16.425,14
다사449445,74,74,구로1동,2.914,0.715,1.5,1.095,1,5.616255,1038
다사402423,351,351,항동,10,0,1.5,1.095,1,12.5925,347
다사427442,615,615,개봉2동,10,0,5,1.095,1,16.425,14
다사431446,91,91,고척1동,8.203,0,2,1,1.041,10.621323,611
다사453452,714,714,신도림동,10,0,5,1.095,1,16.425,14
다사440451,157,157,고척1동,9.957,0,3.5,1.095,1,14.735415,145
다사418430,139,139,오류2동,9.402,0,2,1.095,1,12.48519,388
다사458449,317,317,구로5동,0.087,0.5,4.5,1,1.041,5.295567,1070
다사407450,14,14,수궁동,9.004,0,1,1,1.041,10.414164,629
다사459435,347,347,구로4동,5.846,0,5,1,1.041,11.290686,532
다사423453,350,350,고척2동,0.466,0,3,1,1.041,3.608106,1241
다사404426,362,362,항동,10,0,2,1.095,1,13.14,289
다사415428,483,483,오류2동,9.929,0,4,1.095,1,15.252255,104
다사416429,203,203,오류2동,1.17,0,3,1.095,1,4.56615,1149
다사423450,545,545,개봉1동,1.873,0,4,1,1.041,6.113793,995
다사431439,869,869,개봉2동,7.964,0,5,1.095,1,14.19558,196
다사451458,255,255,신도림동,8.801,0.835,2.5,1,1.041,12.633576,343
다사414435,95,95,오류2동,4.04,0,3,1,1.041,7.32864,891
다사437443,257,257,고척1동,10,0,4,1,1,14,210
다사438445,9,9,고척1동,6.456,0,4.5,1,1,10.956,573
다사465425,N/A,0,구로3동,0,0,4,1,1,4,1198
다사395442,232,232,수궁동,7.246,0,1,1,1,8.246,816
다사413431,234,234,오류2동,9.966,0,3.5,1,1,13.466,266
다사415440,134,134,오류1동,10,0,4.5,1,1.041,15.0945,108
다사425440,460,460,개봉2동,2.718,0,3.5,1,1.041,6.472938,966
다사436455,N/A,0,고척2동,0,0,1,1,1,1,1564
다사426442,N/A,0,개봉2동,0,0,4,1,1,4,1198
다사408432,280,280,오류2동,5.57,0,2.5,1.095,1,8.83665,764
다사419449,334,334,개봉1동,2.165,0,3.5,1,1.041,5.897265,1013
다사404444,16,16,수궁동,7.807,0,2.5,1,1,10.307,638
다사410434,352,352,오류2동,7.478,0,4.5,1.095,1,13.11591,304
다사425429,N/A,0,개봉3동,0,0,2,1,1,2,1402
다사414432,318,318,오류2동,9.557,0,3.5,1.095,1,14.297415,180
다사430448,216,216,개봉1동,9.927,0,4,1,1.041,14.498007,169
다사461424,288,288,가리봉동,4.302,1.565,3.5,1.095,1.041,10.67739647,608
다사418437,384,384,오류2동,2.339,0.18,4.5,1,1.041,7.306779,893
다사434435,524,524,개봉2동,10,0,3,1,1,13,313
다사416444,204,204,오류1동,1.496,0,5,1,1.041,6.762336,933
다사426447,352,352,개봉1동,1.339,0,3,1,1.041,4.516899,1152
다사409441,429,429,수궁동,1.701,0,3.5,1,1.041,5.414241,1062
다사430431,92,92,개봉3동,10,0,1,1,1.041,11.451,509
다사435446,N/A,0,고척1동,0,0,1,1,1,1,1564
다사453440,310,310,구로2동,3.648,0,5,1,1.041,9.002568,747
다사459437,167,167,구로2동,1.671,0.335,4,1,1.041,6.252246,987
다사461446,955,955,구로5동,8.402,0.28,4.5,1.095,1,14.43429,174
다사469428,15,15,구로3동,4.163,1.315,5,1,1,10.478,621
다사419451,580,580,개봉1동,5.423,0,2.5,1,1.041,8.247843,814
다사458448,215,215,구로5동,1.795,0.59,4.5,1,1.041,7.167285,904
다사427431,965,965,개봉3동,7.601,0,5,1,1,12.601,345
다사441448,275,275,고척1동,4.183,0,2.5,1,1.041,6.957003,919
다사457446,273,273,구로5동,1.422,0,2.5,1,1.041,4.082802,1188
다사399444,692,692,수궁동,9.843,0.835,4.5,1.095,1,16.61991,9
다사406453,N/A,0,수궁동,0,0,1,1,1.041,1.041,1548
다사459424,N/A,0,가리봉동,0,0,3.5,1,1,3.5,1244
다사463438,237,237,구로4동,0.339,0.28,4,1,1.041,4.808379,1131
다사419447,906,906,개봉1동,7.457,0,4.5,1,1,11.957,450
다사449442,6,6,구로1동,10,0,3.5,1,1,13.5,251
다사453458,7,7,신도림동,5.793,0,5,1,1,10.793,594
다사457438,407,407,구로2동,1.754,0,4.5,1,1.041,6.510414,961
다사459459,492,492,신도림동,10,0,4.5,1.095,1,15.8775,58
다사448439,817,817,구로1동,10,0,5,1.095,1,16.425,14
다사446450,N/A,0,구로2동,0,0,1.5,1,1,1.5,1461
다사454437,477,477,구로2동,4.851,0,3.5,1,1.041,8.693391,781
다사461427,234,234,가리봉동,0.053,0,2.5,1,1.041,2.657673,1331
다사460438,271,271,구로4동,1.394,0.265,4,1,1.041,5.891019,1014
다사433439,283,283,개봉2동,7.117,0.18,3.5,1,1,10.797,593
다사433450,167,167,고척1동,3.64,0,3.5,1,1.041,7.43274,878
다사439453,132,132,고척1동,5.479,0,1,1,1.041,6.744639,934
다사452437,338,338,구로2동,3.054,0,2,1,1.041,5.261214,1078
다사421447,395,395,개봉1동,1.701,0,3,1,1.041,4.893741,1127
다사417443,470,470,오류1동,2.742,0,3,1.095,1.041,6.54527709,956
다사417446,514,514,오류1동,10,0,3.5,1,1.041,14.0535,204
다사456460,748,748,신도림동,9.292,0,3.5,1.095,1,14.00724,209
다사463440,85,85,구로4동,8.072,0,4.5,1,1.041,13.087452,307
다사468431,399,399,구로3동,10,0.335,4,1.095,1,15.696825,78
다사458437,400,400,구로2동,2.563,0.5,4,1,1.041,7.352583,890
다사396418,297,297,항동,10,0,1.5,1,1,11.5,491
다사416446,977,977,오류1동,10,0,3.5,1.095,1,14.7825,133
다사435451,32,32,고척1동,1.049,2.39,4.5,1,1.041,8.264499,812
다사416431,587,587,오류2동,9.736,0,5,1,1,14.736,144
다사448431,216,216,구로1동,9.115,0,3,1,1,12.115,421
다사410442,164,164,수궁동,5.342,0,1.5,1,1,6.842,929
다사460435,1188,1188,구로4동,4.536,0,5,1.095,1.041,10.87003872,585
다사415430,414,414,오류2동,9.132,0,2,1.095,1,12.18954,413
다사423451,523,523,개봉1동,4.261,1.155,3,1,1.041,8.761056,773
다사429450,601,601,고척2동,4.037,0,3.5,1,1.041,7.846017,853
다사412440,37,37,수궁동,9.796,0,1,1,1.041,11.238636,539
다사422453,531,531,개봉1동,4.414,0,4,1.095,1.041,9.59107653,705
다사402449,N/A,0,수궁동,0,0,1,1,1,1,1564
다사452453,718,718,신도림동,10,0,3,1.095,1,14.235,183
다사457437,341,341,구로2동,9.366,0,3.5,1,1.041,13.393506,271
다사429436,464,464,개봉2동,5.996,0,5,1,1.041,11.446836,519
다사433440,43,43,개봉2동,3.764,1.25,2.5,1,1.041,7.822074,857
다사464433,414,414,구로3동,9.66,0,2.5,1.095,1,13.3152,276
다사466426,70,70,구로3동,8.194,0,3.5,1.095,1,12.80493,336
다사409436,40,40,오류2동,10,0,2,1,1,12,434
다사418434,N/A,0,오류2동,0,0,2,1,1,2,1402
다사452445,1055,1055,구로2동,8.803,0,4.5,1,1,13.303,277
다사453443,309,309,구로2동,3.564,0.715,4,1,1.041,8.618439,788
다사462438,270,270,구로4동,4.196,1.5,5,1,1.041,11.134536,548
다사431435,355,355,개봉3동,4.025,0,2.5,1,1.041,6.792525,931
다사455445,440,440,구로2동,3.542,1.365,3,1,1.041,8.231187,818
다사465435,266,266,구로3동,5.948,0,5,1.095,1,11.98806,444
다사455461,786,786,신도림동,8.373,0,2,1.095,1,11.358435,525
다사424443,345,345,오류1동,8.197,0,2.5,1,1,10.697,602
다사418423,184,184,오류2동,10,0,3.5,1,1,13.5,251
다사425427,313,313,개봉3동,8.839,0,3.5,1,1.041,12.844899,335
다사400444,52,52,수궁동,4.061,0,3.5,1,1,7.561,870
다사420451,268,268,개봉1동,9.608,0,3,1,1.041,13.124928,303
다사423452,425,425,고척2동,1.736,0,3,1,1.041,4.930176,1125
다사433452,792,792,고척2동,7.781,0,2.5,1.095,1,11.257695,536
다사470428,79,79,구로3동,6.527,0.675,3.5,1,1,10.702,601
다사407442,310,310,수궁동,10,0,3,1.095,1,14.235,183
다사452452,157,157,신도림동,10,0.265,3,1,1,13.265,280
다사426428,219,219,개봉3동,3.415,0,3.5,1.095,1.041,7.882373925,846
다사424431,N/A,0,개봉3동,0,0,1,1,1,1,1564
다사458435,355,355,구로4동,0.203,0,5,1,1,5.203,1087
다사397438,58,58,수궁동,6.802,0,1.5,1,1,8.302,806
다사421439,369,369,오류2동,0.04,0,5,1,1.041,5.24664,1080
다사426443,N/A,0,개봉1동,0,0,1,1,1,1,1564
다사414434,183,183,오류2동,7.727,0,4,1,1,11.727,471
다사428431,573,573,개봉3동,3.85,0.715,3,1,1.041,7.875165,848
다사436448,283,283,고척1동,10,0,3,1.095,1,14.235,183
다사431436,237,237,개봉2동,8.634,0.18,5,1,1.041,14.380374,175
다사430442,432,432,개봉1동,10,0,1,1.095,1,12.045,427
다사443452,N/A,0,고척1동,0,0,1,1,1,1,1564
다사465423,303,303,가리봉동,8.369,0,3.5,1.095,1,12.996555,323
다사447453,117,117,구로2동,1.634,0,3,1,1,4.634,1147
다사457459,362,362,신도림동,10,0,4,1,1,14,210
다사455439,21,21,구로2동,8.618,0,4.5,1,1.041,13.655838,237
다사437449,593,593,고척1동,7.331,0,5,1.095,1,13.502445,250
다사399431,304,304,항동,5.995,0,2.5,1,1,8.495,792
다사463432,6,6,구로3동,10,0,4.5,1,1,14.5,160
다사424451,352,352,고척2동,1.55,0.5,4,1,1.041,6.29805,983
다사422442,552,552,오류1동,7.774,0.625,1,1.095,1,10.291905,642
다사408447,354,354,수궁동,5.664,0,3,1,1,8.664,784
다사421450,133,133,개봉1동,2.691,0.385,4,1,1.041,7.366116,888
다사424452,67,67,고척2동,9.194,0,2.5,1,1,11.694,474
다사426427,264,264,개봉3동,9.312,0,2,1,1.041,11.775792,468
다사426436,564,564,개봉2동,4.717,0,5,1.095,1.041,11.07635972,552
다사457441,225,225,구로2동,9.809,0,1.5,1,1,11.309,531
다사461452,165,165,구로5동,1.063,0.79,3.5,1.095,1.041,6.101857935,998
다사413445,401,401,오류1동,0.064,0,2,1,1.041,2.148624,1396
다사418424,354,354,오류2동,10,0,5,1,1,15,112
다사436442,1155,1155,개봉1동,10,0,2,1.095,1,13.14,289
다사449435,666,666,구로1동,5.94,0.43,4.5,1.095,1,11.90265,460
다사451449,19,19,구로2동,5.325,1.25,2.5,1,1.041,9.447075,714
다사438450,294,294,고척1동,2.311,0.625,2.5,1,1.041,5.658876,1036
다사407441,513,513,수궁동,10,0,3,1,1,13,313
다사415426,383,383,오류2동,8.673,0.205,2,1.095,1,11.91141,459
다사425430,139,139,개봉3동,5.917,0,2.5,1,1.041,8.762097,772
다사451452,N/A,0,구로2동,0,0,2,1,1.041,2.082,1400
다사461426,299,299,가리봉동,2.273,0,3,1,1.041,5.489193,1052
다사417444,173,173,오류1동,8.022,0,3,1,1.041,11.473902,508
다사456451,608,608,구로5동,9.675,0,3.5,1,1,13.175,286
다사408440,233,233,수궁동,8.011,1.665,2,1,1,11.676,476
다사411439,N/A,0,오류2동,0,0,3,1,1,3,1290
다사434443,580,580,개봉1동,8.195,0,5,1,1,13.195,285
다사413442,248,248,수궁동,9.405,0,3,1.095,1,13.583475,246
다사401424,321,321,항동,10,0,1.5,1.095,1,12.5925,347
다사427432,556,556,개봉3동,1.917,0,2,1,1.041,4.077597,1190
다사458425,28,28,가리봉동,8.826,0,3,1.095,1.041,13.48039827,264
다사430449,334,334,개봉1동,9.895,0.225,3.5,1.095,1.041,15.5253699,87
다사433451,154,154,고척1동,5.239,0,3.5,1,1.041,9.097299,738
다사409443,285,285,수궁동,10,0,1.5,1,1,11.5,491
다사453434,345,345,구로2동,0.096,0,2.5,1,1.041,2.702436,1329
다사410436,25,25,오류2동,10,0,1.5,1,1.041,11.9715,445
다사434436,658,658,개봉2동,10,0,3.5,1,1,13.5,251
다사450458,170,170,신도림동,2.31,0,1,1.095,1.041,3.77305245,1234
다사430436,186,186,개봉2동,4.167,1,5,1,1,10.167,663
다사416426,N/A,0,오류2동,0,0,2,1,1,2,1402
다사452460,8,8,신도림동,3.189,0,2,1,1,5.189,1088
다사428446,220,220,개봉1동,4.837,0.5,2,1,1.041,7.637817,864
다사452441,302,302,구로2동,6.636,0,2,1,1.041,8.990076,751
다사455433,399,399,구로2동,1.958,1.62,3.5,1,1.041,7.368198,887
다사455448,327,327,구로5동,5.293,0,3.5,1,1.041,9.153513,732
다사453433,219,219,구로2동,2.562,0,2.5,1,1.041,5.269542,1073
다사433442,113,113,개봉1동,10,1.085,5,1,1,16.085,53
다사396443,239,239,수궁동,7.214,0,1,1.095,1.041,9.36309753,720
다사414438,279,279,오류2동,10,0,3.5,1.095,1,14.7825,133
다사458454,330,330,신도림동,10,0,5,1.095,1,16.425,14
다사398440,N/A,0,수궁동,0,0,1,1,1,1,1564
다사421451,160,160,개봉1동,9.779,0,3,1,1.041,13.302939,278
다사463443,302,302,구로4동,10,0,3,1.095,1.041,14.818635,131
다사453457,195,195,신도림동,7.759,0,4,1.095,1,12.876105,332
다사415434,222,222,오류2동,4.189,0,3,1,1,7.189,901
다사426434,388,388,개봉3동,1.478,0,3.5,1,1,4.978,1122
다사407447,222,222,수궁동,3.88,0,1,1,1,4.88,1128
다사426432,158,158,개봉3동,9.38,0,1.5,1,1,10.88,582
다사449431,309,309,구로1동,3.439,0,1,1,1,4.439,1164
다사456438,13,13,구로2동,9.188,0,3,1,1,12.188,414
다사453446,212,212,구로2동,5.708,0.415,2,1,1.041,8.456043,794
다사459425,110,110,가리봉동,0.29,1.5,3.5,1,1.041,5.50689,1048
다사460451,315,315,구로5동,7.43,0,3.5,1,1,10.93,576
다사432448,133,133,고척1동,10,0,2.5,1,1.041,13.0125,309
다사456445,128,128,구로2동,7.379,0,3.5,1,1.041,11.325039,529
다사456449,370,370,구로5동,4.34,0,3.5,1.095,1.041,8.9367768,759
다사462452,352,352,구로5동,4.323,1.19,4,1.095,1.041,10.84382114,591
다사428449,137,137,고척2동,2.704,0,2.5,1,1.041,5.417364,1061
다사420454,56,56,개봉1동,8.865,0,4,1,1.041,13.392465,272
다사427456,487,487,고척2동,2.463,0,4.5,1,1,6.963,918
다사428455,348,348,고척2동,2.085,0,4,1,1.041,6.334485,977
다사451453,1143,1143,신도림동,10,0,4.5,1.095,1,15.8775,58
다사415443,411,411,오류1동,2.127,0,4.5,1,1.041,6.898707,925
다사426439,541,541,개봉2동,1.022,0,3.5,1.095,1.041,5.15460519,1092
다사445442,1286,1286,구로1동,10,0.315,4,1.095,1,15.674925,81
다사420450,440,440,개봉1동,5.72,0,4,1,1.041,10.11852,666
다사406447,36,36,수궁동,9.946,0,2,1,1,11.946,452
다사428451,232,232,고척2동,4.604,0.715,4,1,1.041,9.701079,695
다사432439,452,452,개봉2동,5.626,0,5,1,1,10.626,610
다사465437,130,130,구로3동,7.497,0,3,1.095,1.041,11.96547782,449
다사429455,134,134,고척2동,2.179,0,1.5,1,1.041,3.829839,1230
다사430443,183,183,개봉1동,9.956,0,1,1.095,1,11.99682,443
다사468430,163,163,구로3동,10,0,4,1.095,1,15.33,93
다사446438,369,369,구로1동,10,0,4.5,1,1,14.5,160
다사460443,N/A,0,구로5동,0,0.835,2,1,1,2.835,1325
다사400427,740,740,항동,10,0,2,1.095,1,13.14,289
다사415436,97,97,오류2동,10,0,1,1,1,11,559
다사462447,586,586,구로5동,5.377,0.59,2,1.095,1,8.723865,778
다사430441,530,530,개봉2동,7.276,0,5,1,1,12.276,403
다사434451,173,173,고척1동,1.533,1,5,1,1.041,7.841853,854
다사448449,N/A,0,구로2동,0,0.085,1.5,1,1,1.585,1454
다사407440,385,385,수궁동,10,0,3,1.095,1,14.235,183
다사421438,60,60,오류2동,4.551,0,4.5,1,1.041,9.422091,717
다사452461,119,119,신도림동,5.584,0,2,1.095,1,8.30448,805
다사455429,158,158,가리봉동,1.059,0,2,1.095,1.041,3.486938805,1271
다사451459,73,73,신도림동,9.435,0,2.5,1,1.041,12.424335,395
다사408443,418,418,수궁동,5.341,0,3.5,1.095,1,9.680895,699
다사402433,212,212,항동,9.877,0,1,1,1,10.877,583
다사418446,266,266,오류1동,8.944,0,2.5,1,1.041,11.913204,458
다사432434,335,335,개봉3동,6.921,0,3.5,1,1.041,10.848261,590
다사447437,288,288,구로1동,10,0,4,1.095,1,15.33,93
다사431443,101,101,개봉1동,9.673,0,5,1,1,14.673,149
다사454441,147,147,구로2동,4.392,0.295,5,1,1.041,10.084167,669
다사456452,518,518,구로5동,7.694,0,3.5,1,1,11.194,542
다사458452,32,32,구로5동,10,0,4.5,1.095,1,15.8775,58
다사435442,885,885,개봉1동,10,0,3,1.095,1,14.235,183
다사457443,63,63,구로2동,6.189,0,1.5,1,1.041,8.004249,841
다사425449,205,205,고척2동,1.875,0.145,2.5,1,1.041,4.70532,1141
다사440449,113,113,고척1동,2.608,0,4.5,1,1.041,7.399428,883
다사462433,953,953,구로3동,10,0,4.5,1.095,1,15.8775,58
다사397440,150,150,수궁동,4.478,0,2.5,1,1,6.978,916
다사419435,35,35,오류2동,5.349,0,4.5,1,1,9.849,686
다사454440,69,69,구로2동,9.912,1.5,4.5,1,1,15.912,57
다사455436,55,55,구로2동,8.019,0.805,4.5,1,1.041,13.870284,224
다사460448,247,247,구로5동,5.967,0,5,1.095,1,12.008865,432
다사420440,39,39,오류1동,5.723,0,4.5,1,1,10.223,658
다사407443,218,218,수궁동,7.843,0.625,4,1.095,1,13.65246,239
다사459426,86,86,가리봉동,0.68,0.975,4,1,1.041,5.886855,1015
다사459458,183,183,신도림동,10,0,5,1.095,1,16.425,14
다사401439,400,400,수궁동,4.371,0,2,1.095,1,6.976245,917
다사435454,201,201,고척2동,4.791,0,3.5,1,1,8.291,808
다사416442,264,264,오류1동,1.355,0.225,4,1,1.041,5.80878,1024
다사402443,226,226,수궁동,5.112,0,1,1,1,6.112,997
다사433455,375,375,고척2동,10,0,4.5,1.095,1,15.8775,58
다사459448,791,791,구로5동,6.895,0,4.5,1.095,1.041,12.98910353,325
다사445441,642,642,구로1동,7.615,0,5,1.095,1,13.813425,226
다사454456,1040,1040,신도림동,10,0,4,1.095,1,15.33,93
다사458442,235,235,구로2동,4.876,0,3,1,1.041,8.198916,826
다사459453,680,680,구로5동,10,0,5,1,1,15,112
다사408448,31,31,수궁동,10,0,1,1,1.041,11.451,509
다사462432,637,637,구로3동,10,0,4,1,1,14,210
다사447442,941,941,구로1동,6.434,0,5,1.095,1,12.52023,376
다사419426,N/A,0,오류2동,0,0,1,1,1,1,1564
다사423438,143,143,오류2동,1.147,0,4.5,1,1.041,5.878527,1017
다사453454,714,714,신도림동,9.447,0,5,1.095,1,15.819465,73
다사448438,308,308,구로1동,10,0.115,5,1.095,1,16.550925,12
다사459432,526,526,구로3동,0.431,1.4,4,1,1,5.831,1023
다사455455,209,209,신도림동,8.655,0.835,3.5,1.095,1.041,14.80723605,132
다사432445,433,433,고척1동,10,0,4,1,1,14,210
다사436446,360,360,고척1동,7.658,0,4.5,1,1,12.158,416
다사454436,238,238,구로2동,4.042,2.03,4.5,1,1.041,11.005452,558
다사460440,30,30,구로2동,8.797,0.835,2.5,1,1.041,12.629412,344
다사400421,177,177,항동,10,0,1.5,1,1,11.5,491
다사426429,356,356,개봉3동,5.241,0,4,1,1,9.241,729
다사430452,144,144,고척2동,0.782,0.77,4.5,1,1.041,6.300132,981
다사415424,243,243,오류2동,10,0,2,1.095,1,13.14,289
다사453463,194,194,신도림동,3.056,0,2,1.095,1,5.53632,1045
다사428441,449,449,개봉2동,10,0,5,1,1,15,112
다사432451,250,250,고척1동,1.373,0,2.5,1,1.041,4.031793,1195
다사432453,255,255,고척2동,2.354,0,4,1,1.041,6.614514,945
다사437452,301,301,고척1동,9.927,0,4,1,1.041,14.498007,169
다사454438,232,232,구로2동,1.194,0.415,5,1,1.041,6.879969,926
다사454458,675,675,신도림동,10,0,5,1.095,1,16.425,14
다사455441,294,294,구로2동,0.504,0.835,3.5,1,1.041,5.037399,1105
다사437442,688,688,개봉1동,10,0,3,1.095,1,14.235,183
다사401443,110,110,수궁동,3.02,0,3,1,1,6.02,1008
다사453438,284,284,구로2동,3.6,0,5,1,1.041,8.9526,756
다사456436,168,168,구로2동,4.213,0.645,5,1,1.041,10.262178,647
다사449436,1212,1212,구로1동,10,0,4.5,1.095,1,15.8775,58
다사450456,142,142,신도림동,4.575,0,1.5,1,1.041,6.324075,980
다사404446,165,165,수궁동,3.783,0,3,1,1.041,7.061103,911
다사455440,301,301,구로2동,2.925,0,2,1,1.041,5.126925,1096
다사454445,172,172,구로2동,5.395,0,3,1,1.041,8.739195,776
다사408446,440,440,수궁동,1.391,0,3,1,1,4.391,1166
다사433444,229,229,고척1동,9.337,0,5,1,1,14.337,176
다사421426,N/A,0,오류2동,0,0,1,1,1,1,1564
다사400426,385,385,항동,10,0,1.5,1.095,1,12.5925,347
다사415445,542,542,오류1동,7.728,0,2.5,1,1,10.228,656
다사431431,8,8,개봉3동,10,0,4,1,1,14,210
다사397443,321,321,수궁동,2.241,0,2,1,1.041,4.414881,1165
다사434449,724,724,고척1동,10,0,5,1,1,15,112
다사401425,N/A,0,항동,0,0,2,1,1,2,1402
다사417438,378,378,오류2동,1.504,0,5,1.095,1,7.12188,907
다사419444,177,177,오류1동,6.084,0.315,4,1.095,1.041,11.85376811,463
다사439450,441,441,고척1동,2.626,0,3.5,1,1.041,6.377166,974
다사426438,470,470,개봉2동,5.117,0,5,1.095,1.041,11.53231772,490
다사402442,26,26,수궁동,7.691,0,1,1,1.041,9.047331,742
다사402439,47,47,수궁동,3.393,0,2,1.095,1,5.905335,1012
다사442447,33,33,고척1동,6.755,0,2.5,1,1.041,9.634455,701
다사422443,726,726,오류1동,4.228,1.75,4,1,1,9.978,677
다사435452,175,175,고척2동,8.193,0,4,1,1,12.193,412
다사428429,260,260,개봉3동,1.22,0,5,1,1.041,6.47502,965
다사446443,1350,1350,구로1동,8.304,0,4.5,1.095,1,14.02038,207
다사453441,319,319,구로2동,1.426,0,4.5,1,1.041,6.168966,991
다사394420,277,277,항동,10,0,1.5,1.095,1,12.5925,347
다사409433,220,220,오류2동,9.916,0,3.5,1,1,13.416,270
다사454444,193,193,구로2동,3.083,1.365,4,1,1.041,8.794368,768
다사395419,236,236,항동,10,0,1.5,1.095,1,12.5925,347
다사429431,403,403,개봉3동,5.223,0.455,3,1,1.041,9.033798,744
다사434439,209,209,개봉2동,4.441,1.5,4.5,1.095,1.041,11.9016437,461
다사401437,91,91,수궁동,6.97,0.415,3.5,1.095,1,11.919075,457
다사432443,525,525,개봉1동,10,0,5,1,1,15,112
다사467425,846,846,구로3동,3.119,0,5,1.095,1,8.890305,762
다사458457,384,384,신도림동,9.188,0.28,4.5,1.095,1,15.29496,103
다사429434,597,597,개봉3동,2.992,0,3,1,1.041,6.237672,988
다사456461,592,592,신도림동,9.879,0,2,1.095,1,13.007505,312
다사434442,843,843,개봉1동,10,0.355,5,1,1,15.355,92
다사446444,N/A,0,구로1동,0,0,4,1,1,4,1198
다사412432,268,268,오류2동,7.822,0,3,1,1.041,11.265702,535
다사463435,374,374,구로3동,9.999,0,3.5,1.095,1,14.781405,141
다사438452,306,306,고척1동,1.084,0,3.5,1,1.041,4.771944,1133
다사437456,8,8,고척2동,10,0,1,1,1,11,559
다사419429,638,638,오류2동,10,0,3,1.095,1,14.235,183
다사420437,205,205,오류2동,7.197,0,2.5,1,1.041,10.094577,668
다사410440,355,355,수궁동,4.268,0,3,1,1.041,7.565988,869
다사398429,323,323,항동,10,0,3.5,1,1,13.5,251
다사429449,233,233,개봉1동,1.461,0,3.5,1,1.041,5.164401,1091
다사448444,974,974,구로1동,9.8,0,5,1.095,1,16.206,48
다사411433,100,100,오류2동,8.519,0,2.5,1,1,11.019,555
다사415431,190,190,오류2동,3.226,0,2.5,1.095,1,6.26997,984
다사460454,757,757,구로5동,10,0,4,1.095,1,15.33,93
다사400429,54,54,항동,10,0,1,1,1.041,11.451,509
다사432457,206,206,고척2동,10,0,2.5,1,1,12.5,380
다사431434,442,442,개봉3동,1.231,0.385,3.5,1,1,5.116,1099
다사413446,66,66,오류1동,7.732,0,1,1,1.041,9.090012,740
다사416435,232,232,오류2동,3.741,0.155,2.5,1,1,6.396,973
다사423454,471,471,고척2동,0.129,0,3.5,1,1.041,3.777789,1233
다사452443,361,361,구로2동,5.486,2.22,3.5,1,1.041,11.665446,477
다사422452,379,379,개봉1동,4.313,0.715,5,1,1.041,10.439148,625
다사424442,284,284,오류1동,10,0,2,1.095,1,13.14,289
다사458429,253,253,가리봉동,0,0,5,1,1.041,5.205,1085
다사442449,N/A,0,고척1동,0,0,1,1,1.041,1.041,1548
다사467432,261,261,구로3동,10,0,2,1.095,1,13.14,289
다사404443,114,114,수궁동,10,0,1,1,1,11,559
다사420445,264,264,오류1동,3.154,0,2.5,1,1.041,5.885814,1016
다사448436,444,444,구로1동,10,0,4.5,1.095,1,15.8775,58
다사425452,254,254,고척2동,0.221,0,3,1,1.041,3.353061,1273
다사426455,558,558,고척2동,5.701,0,3.5,1,1,9.201,731
다사440447,47,47,고척1동,6.113,1.315,1,1,1,8.428,798
다사449446,N/A,0,구로1동,0,0,2.5,1,1,2.5,1344
다사459439,441,441,구로2동,4.11,0,3,1,1.041,7.40151,882
다사434441,N/A,0,개봉1동,0,1.175,3,1,1,4.175,1179
다사454454,580,580,신도림동,6.849,0,5,1.095,1,12.974655,327
다사406442,482,482,수궁동,10,0,1.5,1,1,11.5,491
다사468425,507,507,구로3동,6.44,0,3.5,1.095,1,10.8843,580
다사418442,466,466,오류1동,6.742,0,5,1.095,1,12.85749,334
다사410428,N/A,0,오류2동,0,0,1,1,1,1,1564
다사433438,637,637,개봉2동,9.766,0,5,1.095,1,16.16877,50
다사455428,9,9,가리봉동,8.096,0,1.5,1,1,9.596,704
다사418422,174,174,오류2동,10,0,3.5,1,1,13.5,251
다사436440,280,280,개봉1동,9.564,0,5,1,1,14.564,156
다사461439,92,92,구로4동,2.527,0.455,4,1,1.041,7.268262,897
다사462451,681,681,구로5동,2.666,0.715,5,1.095,1.041,9.553459995,708
다사419448,243,243,개봉1동,6.75,0,3.5,1,1,10.25,653
다사421446,404,404,개봉1동,1.351,0,3.5,1,1.041,5.049891,1103
다사458451,N/A,0,구로5동,0,0.555,4,1,1.041,4.741755,1137
다사455451,195,195,구로5동,10,0,2,1.095,1.041,13.67874,234
다사457447,208,208,구로5동,3.159,0,3.5,1,1.041,6.932019,922
다사458439,319,319,구로2동,1.364,0,2.5,1,1.041,4.022424,1196
다사459452,N/A,0,구로5동,0,0.835,4.5,1,1,5.335,1067
다사416443,389,389,오류1동,9.264,0,4.5,1.095,1.041,15.68951478,79
다사459447,156,156,구로5동,0.578,0.265,3,1,1.041,4.000563,1197
다사462440,244,244,구로4동,5.5,0,5,1,1.041,10.9305,575
다사409440,532,532,수궁동,3.608,0,4,1,1.041,7.919928,844
다사463423,53,53,가리봉동,3.571,0,4,1,1.041,7.881411,847
다사401435,128,128,수궁동,8.542,0,3,1,1,11.542,488
다사449432,25,25,구로1동,5.223,0,2,1,1,7.223,899
다사418451,330,330,개봉1동,3.79,0,2,1,1.041,6.02739,1007
다사447441,700,700,구로1동,1.167,0,3,1.095,1,4.562865,1150
다사456434,121,121,구로4동,0.801,0.755,3.5,1,1.041,5.263296,1075
다사414444,230,230,오류1동,5.038,0,2.5,1,1.041,7.847058,851
다사403441,193,193,수궁동,3.647,0,1.5,1,1,5.147,1094
다사430450,1045,1045,고척2동,9.393,0,3.5,1,1,12.893,331
다사452436,255,255,구로2동,2.298,0,2.5,1,1.041,4.994718,1121
다사437445,118,118,고척1동,9.203,0,5,1,1,14.203,194
다사420429,407,407,오류2동,10,0,3,1.095,1,14.235,183
다사428447,339,339,개봉1동,0.778,0,2,1,1.041,2.891898,1324
다사433456,127,127,고척2동,10,0,3.5,1,1.041,14.0535,204
다사415427,163,163,오류2동,7.732,0,4.5,1,1,12.232,406
다사407444,228,228,수궁동,4.15,0.265,4,1,1.041,8.760015,774
다사435450,447,447,고척1동,6.296,0.555,4,1,1,10.851,588
다사430440,71,71,개봉2동,3.884,0,5,1,1,8.884,763
다사431449,364,364,고척1동,8.119,0,3.5,1.095,1.041,13.24444001,283
다사447440,363,363,구로1동,8.37,0,3,1,1,11.37,523
다사428430,405,405,개봉3동,1.872,0,4,1,1.041,6.112752,996
다사431450,835,835,고척2동,9.421,0,4.5,1.095,1,15.243495,105
다사395441,N/A,0,수궁동,0,0,2,1,1,2,1402
다사427446,290,290,개봉1동,2.086,0,3,1,1.041,5.294526,1071
다사455450,798,798,구로5동,9.786,0,3.5,1.095,1,14.54817,157
다사459446,210,210,구로5동,3.898,0,2,1.095,1.041,6.72310071,937
다사415439,N/A,0,오류2동,0,0,5,1,1,5,1107
다사403425,449,449,항동,10,0,2,1.095,1,13.14,289
다사423448,569,569,개봉1동,10,0,5,1.095,1,16.425,14
다사427448,293,293,고척2동,4.121,0.68,2.5,1,1.041,7.600341,867
다사428433,516,516,개봉3동,3.571,0,3.5,1,1.041,7.360911,889
다사407433,286,286,오류2동,4.376,0,1.5,1,1,5.876,1018
다사427427,280,280,개봉3동,9.944,0,3,1.095,1.041,14.75480088,142
다사402425,585,585,항동,10,0,1.5,1.095,1,12.5925,347
다사460447,733,733,구로5동,5.089,0.315,4,1.095,1,10.29738,640
다사431454,158,158,고척2동,6.326,0,3,1,1,9.326,721
다사397444,20,20,수궁동,8.752,0,1,1,1,9.752,691
다사421440,201,201,오류2동,0.552,0.5,5,1,1.041,6.300132,981
다사452456,59,59,신도림동,9.139,0,2.5,1,1.041,12.116199,420
다사414433,81,81,오류2동,4.536,0,2.5,1,1.041,7.324476,892
다사455435,141,141,구로2동,5.085,1.6,4.5,1,1.041,11.643585,479
다사458459,688,688,신도림동,10,0,3.5,1,1,13.5,251
다사454435,308,308,구로2동,0.057,0,4,1,1.041,4.223337,1174
다사457431,426,426,구로4동,1.174,2.5,5,1,1,8.674,783
다사446439,377,377,구로1동,6.838,0,4.5,1.095,1,12.41511,396
다사402432,272,272,항동,5.85,0,1,1.095,1,7.50075,875
다사430453,339,339,고척2동,0.319,0,5,1,1.041,5.537079,1044
다사458431,394,394,구로3동,0.011,0.73,5,1,1,5.741,1030
다사452447,184,184,구로2동,5.855,0,1,1.095,1,7.506225,873
다사398437,39,39,수궁동,6.606,0.625,2.5,1,1.041,10.129971,664
다사400440,38,38,수궁동,8.922,0,1.5,1,1.041,10.849302,589
다사407445,326,326,수궁동,0.996,0,3,1,1.041,4.159836,1185
다사447443,408,408,구로1동,8.615,0,5,1,1,13.615,242
다사462436,37,37,구로4동,0.302,0.665,3,1,1.041,4.129647,1187
다사396444,20,20,수궁동,9.356,0,1,1,1.041,10.780596,596
다사409442,353,353,수궁동,2.671,0.625,3.5,1.095,1,7.44162,876
다사450459,7,7,신도림동,9.959,0,2.5,1,1.041,12.969819,328
다사404427,209,209,항동,10,0,1.5,1.095,1,12.5925,347
다사410439,N/A,0,오류2동,0,0,2,1,1,2,1402
다사437441,854,854,개봉1동,10,0,5,1.095,1,16.425,14
다사459454,315,315,구로5동,10,0,5,1.095,1,16.425,14
다사418436,335,335,오류2동,0.934,0,4,1,1.041,5.136294,1095
다사420442,219,219,오류1동,8.251,1.955,4.5,1.095,1,16.10307,52
다사448448,N/A,0,구로2동,0,0,1.5,1,1,1.5,1461
다사449434,252,252,구로1동,7.264,0,1,1,1,8.264,813
다사457456,1087,1087,신도림동,7.913,0,5,1.095,1,14.139735,200
다사451442,38,38,구로2동,6.328,0,1,1.095,1,8.02416,836
다사428440,249,249,개봉2동,2.154,0,4.5,1,1.041,6.926814,923
다사448441,724,724,구로1동,7.055,0,3.5,1.095,1,11.557725,487
다사461431,435,435,구로3동,10,0,3.5,1.095,1,14.7825,133
다사447444,1174,1174,구로1동,7.892,0,5,1.095,1,14.11674,202
다사417435,374,374,오류2동,6.951,0,3.5,1.095,1,11.443845,520
다사399439,138,138,수궁동,1.825,0,1,1,1,2.825,1326
다사428432,480,480,개봉3동,5.924,0,3.5,1,1.041,9.810384,689
다사437446,358,358,고척1동,9.747,0,5,1,1,14.747,143
다사422440,478,478,오류2동,0.608,0,5,1,1.041,5.837928,1021
다사428450,254,254,고척2동,1.56,0,3,1,1.041,4.74696,1136
다사441449,233,233,고척1동,6.234,0,2.5,1,1.041,9.092094,739
다사455432,269,269,구로2동,1.092,0.555,3,1,1.041,4.837527,1130
다사454457,487,487,신도림동,10,0,5,1.095,1,16.425,14
다사417450,104,104,개봉1동,9.773,0,1.5,1,1,11.273,533
다사455430,156,156,가리봉동,6.766,0,1,1,1.041,8.084406,831
다사467426,714,714,구로3동,0.03,0.295,5,1.095,1.041,6.069940875,1002
다사447452,7,7,구로2동,5.889,0.24,1.5,1,1,7.629,865
다사460425,223,223,가리봉동,3.326,1.875,2.5,1,1.041,8.016741,839
다사403432,233,233,항동,10,0,1.5,1,1,11.5,491
다사423441,36,36,오류1동,8.686,0,4,1,1,12.686,341
다사435437,1293,1293,개봉2동,7.185,0,3.5,1,1,10.685,604
다사448455,328,328,신도림동,10,0,4,1,1,14,210
다사414430,337,337,오류2동,4.339,0,3.5,1,1,7.839,855
다사410432,39,39,오류2동,10,0,2.5,1,1,12.5,380
다사433449,95,95,고척1동,10,0,4,1,1.041,14.574,155
다사461442,912,912,구로4동,7.405,0.65,5,1.095,1,14.295225,181
다사460429,107,107,가리봉동,3.574,0.295,2.5,1,1.041,6.630129,944
다사464424,158,158,가리봉동,0.821,0,5,1,1.041,6.059661,1004
다사424453,466,466,고척2동,2.821,0,2.5,1,1.041,5.539161,1043
다사426456,418,418,고척2동,9.983,0,3,1,1,12.983,326
다사411440,165,165,수궁동,4.545,0.535,3,1,1.041,8.41128,799
다사402431,82,82,항동,10,0,1,1,1.041,11.451,509
다사455443,334,334,구로2동,1.451,0,3,1,1.041,4.633491,1148
다사427445,146,146,개봉1동,5.531,0,3,1.095,1.041,9.724444245,692
다사420453,N/A,0,개봉1동,0,0,4,1,1,4,1198
다사463424,455,455,가리봉동,0.118,0,4,1.095,1.041,4.69408761,1142
다사426452,385,385,고척2동,0,0,3,1,1.041,3.123,1283
다사455459,686,686,신도림동,7.002,0,4,1.095,1,12.04719,426
다사460426,101,101,가리봉동,2.886,0.25,2,1,1.041,5.346576,1066
다사420444,248,248,오류1동,9.152,2,4,1,1.041,15.773232,75
다사427434,389,389,개봉3동,0,0,2.5,1,1.041,2.6025,1334
다사449457,88,88,신도림동,4.535,0,1.5,1,1,6.035,1006
다사399425,579,579,항동,10,0,1.5,1.095,1,12.5925,347
다사405423,173,173,항동,10,0,2,1,1,12,434
다사457428,152,152,가리봉동,0,1.665,5,1,1.041,6.938265,921
다사440452,249,249,고척1동,6.071,0,4.5,1,1,10.571,613
다사455449,156,156,구로5동,3.205,0,4.5,1,1.041,8.020905,837
다사460427,290,290,가리봉동,0.542,0,3.5,1,1.041,4.207722,1176
다사459427,222,222,가리봉동,0.517,0.525,3,1,1.041,4.207722,1176
다사457454,928,928,신도림동,10,0,4,1.095,1,15.33,93
다사457452,911,911,구로5동,5.731,0,4.5,1.095,1,11.202945,541
다사428443,826,826,개봉1동,10,0,1,1.095,1,12.045,427
다사397441,195,195,수궁동,6.018,0,1.5,1,1,7.518,872
다사438451,586,586,고척1동,2.45,0,4.5,1,1.041,7.23495,898
다사457455,602,602,신도림동,10,0,5,1.095,1.041,17.098425,3
다사417451,70,70,개봉1동,9.939,0,2,1,1.041,12.428499,394
다사424432,N/A,0,개봉3동,0,0,1,1,1,1,1564
다사411434,479,479,오류2동,6.878,0,3.5,1,1,10.378,632
다사400442,153,153,수궁동,10,0,3,1,1,13,313
다사425448,270,270,개봉1동,0.999,0.24,3.5,1,1.041,4.933299,1124
다사409438,154,154,오류2동,10,0,2,1,1.041,12.492,384
다사451448,40,40,구로2동,3.127,0,1,1,1.041,4.296207,1170
다사454453,318,318,신도림동,10,0,5,1.095,1,16.425,14
다사460436,377,377,구로4동,6.394,0.665,3.5,1,1,10.559,616
다사416438,384,384,오류2동,8.588,0.355,5,1,1,13.943,221
다사460424,39,39,가리봉동,0.793,0.625,2.5,1,1.041,4.078638,1189
다사463431,N/A,0,구로3동,0,0,3,1,1,3,1290
다사464437,494,494,구로4동,9.258,1.11,3.5,1,1.041,14.436588,173
다사412442,90,90,수궁동,8.471,0,2,1,1.041,10.900311,578
다사431437,368,368,개봉2동,7.382,0,5,1.095,1.041,14.11417989,203
다사462448,327,327,구로5동,1.558,0,5,1.095,1,7.18101,903
다사422454,466,466,고척2동,3.342,0,4,1,1.041,7.643022,863
다사407451,N/A,0,수궁동,0,0,1,1,1,1,1564
다사413443,287,287,오류1동,1.762,0,4.5,1,1.041,6.518742,958
다사418452,210,210,개봉1동,2.784,0,1.5,1,1.041,4.459644,1163
다사463437,327,327,구로4동,4.284,2.5,3.5,1,1.041,10.705644,600
다사399443,321,321,수궁동,10,0,4.5,1,1,14.5,160
다사410441,266,266,수궁동,2.243,0.18,2.5,1,1.041,5.124843,1097
다사460441,397,397,구로4동,10,0,5,1.095,1,16.425,14
다사409437,6,6,오류2동,10,0,2,1,1,12,434
다사422439,377,377,오류2동,0,0,5,1,1.041,5.205,1085
다사395420,475,475,항동,10,0,1.5,1.095,1,12.5925,347
다사429452,337,337,고척2동,3.714,1.25,5,1,1.041,10.372524,633
다사431452,615,615,고척2동,8.008,0,4.5,1,1,12.508,378
다사456444,140,140,구로2동,4.502,0,3,1,1.041,7.809582,858
다사428437,414,414,개봉2동,0.785,0.415,5,1,1.041,6.4542,969
다사416424,181,181,오류2동,10,0,5,1.095,1,16.425,14
다사417425,410,410,오류2동,10,0,3.5,1.095,1,14.7825,133
다사420447,368,368,개봉1동,7.148,0,4.5,1,1.041,12.125568,419
다사456443,220,220,구로2동,5.707,0,2.5,1,1.041,8.543487,790
다사467424,700,700,구로3동,5.323,0,4,1.095,1,10.208685,659
다사455444,72,72,구로2동,4.258,0.37,3.5,1,1.041,8.461248,793
다사460444,65,65,구로5동,5.115,0,2,1,1.041,7.406715,881
다사428428,169,169,개봉3동,8.663,0,2.5,1.095,1.041,12.72464789,339
다사408436,88,88,오류2동,10,0,2,1,1.041,12.492,384
다사467431,297,297,구로3동,10,0,4,1.095,1,15.33,93
다사412433,95,95,오류2동,6.108,0,3.5,1,1.041,10.001928,676
다사418441,1002,1002,오류1동,6.945,1.565,2.5,1.095,1,12.05595,423
다사430434,228,228,개봉3동,6.924,0,5,1,1.041,12.412884,397
다사459430,600,600,구로3동,0.204,0.265,5,1,1,5.469,1055
다사409444,146,146,수궁동,10,0,3,1,1,13,313
다사424441,204,204,개봉2동,4.958,0,4,1,1.041,9.325278,722
다사396442,233,233,수궁동,1.787,0,2,1,1,3.787,1231
다사428436,504,504,개봉2동,2.295,0,4,1,1.041,6.553095,954
다사421454,192,192,개봉1동,0.671,0.385,4,1,1.041,5.263296,1075
다사418444,43,43,오류1동,9.502,0,5,1,1.041,15.096582,107
다사406445,490,490,수궁동,1.028,0,4,1.095,1,5.50566,1049
다사415423,47,47,오류2동,10,0,2,1.095,1,13.14,289
다사425431,58,58,개봉3동,4.003,0,1,1,1.041,5.208123,1084
다사407439,241,241,오류2동,10,0,2,1,1,12,434
다사412443,N/A,0,수궁동,0,0,3,1,1.041,3.123,1283
다사423443,509,509,오류1동,5.469,0,5,1,1,10.469,622
다사401440,40,40,수궁동,9.071,0,1,1,1,10.071,671
다사458427,50,50,가리봉동,0,1.21,3.5,1,1.041,4.90311,1126
다사458453,1023,1023,구로5동,10,0,5,1.095,1,16.425,14
다사402436,204,204,수궁동,10,0,5,1,1,15,112
다사414445,112,112,오류1동,7.684,0,3,1,1,10.684,605
다사415446,1006,1006,오류1동,10,0,3.5,1,1,13.5,251
다사424450,289,289,고척2동,3.871,0.21,4.5,1,1.041,8.932821,760
다사461445,333,333,구로5동,10,0,4.5,1.095,1,15.8775,58
다사406439,N/A,0,오류2동,0,0,1,1,1,1,1564
다사438446,103,103,고척1동,5.819,0,4.5,1,1,10.319,637
다사438453,35,35,고척1동,7.624,0,1,1,1.041,8.977584,754
다사466434,261,261,구로3동,3.796,0,4.5,1,1,8.296,807
다사429433,489,489,개봉3동,1.628,0.5,4.5,1,1.041,6.899748,924
다사460433,475,475,구로3동,7.084,0,4,1.095,1,12.13698,418
다사399423,N/A,0,항동,0,0,1.5,1,1,1.5,1461
다사396419,386,386,항동,10,0,1.5,1,1,11.5,491
다사433436,572,572,개봉2동,10,0,4.5,1.095,1,15.8775,58
다사459440,234,234,구로2동,6.36,0.5,3,1,1.041,10.26426,646
다사430447,327,327,개봉1동,7.352,0,2.5,1,1.041,10.255932,650
다사453453,1354,1354,신도림동,10,0,5,1.095,1,16.425,14
다사460439,288,288,구로2동,2.88,0,3,1,1.041,6.12108,994
다사433453,138,138,고척2동,5.099,0.335,4,1.095,1,10.33023,636
다사462430,216,216,구로3동,1.538,0,2,1,1,3.538,1243
다사456450,403,403,구로5동,8.059,0,4.5,1.095,1.041,14.31594131,179
다사456435,183,183,구로4동,3.19,0.635,2.5,1,1.041,6.584325,946
다사418448,274,274,개봉1동,5.21,0,3.5,1,1.041,9.06711,741
다사403446,N/A,0,수궁동,0,0,1,1,1,1,1564
다사459429,264,264,가리봉동,0.881,0,5,1,1.041,6.122121,993
다사418443,247,247,오류1동,5.514,0,4,1,1.041,9.904074,682
다사431438,501,501,개봉2동,7.201,0,5,1,1.041,12.701241,340
다사462444,848,848,구로5동,10,0,5,1.095,1,16.425,14
다사425451,380,380,고척2동,0,0,4,1,1.041,4.164,1181
다사403443,335,335,수궁동,9.48,0,1,1.095,1,11.4756,507
다사422449,94,94,개봉1동,10,0.555,5,1,1.041,16.192755,49
다사418427,24,24,오류2동,5.461,0,2.5,1,1.041,8.287401,810
다사458428,256,256,가리봉동,0.118,1.11,5,1,1.041,6.483348,963
다사403435,246,246,오류2동,10,0.385,2,1.095,1,13.561575,247
다사455460,391,391,신도림동,9.421,0,2,1.095,1,12.505995,379
다사409448,107,107,수궁동,7.943,0,1,1,1,8.943,758
다사427436,663,663,개봉2동,3.997,0,5,1,1,8.997,750
다사433434,392,392,개봉3동,7.002,0,2,1.095,1.041,10.26133479,648
다사434453,271,271,고척2동,4.698,0,4.5,1.095,1,10.07181,670
다사457427,112,112,가리봉동,0.59,0,3.5,1,1.041,4.25769,1172
다사418445,130,130,오류1동,10,0,2,1,1,12,434
다사449453,152,152,신도림동,10,0.57,5,1.095,1,17.04915,5
다사430438,40,40,개봉2동,4.084,0.225,5,1,1.041,9.690669,696
다사427437,600,600,개봉2동,2.643,0,5,1.095,1,8.369085,801
다사438441,1387,1387,고척1동,9.245,0,5,1.095,1,15.598275,83
다사435440,240,240,개봉1동,5.08,0,4,1.095,1,9.9426,680
다사457430,61,61,구로3동,0.008,1.455,5,1,1.041,6.727983,936
다사448437,501,501,구로1동,10,0,5,1,1,15,112
다사459443,232,232,구로5동,0.49,0,4,1.095,1.041,5.11812855,1098
다사418439,264,264,오류2동,8.696,0,5,1,1,13.696,229
다사454434,313,313,구로2동,1.471,0,3.5,1,1.041,5.174811,1090
다사460458,304,304,신도림동,6.245,0.74,4,1.095,1,12.028575,431
다사399438,113,113,수궁동,3.476,0.19,3.5,1.095,1,7.84677,852
다사417424,574,574,오류2동,10,0,5,1.095,1,16.425,14
다사421453,405,405,개봉1동,2.375,0,4,1,1.041,6.636375,943
다사426441,200,200,개봉2동,9.221,0,4.5,1,1.041,14.283561,182
다사436444,21,21,고척1동,7.875,0,3.5,1,1,11.375,522
다사426433,168,168,개봉3동,4.958,0,1.5,1,1.041,6.722778,938
다사415441,314,314,오류1동,3.848,0,4.5,1,1.041,8.690268,782
다사411443,88,88,수궁동,6.613,0,1.5,1,1.041,8.445633,796
다사419446,345,345,오류1동,4.878,0,3,1,1.041,8.200998,825
다사415433,149,149,오류2동,5.184,0.575,4,1.095,1,10.686105,603
다사410437,N/A,0,오류2동,0,0,1.5,1,1.041,1.5615,1455
다사451443,82,82,구로2동,9.603,0,2,1,1.041,12.078723,422
다사460431,596,596,구로3동,7.782,0,3,1.095,1,11.80629,467
다사419427,33,33,오류2동,5.376,0,3,1,1.041,8.719416,779
다사427450,214,214,고척2동,0.356,0,3,1,1.041,3.493596,1270
다사462427,N/A,0,구로3동,0,0.5,1.5,1,1,2,1402
다사412431,12,12,오류2동,10,0,2,1,1.041,12.492,384
다사462446,474,474,구로5동,2.451,0.83,3.5,1,1,6.781,932
다사408439,163,163,오류2동,10,0,1,1,1.041,11.451,509
다사421455,64,64,고척2동,6.265,0.24,3,1,1,9.505,711
다사463442,547,547,구로4동,10,0,2.5,1.095,1,13.6875,230
다사419437,279,279,오류2동,6.145,0,4,1,1.041,10.560945,615
다사464430,N/A,0,구로3동,0,0,3,1,1,3,1290
다사420448,587,587,개봉1동,6.25,0.525,5,1,1.041,12.257775,405
다사460442,273,273,구로5동,9.281,0,4,1.095,1,14.542695,158
다사427428,415,415,개봉3동,7.959,0,3.5,1,1.041,11.928819,455
다사460456,1359,1359,신도림동,10,0,2.5,1.095,1,13.6875,230
다사454448,14,14,구로5동,5.213,0.105,3,1,1,8.318,804
다사403436,120,120,수궁동,10,0.625,2.5,1,1,13.125,302
다사403448,N/A,0,수궁동,0,0,1,1,1.041,1.041,1548
다사461450,70,70,구로5동,4.868,0,1.5,1,1,6.368,975
다사425437,N/A,0,개봉2동,0,0,2,1,1,2,1402
다사454442,202,202,구로2동,2.113,0.335,2.5,1,1.041,5.150868,1093
다사423455,522,522,고척2동,4.233,0,1.5,1.095,1.041,6.535018035,957
다사439452,512,512,고척1동,0.136,0,3.5,1,1.041,3.785076,1232
다사431432,99,99,개봉3동,3.758,0.415,5,1,1.041,9.549093,709
다사404421,,0,항동,0,0,,1,1,0,1709
다사401454,,0,수궁동,0,0,,1,1,0,1709
다사419425,,0,오류2동,0,0,,1,1.041,0,1709
다사462454,,0,구로5동,0,0,3,1,1,3,1290
다사406427,,0,항동,0,0,,1,1,0,1709
다사444443,,0,구로1동,0,0,2.5,1,1,2.5,1344
다사446447,,0,구로2동,0,0,1.5,1,1,1.5,1461
다사415449,,0,개봉1동,0,0,,1,1,0,1709
다사404429,,0,항동,0,0,1,1,1,1,1564
다사407428,,0,항동,0,0,,1,1,0,1709
다사397419,,0,항동,0,0,1.5,1,1,1.5,1461
다사409422,,0,오류2동,0,0,,1,1,0,1709
다사444452,,0,고척1동,0,0,,1,1,0,1709
다사395439,,0,수궁동,0,0,1.5,1,1,1.5,1461
다사405424,,0,항동,0,0,,1,1,0,1709
다사421422,,0,오류2동,0,0,,1,1,0,1709
다사459460,,0,신도림동,0,0,1,1,1.041,1.041,1548
다사421441,,0,오류1동,0,0,1,1,1,1,1564
다사449459,,0,신도림동,0,0,,1,1,0,1709
다사419434,,0,오류2동,0,0,,1,1,0,1709
다사393442,,0,수궁동,0,0,,1,1,0,1709
다사403430,,0,항동,0,0,,1,1,0,1709
다사440439,,0,개봉2동,0,0,,1,1,0,1709
다사401448,,0,수궁동,0,0,,1,1,0,1709
다사397418,,0,항동,0,0,1.5,1,1,1.5,1461
다사443440,,0,구로1동,0,0,,1,1,0,1709
다사459450,,0,구로5동,0,0,4.5,1,1,4.5,1154
다사403454,,0,수궁동,0,0,,1,1,0,1709
다사405456,,0,수궁동,0,0,,1,1,0,1709
다사439441,,0,고척1동,0,0,5,1,1,5,1107
다사412428,,0,오류2동,0,0,1,1,1,1,1564
다사405455,,0,수궁동,0,0,,1,1,0,1709
다사421456,,0,고척2동,0,0,1.5,1,1,1.5,1461
다사404438,,0,수궁동,0,0,1,1,1,1,1564
다사405454,,0,수궁동,0,0,,1,1,0,1709
다사465428,,0,구로3동,0,0.47,1.5,1,1,1.97,1449
다사420425,,0,오류2동,0,0,,1,1,0,1709
다사398427,,0,항동,0,0,,1,1,0,1709
다사399446,,0,수궁동,0,0,1,1,1,1,1564
다사397421,,0,항동,0,0,,1,1,0,1709
다사407424,,0,항동,0,0,1,1,1,1,1564
다사425433,,0,개봉3동,0,0,,1,1.041,0,1709
다사419423,,0,오류2동,0,0,,1,1,0,1709
다사410421,,0,오류2동,0,0,,1,1,0,1709
다사414419,,0,오류2동,0,0,,1,1,0,1709
다사468423,,0,구로3동,0,0,,1,1,0,1709
다사463446,,0,구로5동,0,0,2,1,1,2,1402
다사445448,,0,구로2동,0,0,1.5,1,1,1.5,1461
다사449440,,0,구로1동,0,0,2,1,1,2,1402
다사407437,,0,오류2동,0,0,1,1,1,1,1564
다사451436,,0,구로1동,0,0,1.5,1,1,1.5,1461
다사448459,,0,신도림동,0,0,,1,1,0,1709
다사415452,,0,개봉1동,0,0,,1,1,0,1709
다사402437,,0,수궁동,0,0,3,1,1,3,1290
다사418429,,0,오류2동,0,0,3,1,1,3,1290
다사466427,,0,구로3동,0,0.11,1.5,1,1,1.61,1453
다사409426,,0,오류2동,0,0,,1,1,0,1709
다사450437,,0,구로1동,0,0,2,1,1,2,1402
다사424437,,0,오류2동,0,0,,1,1,0,1709
다사444442,,0,구로1동,0,0,1.5,1,1,1.5,1461
다사444450,,0,고척1동,0,0,,1,1,0,1709
다사406424,,0,항동,0,0,,1,1,0,1709
다사402450,,0,수궁동,0,0,,1,1,0,1709
다사411421,,0,오류2동,0,0,,1,1,0,1709
다사405425,,0,항동,0,0,,1,1,0,1709
다사401451,,0,수궁동,0,0,1,1,1,1,1564
다사404432,,0,항동,0,0,1.5,1,1,1.5,1461
다사460446,,0,구로5동,0,0,3.5,1,1,3.5,1244
다사443449,,0,구로2동,0,0,1.5,1,1,1.5,1461
다사415447,,0,개봉1동,0,0,1.5,1,1.041,1.5615,1455
다사427452,,0,고척2동,0,0,1,1,1,1,1564
다사427458,,0,고척2동,0,0,,1,1,0,1709
다사426458,,0,고척2동,0,0,,1,1,0,1709
다사460459,,0,신도림동,0,0,3,1,1.041,3.123,1283
다사399424,,0,항동,0,0,,1,1,0,1709
다사409427,,0,오류2동,0,0,,1,1,0,1709
다사454447,,0,구로5동,0,0,4.5,1,1,4.5,1154
다사410444,,0,수궁동,0,0,,1,1,0,1709
다사446455,,0,신도림동,0,0,,1,1,0,1709
다사432431,,0,개봉3동,0,0,,1,1,0,1709
다사444437,,0,구로1동,0,0,,1,1,0,1709
다사450435,,0,구로1동,0,0,1,1,1,1,1564
다사412437,,0,오류2동,0,0,1,1,1,1,1564
다사447446,,0,구로2동,0,0,3,1,1,3,1290
다사439442,,0,고척1동,0,0,1,1,1,1,1564
다사412446,,0,오류1동,0,0,,1,1,0,1709
다사414449,,0,개봉1동,0,0,,1,1,0,1709
다사403427,,0,항동,0,0,2,1,1,2,1402
다사450445,,0,구로1동,0,0,1,1,1,1,1564
다사436436,,0,개봉3동,0,0,,1,1,0,1709
다사445447,,0,구로2동,0,0,1.5,1,1,1.5,1461
다사406435,,0,오류2동,0,0,,1,1,0,1709
다사423427,,0,개봉3동,0,0,3.5,1,1,3.5,1244
다사451461,,0,신도림동,0,0,2.5,1,1,2.5,1344
다사413424,,0,오류2동,0,0,,1,1,0,1709
다사437453,,0,고척1동,0,0,,1,1,0,1709
다사431457,,0,고척2동,0,0,1,1,1,1,1564
다사412449,,0,수궁동,0,0,1,1,1,1,1564
다사404449,,0,수궁동,0,0,,1,1,0,1709
다사405436,,0,오류2동,0,0,1,1,1,1,1564
다사410430,,0,오류2동,0,0,,1,1,0,1709
다사463448,,0,구로5동,0,0,,1,1,0,1709
다사452463,,0,신도림동,0,0,,1,1,0,1709
다사404440,,0,수궁동,0,0,1,1,1,1,1564
다사414427,,0,오류2동,0,0,3.5,1,1,3.5,1244
다사411445,,0,수궁동,0,0,,1,1,0,1709
다사415421,,0,오류2동,0,0,,1,1,0,1709
다사445434,,0,구로1동,0,0,1,1,1,1,1564
다사403421,,0,항동,0,0,1.5,1,1,1.5,1461
다사411446,,0,수궁동,0,0,,1,1,0,1709
다사397445,,0,수궁동,0,0,,1,1,0,1709
다사415420,,0,오류2동,0,0,,1,1,0,1709
다사468429,,0,구로3동,0,0.135,4,1,1,4.135,1186
다사420441,,0,오류1동,0,0,1,1,1,1,1564
다사436449,,0,고척1동,0,0,3.5,1,1,3.5,1244
다사411420,,0,오류2동,0,0,,1,1,0,1709
다사422426,,0,오류2동,0,0,,1,1,0,1709
다사447447,,0,구로2동,0,0,2.5,1,1,2.5,1344
다사449448,,0,구로2동,0,0,2.5,1,1,2.5,1344
다사457426,,0,가리봉동,0,0,,1,1,0,1709
다사393444,,0,수궁동,0,0,,1,1,0,1709
다사443445,,0,구로2동,0,0,,1,1,0,1709
다사405440,,0,수궁동,0,0,1,1,1,1,1564
다사398449,,0,수궁동,0,0,,1,1,0,1709
다사463444,,0,구로5동,0,0,2.5,1,1.041,2.6025,1334
다사421425,,0,오류2동,0,0,,1,1,0,1709
다사464444,,0,구로5동,0,0,,1,1,0,1709
다사465439,,0,구로4동,0,0,2,1,1,2,1402
다사405422,,0,항동,0,0,1.5,1,1,1.5,1461
다사402446,,0,수궁동,0,0,,1,1,0,1709
다사470427,,0,구로3동,0,0,4.5,1,1,4.5,1154
다사447457,,0,신도림동,0,0,,1,1,0,1709
다사447449,,0,구로2동,0,0.625,1.5,1,1,2.125,1399
다사461455,,0,구로5동,0,0,4,1,1,4,1198
다사395421,,0,항동,0,0,1.5,1,1,1.5,1461
다사415432,,0,오류2동,0,0,2,1,1,2,1402
다사465426,,0,구로3동,0,1.43,1.5,1,1,2.93,1323
다사411429,,0,오류2동,0,0,,1,1,0,1709
다사401441,,0,수궁동,0,0,,1,1,0,1709
다사399440,,0,수궁동,0,0,,1,1,0,1709
다사443439,,0,구로1동,0,0,,1,1,0,1709
다사433448,,0,고척1동,0,0,4,1,1,4,1198
다사445444,,0,구로1동,0,0,2.5,1,1,2.5,1344
다사439443,,0,고척1동,0,0,1,1,1,1,1564
다사458461,,0,신도림동,0,0,,1,1,0,1709
다사444447,,0,구로2동,0,0,,1,1,0,1709
다사407455,,0,수궁동,0,0,1,1,1,1,1564
다사421433,,0,오류2동,0,0,2.5,1,1,2.5,1344
다사465429,,0,구로3동,0,0,4,1,1,4,1198
다사409452,,0,수궁동,0,0,,1,1,0,1709
다사444436,,0,구로1동,0,0,,1,1,0,1709
다사423436,,0,오류2동,0,0,1.5,1,1,1.5,1461
다사447450,,0,구로2동,0,0,1.5,1,1,1.5,1461
다사408437,,0,오류2동,0,0,2,1,1,2,1402
다사423430,,0,개봉3동,0,0,1,1,1,1,1564
다사406425,,0,항동,0,0,,1,1,0,1709
다사447456,,0,신도림동,0,0,1,1,1,1,1564
다사401447,,0,수궁동,0,0,,1,1,0,1709
다사454462,,0,신도림동,0,0,2,1,1,2,1402
다사429444,,0,개봉1동,0,0,2.5,1,1,2.5,1344
다사450464,,0,신도림동,0,0,,1,1,0,1709
다사393440,,0,수궁동,0,0,1.5,1,1,1.5,1461
다사418453,,0,개봉1동,0,0,1.5,1,1,1.5,1461
다사442446,,0,구로2동,0,0,3,1,1,3,1290
다사405437,,0,수궁동,0,0,2,1,1,2,1402
다사430458,,0,고척2동,0,0,,1,1,0,1709
다사408425,,0,항동,0,0,,1,1,0,1709
다사463456,,0,구로5동,0,0,,1,1,0,1709
다사444438,,0,구로1동,0,0,,1,1,0,1709
다사411438,,0,오류2동,0,0,1.5,1,1,1.5,1461
다사450441,,0,구로1동,0,0,,1,1,0,1709
다사460460,,0,신도림동,0,0,,1,1,0,1709
다사464426,,0,구로3동,0,0,1.5,1,1,1.5,1461
다사463445,,0,구로5동,0,0,,1,1,0,1709
다사444441,,0,구로1동,0,0.75,5,1,1,5.75,1029
다사401442,,0,수궁동,0,0,2,1,1,2,1402
다사411428,,0,오류2동,0,0,1,1,1,1,1564
다사450436,,0,구로1동,0,0,1,1,1,1,1564
다사442436,,0,구로1동,0,0,,1,1,0,1709
다사407456,,0,수궁동,0,0,,1,1,0,1709
다사420419,,0,오류2동,0,0,1,1,1,1,1564
다사443450,,0,고척1동,0,0,1.5,1,1,1.5,1461
다사410450,,0,수궁동,0,0,1,1,1,1,1564
다사401456,,0,수궁동,0,0,,1,1,0,1709
다사459456,,0,신도림동,0,0,4,1,1,4,1198
다사419422,,0,오류2동,0,0,1,1,1,1,1564
다사444453,,0,고척1동,0,0,,1,1,0,1709
다사462458,,0,신도림동,0,0,,1,1,0,1709
다사446445,,0,구로2동,0,0,2.5,1,1,2.5,1344
다사441440,,0,개봉2동,0,0,,1,1,0,1709
다사401453,,0,수궁동,0,0,,1,1,0,1709
다사402420,,0,항동,0,0,,1,1,0,1709
다사402453,,0,수궁동,0,0,,1,1,0,1709
다사466435,,0,구로3동,0,0,,1,1,0,1709
다사451440,,0,구로1동,0,0,,1,1.041,0,1709
다사422436,,0,오류2동,0,0,1,1,1,1,1564
다사429429,,0,개봉3동,0,0,2,1,1,2,1402
다사412419,,0,오류2동,0,0,,1,1,0,1709
다사438437,,0,개봉2동,0,0,,1,1,0,1709
다사461423,,0,가리봉동,0,0,,1,1,0,1709
다사413421,,0,오류2동,0,0,,1,1,0,1709
다사421419,,0,오류2동,0,0,,1,1,0,1709
다사421436,,0,오류2동,0,0,1,1,1,1,1564
다사463427,,0,구로3동,0,0,3,1,1,3,1290
다사402428,,0,항동,0,0,,1,1,0,1709
다사404451,,0,수궁동,0,0,1,1,1,1,1564
다사461453,,0,구로5동,0,0,5,1,1,5,1107
다사398419,,0,항동,0,0,,1,1,0,1709
다사450460,,0,신도림동,0,0,1,1,1,1,1564
다사412436,,0,오류2동,0,0,1,1,1,1,1564
다사411418,,0,오류2동,0,0,,1,1,0,1709
다사413423,,0,오류2동,0,0,,1,1,0,1709
다사418440,,0,오류1동,0,0,3.5,1,1,3.5,1244
다사433446,,0,고척1동,0,0,,1,1,0,1709
다사409424,,0,항동,0,0,1,1,1,1,1564
다사462431,,0,구로3동,0,0,3,1,1,3,1290
다사406449,,0,수궁동,0,0,1,1,1,1,1564
다사454460,,0,신도림동,0,0,2.5,1,1,2.5,1344
다사441439,,0,개봉2동,0,0,,1,1,0,1709
다사442439,,0,구로1동,0,0,,1,1,0,1709
다사408431,,0,오류2동,0,0,,1,1,0,1709
다사400455,,0,수궁동,0,0,,1,1,0,1709
다사406457,,0,수궁동,0,0,,1,1,0,1709
다사444448,,0,구로2동,0,0,,1,1,0,1709
다사402430,,0,항동,0,0,,1,1,0,1709
다사407434,,0,오류2동,0,0,1,1,1,1,1564
다사413437,,0,오류2동,0,0,1,1,1,1,1564
다사452449,,0,구로2동,0,0,3,1,1,3,1290
다사396421,,0,항동,0,0,1.5,1,1,1.5,1461
다사456427,,0,가리봉동,0,0,,1,1,0,1709
다사435455,,0,고척2동,0,0,1,1,1,1,1564
다사446454,,0,신도림동,0,0,,1,1,0,1709
다사410443,,0,수궁동,0,0,,1,1,0,1709
다사465438,,0,구로4동,0,0,3.5,1,1,3.5,1244
다사419418,,0,오류2동,0,0,1,1,1,1,1564
다사402456,,0,수궁동,0,0,,1,1,0,1709
다사404442,,0,수궁동,0,0,1,1,1,1,1564
다사445445,,0,구로2동,0,0,2.5,1,1,2.5,1344
다사401446,,0,수궁동,0,0,,1,1,0,1709
다사422437,,0,오류2동,0,0,1,1,1.041,1.041,1548
다사451462,,0,신도림동,0,0,,1,1,0,1709
다사405451,,0,수궁동,0,0,1,1,1,1,1564
다사423434,,0,개봉3동,0,0,,1,1,0,1709
다사439439,,0,개봉2동,0,0,,1,1,0,1709
다사467433,,0,구로3동,0,0,,1,1,0,1709
다사411448,,0,수궁동,0,0,,1,1,0,1709
다사437444,,0,고척1동,0,0.625,5,1,1,5.625,1037
다사409423,,0,항동,0,0,,1,1,0,1709
다사423431,,0,개봉3동,0,0,1,1,1,1,1564
다사413439,,0,오류2동,0,0,2.5,1,1,2.5,1344
다사434444,,0,고척1동,0,0,,1,1,0,1709
다사399441,,0,수궁동,0,0,,1,1,0,1709
다사463447,,0,구로5동,0,0,1,1,1,1,1564
다사422456,,0,고척2동,0,0,1.5,1,1,1.5,1461
다사418431,,0,오류2동,0,0,,1,1,0,1709
다사396423,,0,항동,0,0,,1,1,0,1709
다사416451,,0,개봉1동,0,0,,1,1,0,1709
다사423432,,0,개봉3동,0,0,,1,1,0,1709
다사425443,,0,개봉1동,0,0,1.5,1,1,1.5,1461
다사403451,,0,수궁동,0,0,,1,1,0,1709
다사402448,,0,수궁동,0,0,,1,1,0,1709
다사394439,,0,수궁동,0,0,1.5,1,1,1.5,1461
다사411422,,0,오류2동,0,0,,1,1,0,1709
다사398443,,0,수궁동,0,0,2.5,1,1.041,2.6025,1334
다사425444,,0,개봉1동,0,0,,1,1,0,1709
다사445438,,0,구로1동,0,0,1.5,1,1,1.5,1461
다사404455,,0,수궁동,0,0,,1,1,0,1709
다사463451,,0,구로5동,0,0,3.5,1,1.041,3.6435,1238
다사422429,,0,오류2동,0,0,1,1,1.041,1.041,1548
다사413420,,0,오류2동,0,0,,1,1,0,1709
다사464443,,0,구로4동,0,0,,1,1,0,1709
다사408423,,0,항동,0,0,1,1,1,1,1564
다사416448,,0,개봉1동,0,0,3.5,1,1,3.5,1244
다사451454,,0,신도림동,0,0,3.5,1,1,3.5,1244
다사453465,,0,신도림동,0,0,,1,1,0,1709
다사420452,,0,개봉1동,0,0,2.5,1,1,2.5,1344
다사395422,,0,항동,0,0,1.5,1,1,1.5,1461
다사449444,,0,구로1동,0,0,,1,1,0,1709
다사403445,,0,수궁동,0,0,,1,1,0,1709
다사453455,,0,신도림동,0,0,5,1,1,5,1107
다사452451,,0,구로2동,0,0.035,4,1,1,4.035,1194
다사397437,,0,수궁동,0,0,,1,1,0,1709
다사445449,,0,구로2동,0,0,,1,1,0,1709
다사406433,,0,오류2동,0,0,,1,1,0,1709
다사446436,,0,구로1동,0,0,,1,1,0,1709
다사407422,,0,항동,0,0,,1,1,0,1709
다사417419,,0,오류2동,0,0,,1,1,0,1709
다사430430,,0,개봉3동,0,0,,1,1,0,1709
다사414450,,0,개봉1동,0,0,,1,1,0,1709
다사395444,,0,수궁동,0,0,,1,1,0,1709
다사407430,,0,항동,0,0,,1,1,0,1709
다사419419,,0,오류2동,0,0,,1,1,0,1709
다사421420,,0,오류2동,0,0,,1,1,0,1709
다사425457,,0,고척2동,0,0,,1,1,0,1709
다사414424,,0,오류2동,0,0,3,1,1,3,1290
다사424445,,0,개봉1동,0,0,,1,1.041,0,1709
다사447451,,0,구로2동,0,0,1.5,1,1,1.5,1461
다사447455,,0,신도림동,0,0,1,1,1,1,1564
다사408430,,0,오류2동,0,0,,1,1,0,1709
다사408427,,0,항동,0,0,,1,1,0,1709
다사471430,,0,구로3동,0,0,3.5,1,1,3.5,1244
다사451447,,0,구로2동,0,0,,1,1,0,1709
다사402455,,0,수궁동,0,0,,1,1,0,1709
다사420422,,0,오류2동,0,0,1,1,1,1,1564
다사450438,,0,구로1동,0,0,4.5,1,1,4.5,1154
다사400453,,0,수궁동,0,0,,1,1,0,1709
다사439445,,0,고척1동,0,0,1.5,1,1.041,1.5615,1455
다사446440,,0,구로1동,0,0,1.5,1,1,1.5,1461
다사408451,,0,수궁동,0,0,,1,1,0,1709
다사395438,,0,수궁동,0,0,1.5,1,1,1.5,1461
다사440444,,0,고척1동,0,0,1,1,1,1,1564
다사412426,,0,오류2동,0,0,,1,1,0,1709
다사413422,,0,오류2동,0,0,,1,1,0,1709
다사412423,,0,오류2동,0,0,,1,1,0,1709
다사412418,,0,오류2동,0,0,,1,1,0,1709
다사416453,,0,개봉1동,0,0,,1,1,0,1709
다사437438,,0,개봉2동,0,0,,1,1,0,1709
다사464428,,0,구로3동,0,0,3,1,1,3,1290
다사416450,,0,개봉1동,0,0,1,1,1,1,1564
다사400432,,0,항동,0,0,2.5,1,1,2.5,1344
다사420421,,0,오류2동,0,0,1,1,1,1,1564
다사427444,,0,개봉1동,0,0,3.5,1,1.041,3.6435,1238
다사442445,,0,구로2동,0,0,,1,1,0,1709
다사443451,,0,고척1동,0,0,1,1,1,1,1564
다사464445,,0,구로5동,0,0,,1,1,0,1709
다사406448,,0,수궁동,0,0,2,1,1,2,1402
다사422435,,0,오류2동,0,0,1,1,1,1,1564
다사412422,,0,오류2동,0,0,,1,1,0,1709
다사457462,,0,신도림동,0,0,,1,1,0,1709
다사401426,,0,항동,0,0,2,1,1,2,1402
다사451451,,0,구로2동,0,0,2,1,1,2,1402
다사446453,,0,구로2동,0,0,1.5,1,1,1.5,1461
다사424429,,0,개봉3동,0,0,,1,1,0,1709
다사456458,,0,신도림동,0,0,3.5,1,1,3.5,1244
다사427451,,0,고척2동,0,0,4,1,1,4,1198
다사402452,,0,수궁동,0,0,,1,1,0,1709
다사407429,,0,항동,0,0,,1,1,0,1709
다사422433,,0,개봉3동,0,0,,1,1,0,1709
다사450465,,0,신도림동,0,0,,1,1,0,1709
다사404453,,0,수궁동,0,0,,1,1,0,1709
다사444449,,0,구로2동,0,0,,1,1,0,1709
다사442437,,0,구로1동,0,0,,1,1,0,1709
다사409449,,0,수궁동,0,0,,1,1,0,1709
다사416421,,0,오류2동,0,0,,1,1,0,1709
다사472429,,0,구로3동,0,0,,1,1,0,1709
다사407426,,0,항동,0,0,,1,1,0,1709
다사446434,,0,구로1동,0,0,1,1,1,1,1564
다사464425,,0,구로3동,0,0,3.5,1,1,3.5,1244
다사427453,,0,고척2동,0,0,1,1,1,1,1564
다사417426,,0,오류2동,0,0,2.5,1,1,2.5,1344
다사448446,,0,구로2동,0,0,2.5,1,1,2.5,1344
다사395440,,0,수궁동,0,0,3,1,1,3,1290
다사461448,,0,구로5동,0,0,3.5,1,1,3.5,1244
다사449450,,0,구로2동,0,0,1.5,1,1,1.5,1461
다사456462,,0,신도림동,0,0,,1,1,0,1709
다사450461,,0,신도림동,0,0,,1,1,0,1709
다사461456,,0,신도림동,0,0,4,1,1,4,1198
다사431456,,0,고척2동,0,0,,1,1.041,0,1709
다사440446,,0,고척1동,0,0.715,1.5,1,1,2.215,1393
다사404420,,0,항동,0,0,,1,1,0,1709
다사417421,,0,오류2동,0,0,2.5,1,1,2.5,1344
다사394418,,0,항동,0,0,,1,1,0,1709
다사407425,,0,항동,0,0,,1,1,0,1709
다사425426,,0,개봉3동,0,0,,1,1,0,1709
다사403456,,0,수궁동,0,0,,1,1,0,1709
다사392442,,0,수궁동,0,0,,1,1,0,1709
다사416430,,0,오류2동,0,0,4.5,1,1,4.5,1154
다사406451,,0,수궁동,0,0,1,1,1,1,1564
다사419432,,0,오류2동,0,0,,1,1,0,1709
다사397424,,0,항동,0,0,,1,1,0,1709
다사406454,,0,수궁동,0,0,1,1,1.041,1.041,1548
다사437437,,0,개봉2동,0,0,2.5,1,1.041,2.6025,1334
다사428427,,0,개봉3동,0,0,2,1,1,2,1402
다사450431,,0,구로1동,0,0,,1,1,0,1709
다사451437,,0,구로1동,0,0,1,1,1,1,1564
다사409445,,0,수궁동,0,0,1.5,1,1,1.5,1461
다사407421,,0,항동,0,0,,1,1,0,1709
다사451445,,0,구로2동,0,0,3.5,1,1,3.5,1244
다사400445,,0,수궁동,0,0,2,1,1,2,1402
다사395445,,0,수궁동,0,0,,1,1,0,1709
다사408453,,0,수궁동,0,0,,1,1,0,1709
다사435435,,0,개봉3동,0,0,,1,1,0,1709
다사413430,,0,오류2동,0,0,,1,1,0,1709
다사461459,,0,신도림동,0,0,,1,1,0,1709
다사461430,,0,구로3동,0,0,1.5,1,1,1.5,1461
다사469425,,0,구로3동,0,0,1,1,1,1,1564
다사462445,,0,구로5동,0,0,5,1,1,5,1107
다사411437,,0,오류2동,0,0,1,1,1,1,1564
다사441443,,0,고척1동,0,0,,1,1,0,1709
다사420430,,0,오류2동,0,0,,1,1,0,1709
다사405442,,0,수궁동,0,0,1.5,1,1,1.5,1461
다사446456,,0,신도림동,0,0,,1,1,0,1709
다사421431,,0,개봉3동,0,0,,1,1,0,1709
다사447448,,0,구로2동,0,0,1.5,1,1,1.5,1461
다사466436,,0,구로3동,0,0,,1,1,0,1709
다사408429,,0,항동,0,0,,1,1,0,1709
다사406434,,0,오류2동,0,0,,1,1,0,1709
다사420436,,0,오류2동,0,0,2.5,1,1.041,2.6025,1334
다사458441,,0,구로2동,0,0,2,1,1,2,1402
다사405420,,0,항동,0,0,,1,1,0,1709
다사450443,,0,구로1동,0,0,,1,1,0,1709
다사449462,,0,신도림동,0,0,,1,1,0,1709
다사418432,,0,오류2동,0,0,,1,1,0,1709
다사403429,,0,항동,0,0,,1,1,0,1709
다사403447,,0,수궁동,0,0,,1,1,0,1709
다사419420,,0,오류2동,0,0,1,1,1,1,1564
다사448462,,0,신도림동,0,0,,1,1,0,1709
다사464452,,0,구로5동,0,0,,1,1,0,1709
다사405434,,0,오류2동,0,0,1,1,1,1,1564
다사453464,,0,신도림동,0,0,,1,1,0,1709
다사450440,,0,구로1동,0,0,,1,1,0,1709
다사428459,,0,고척2동,0,0,,1,1,0,1709
다사400449,,0,수궁동,0,0,,1,1,0,1709
다사434434,,0,개봉3동,0,0,1,1,1,1,1564
다사407453,,0,수궁동,0,0,,1,1,0,1709
다사435443,,0,개봉1동,0,0.415,3.5,1,1,3.915,1226
다사396439,,0,수궁동,0,0,2,1,1,2,1402
다사441450,,0,고척1동,0,0,1,1,1,1,1564
다사409429,,0,오류2동,0,0,,1,1,0,1709
다사448451,,0,구로2동,0,0,1.5,1,1,1.5,1461
다사403452,,0,수궁동,0,0,,1,1,0,1709
다사420434,,0,오류2동,0,0,,1,1,0,1709
다사417420,,0,오류2동,0,0,,1,1,0,1709
다사469431,,0,구로3동,0,0,4,1,1,4,1198
다사410425,,0,오류2동,0,0,,1,1,0,1709
다사421432,,0,개봉3동,0,0,,1,1,0,1709
다사402454,,0,수궁동,0,0,,1,1,0,1709
다사406422,,0,항동,0,0,,1,1,0,1709
다사395418,,0,항동,0,0,,1,1,0,1709
다사398447,,0,수궁동,0,0,,1,1,0,1709
다사446458,,0,신도림동,0,0,,1,1,0,1709
다사425434,,0,개봉3동,0,0,1.5,1,1,1.5,1461
다사439437,,0,개봉2동,0,0,,1,1,0,1709
다사456455,,0,신도림동,0,1.25,5,1,1.041,6.50625,962
다사451450,,0,구로2동,0,0,4,1,1,4,1198
다사454464,,0,신도림동,0,0,,1,1,0,1709
다사407454,,0,수궁동,0,0,1,1,1,1,1564
다사460449,,0,구로5동,0,0,5,1,1,5,1107
다사422430,,0,개봉3동,0,0,,1,1,0,1709
다사435447,,0,고척1동,0,0,1,1,1,1,1564
다사429457,,0,고척2동,0,0,,1,1,0,1709
다사408450,,0,수궁동,0,0,,1,1,0,1709
다사424438,,0,오류2동,0,0,,1,1.041,0,1709
다사434448,,0,고척1동,0,0,4,1,1.041,4.164,1181
다사446449,,0,구로2동,0,0,1.5,1,1,1.5,1461
다사447435,,0,구로1동,0,0,,1,1,0,1709
다사449447,,0,구로2동,0,0,2.5,1,1,2.5,1344
다사432446,,0,고척1동,0,0,,1,1,0,1709
다사463455,,0,구로5동,0,0,2.5,1,1,2.5,1344
다사427459,,0,,0,0,,1,1,0,1709
다사464453,,0,구로5동,0,0,,1,1,0,1709
다사452466,,0,신도림동,0,0,,1,1,0,1709
다사444444,,0,구로2동,0,0,,1,1,0,1709
다사412424,,0,오류2동,0,0,,1,1,0,1709
다사429458,,0,고척2동,0,0,,1,1,0,1709
다사448460,,0,신도림동,0,0,,1,1,0,1709
다사422457,,0,고척2동,0,0,,1,1,0,1709
다사400425,,0,항동,0,0,1.5,1,1,1.5,1461
다사413449,,0,개봉1동,0,0,,1,1,0,1709
다사451434,,0,구로1동,0,0,1,1,1,1,1564
다사441441,,0,구로1동,0,0,,1,1,0,1709
다사406450,,0,수궁동,0,0,1,1,1,1,1564
다사404454,,0,수궁동,0,0,,1,1,0,1709
다사413419,,0,오류2동,0,0,,1,1,0,1709
다사424439,,0,개봉2동,0,0,3,1,1,3,1290
다사444446,,0,구로2동,0,0,2.5,1,1,2.5,1344
다사451464,,0,신도림동,0,0,,1,1,0,1709
다사411419,,0,오류2동,0,0,,1,1,0,1709
다사459455,,0,신도림동,0,0.04,4,1,1,4.04,1193
다사434433,,0,개봉3동,0,0,,1,1,0,1709
다사454429,,0,가리봉동,0,0,1,1,1,1,1564
다사410445,,0,수궁동,0,0,,1,1,0,1709
다사448434,,0,구로1동,0,0,,1,1,0,1709
다사396417,,0,항동,0,0,,1,1,0,1709
다사405433,,0,항동,0,0,,1,1,0,1709
다사453448,,0,구로2동,0,0,3,1,1,3,1290
다사403433,,0,항동,0,0,1,1,1,1,1564
다사398448,,0,수궁동,0,0,,1,1,0,1709
다사401428,,0,항동,0,0,1,1,1,1,1564
다사411430,,0,오류2동,0,0,,1,1,0,1709
다사412447,,0,수궁동,0,0,,1,1,0,1709
다사465430,,0,구로3동,0,0,4,1,1,4,1198
다사419421,,0,오류2동,0,0,1,1,1,1,1564
다사464429,,0,구로3동,0,0,3,1,1,3,1290
다사423457,,0,고척2동,0,0,,1,1,0,1709
다사444439,,0,구로1동,0,0,1.5,1,1.041,1.5615,1455
다사414420,,0,오류2동,0,0,,1,1,0,1709
다사451435,,0,구로1동,0,0,1,1,1,1,1564
다사447458,,0,신도림동,0,0,,1,1,0,1709
다사402427,,0,항동,0,0,1,1,1.041,1.041,1548
다사399432,,0,항동,0,0,,1,1,0,1709
다사470430,,0,구로3동,0,0,3.5,1,1,3.5,1244
다사424435,,0,개봉3동,0,0,,1,1,0,1709
다사406430,,0,항동,0,0,,1,1,0,1709
다사440440,,0,개봉2동,0,0,,1,1,0,1709
다사453447,,0,구로2동,0,0,1,1,1,1,1564
다사436439,,0,개봉2동,0,0,4,1,1,4,1198
다사446448,,0,구로2동,0,0,1.5,1,1,1.5,1461
다사425442,,0,오류1동,0,0,2.5,1,1,2.5,1344
다사451432,,0,구로1동,0,0,,1,1,0,1709
다사406432,,0,오류2동,0,0,1.5,1,1,1.5,1461
다사419441,,0,오류1동,0,0,3,1,1,3,1290
다사398441,,0,수궁동,0,0,,1,1.041,0,1709
다사420424,,0,오류2동,0,0,,1,1,0,1709
다사408454,,0,수궁동,0,0,,1,1,0,1709
다사415448,,0,개봉1동,0,0,,1,1,0,1709
다사443435,,0,구로1동,0,0,,1,1,0,1709
다사446457,,0,신도림동,0,0,,1,1,0,1709
다사441451,,0,고척1동,0,0,2.5,1,1,2.5,1344
다사441445,,0,고척1동,0,0,1.5,1,1,1.5,1461
다사399437,,0,수궁동,0,0,2.5,1,1,2.5,1344
다사398425,,0,항동,0,0,1.5,1,1,1.5,1461
다사412450,,0,수궁동,0,0,,1,1.041,0,1709
다사410424,,0,오류2동,0,0,,1,1,0,1709
다사466430,,0,구로3동,0,0.11,3,1,1,3.11,1287
다사443443,,0,구로2동,0,0,2.5,1,1,2.5,1344
다사426457,,0,고척2동,0,0,1,1,1,1,1564
다사416420,,0,오류2동,0,0,,1,1,0,1709
다사396441,,0,수궁동,0,0,2,1,1,2,1402
다사425456,,0,고척2동,0,0,1.5,1,1,1.5,1461
다사396420,,0,항동,0,0,,1,1,0,1709
다사467428,,0,구로3동,0,0.215,3,1,1,3.215,1278
다사396422,,0,항동,0,0,1.5,1,1,1.5,1461
다사421435,,0,오류2동,0,0,1,1,1,1,1564
다사451438,,0,구로1동,0,0,4.5,1,1.041,4.6845,1143
다사467429,,0,구로3동,0,0,1.5,1,1,1.5,1461
다사425445,,0,개봉1동,0,0,2,1,1,2,1402
다사443436,,0,구로1동,0,0,,1,1,0,1709
다사405426,,0,항동,0,0,,1,1,0,1709
다사420432,,0,개봉3동,0,0,,1,1,0,1709
다사394421,,0,항동,0,0,1.5,1,1,1.5,1461
다사413450,,0,개봉1동,0,0,,1,1,0,1709
다사392443,,0,수궁동,0,0,,1,1,0,1709
다사408428,,0,항동,0,0,,1,1,0,1709
다사449443,,0,구로1동,0,0,,1,1,0,1709
다사447459,,0,신도림동,0,0,,1,1,0,1709
다사445446,,0,구로2동,0,0,2.5,1,1,2.5,1344
다사428458,,0,고척2동,0,0,,1,1,0,1709
다사437439,,0,개봉2동,0,0,1.5,1,1,1.5,1461
다사453461,,0,신도림동,0,0,,1,1,0,1709
다사467423,,0,구로3동,0,0,,1,1,0,1709
다사425458,,0,고척2동,0,0,,1,1,0,1709
다사408426,,0,항동,0,0,,1,1,0,1709
다사424434,,0,개봉3동,0,0,1,1,1,1,1564
다사460455,,0,구로5동,0,0,4.5,1,1,4.5,1154
다사456454,,0,신도림동,0,0.665,4,1,1,4.665,1145
다사393419,,0,항동,0,0,,1,1,0,1709
다사408424,,0,항동,0,0,1,1,1,1,1564
다사453460,,0,신도림동,0,0,4,1,1,4,1198
다사400431,,0,항동,0,0,2.5,1,1,2.5,1344
다사450439,,0,구로1동,0,0,3,1,1,3,1290
다사405438,,0,오류2동,0,0,1,1,1,1,1564
다사438440,,0,개봉1동,0,0,5,1,1,5,1107
다사459461,,0,신도림동,0,0,,1,1,0,1709
다사440441,,0,개봉1동,0,0,5,1,1,5,1107
다사448433,,0,구로1동,0,0,,1,1,0,1709
다사446446,,0,구로2동,0,0,2.5,1,1,2.5,1344
다사450444,,0,구로1동,0,0,,1,1,0,1709
다사433457,,0,고척2동,0,0,,1,1,0,1709
다사454455,,0,신도림동,0,0,1,1,1,1,1564
다사427457,,0,고척2동,0,0,,1,1,0,1709
다사451433,,0,구로1동,0,0,1.5,1,1,1.5,1461
다사425435,,0,개봉3동,0,0,,1,1,0,1709
다사420420,,0,오류2동,0,0,1,1,1,1,1564
다사455438,,0,구로2동,0,0,3.5,1,1,3.5,1244
다사393445,,0,수궁동,0,0,,1,1,0,1709
다사405431,,0,항동,0,0,1,1,1,1,1564
다사410431,,0,오류2동,0,0,,1,1,0,1709
다사409428,,0,오류2동,0,0,,1,1,0,1709
다사442450,,0,고척1동,0,0,1,1,1,1,1564
다사432458,,0,고척2동,0,0,,1,1,0,1709
다사401449,,0,수궁동,0,0,,1,1,0,1709
다사398420,,0,항동,0,0,,1,1,0,1709
다사396445,,0,수궁동,0,0,,1,1,0,1709
다사457461,,0,신도림동,0,0,1.5,1,1,1.5,1461
다사448447,,0,구로2동,0,0,2.5,1,1,2.5,1344
다사394443,,0,수궁동,0,0,,1,1,0,1709
다사468432,,0,구로3동,0,0,,1,1,0,1709
다사461457,,0,신도림동,0,0,2.5,1,1,2.5,1344
다사466431,,0,구로3동,0,0,3,1,1,3,1290
다사443444,,0,구로2동,0,0,,1,1,0,1709
다사446459,,0,신도림동,0,0,,1,1,0,1709
다사410422,,0,오류2동,0,0,,1,1,0,1709
다사413428,,0,오류2동,0,0,1.5,1,1.041,1.5615,1455
다사419424,,0,오류2동,0,0,,1,1,0,1709
다사402451,,0,수궁동,0,0,,1,1,0,1709
다사451465,,0,신도림동,0,0,,1,1,0,1709
다사410452,,0,수궁동,0,0,,1,1,0,1709
다사411447,,0,수궁동,0,0,,1,1,0,1709
다사410426,,0,오류2동,0,0,,1,1,0,1709
다사399448,,0,수궁동,0,0,,1,1,0,1709
다사433447,,0,고척1동,0,0,,1,1.041,0,1709
다사414447,,0,오류1동,0,0,,1,1,0,1709
다사443438,,0,구로1동,0,0,,1,1,0,1709
다사403444,,0,수궁동,0,0,1,1,1,1,1564
다사413451,,0,,0,0,,1,1,0,1709
다사400450,,0,수궁동,0,0,,1,1,0,1709
다사440443,,0,고척1동,0,0,1,1,1,1,1564
다사448458,,0,신도림동,0,0,,1,1,0,1709
다사420431,,0,오류2동,0,0,,1,1,0,1709
다사416452,,0,개봉1동,0,0,,1,1,0,1709
다사414428,,0,오류2동,0,0,3,1,1,3,1290
다사442451,,0,고척1동,0,0,1,1,1,1,1564
다사421434,,0,오류2동,0,0,1,1,1,1,1564
다사400441,,0,수궁동,0,0,,1,1,0,1709
다사470426,,0,구로3동,0,0,,1,1,0,1709
다사393441,,0,수궁동,0,0,2,1,1,2,1402
다사450446,,0,구로1동,0,0,1.5,1,1,1.5,1461
다사461444,,0,구로5동,0,0,5,1,1,5,1107
다사409451,,0,수궁동,0,0,,1,1,0,1709
다사458456,,0,신도림동,0,0,5,1,1,5,1107
다사398446,,0,수궁동,0,0,,1,1.041,0,1709
다사416447,,0,개봉1동,0,0,2.5,1,1,2.5,1344
다사400436,,0,수궁동,0,0,3.5,1,1,3.5,1244
다사449461,,0,신도림동,0,0,,1,1,0,1709
다사418433,,0,오류2동,0,0,,1,1,0,1709
다사443447,,0,구로2동,0,0,,1,1,0,1709
다사443441,,0,구로1동,0,0,,1,1,0,1709
다사412448,,0,수궁동,0,0,,1,1,0,1709
다사452464,,0,신도림동,0,0,,1,1,0,1709
다사420423,,0,오류2동,0,0,,1,1,0,1709
다사394441,,0,수궁동,0,0,2,1,1,2,1402
다사449441,,0,구로1동,0,0,2,1,1,2,1402
다사451466,,0,신도림동,0,0,,1,1,0,1709
다사401434,,0,수궁동,0,0,1.5,1,1,1.5,1461
다사412439,,0,오류2동,0,0,2.5,1,1,2.5,1344
다사412421,,0,오류2동,0,0,,1,1,0,1709
다사440453,,0,고척1동,0,0,2.5,1,1,2.5,1344
다사454463,,0,신도림동,0,0,2,1,1,2,1402
다사454452,,0,신도림동,0,0,5,1,1,5,1107
다사396440,,0,수궁동,0,0,3.5,1,1,3.5,1244
다사403453,,0,수궁동,0,0,,1,1.041,0,1709
다사423433,,0,개봉3동,0,0,,1,1,0,1709
다사457453,,0,신도림동,0,0,5,1,1,5,1107
다사411432,,0,오류2동,0,0,,1,1,0,1709
다사464432,,0,구로3동,0,0,2,1,1,2,1402
다사397446,,0,수궁동,0,0,,1,1,0,1709
다사400424,,0,항동,0,0,,1,1,0,1709
다사435436,,0,개봉3동,0,0,3,1,1,3,1290
다사472430,,0,구로3동,0,0,,1,1,0,1709
다사453456,,0,신도림동,0,0,5,1,1,5,1107
다사410429,,0,오류2동,0,0,,1,1,0,1709
다사462428,,0,구로3동,0,0,1.5,1,1,1.5,1461
다사462423,,0,가리봉동,0,0,2.5,1,1,2.5,1344
다사465434,,0,구로3동,0,0,4,1,1,4,1198
다사465440,,0,구로4동,0,0,1.5,1,1,1.5,1461
다사401452,,0,수궁동,0,0,,1,1,0,1709
다사411451,,0,수궁동,0,0,,1,1,0,1709
다사447430,,0,구로1동,0,0,1.5,1,1,1.5,1461
다사442442,,0,구로2동,0,0,2.5,1,1,2.5,1344
다사394442,,0,수궁동,0,0,1,1,1,1,1564
다사424436,,0,오류2동,0,0,,1,1,0,1709
다사403455,,0,수궁동,0,0,,1,1,0,1709
다사411427,,0,오류2동,0,0,,1,1.041,0,1709
다사415422,,0,오류2동,0,0,,1,1,0,1709
다사470431,,0,구로3동,0,0,3.5,1,1,3.5,1244
다사406429,,0,항동,0,0,,1,1,0,1709
다사433432,,0,개봉3동,0,0,,1,1,0,1709
다사405453,,0,수궁동,0,0,1,1,1,1,1564
다사401431,,0,항동,0,0,1,1,1,1,1564
다사427426,,0,개봉3동,0,0,,1,1,0,1709
다사450442,,0,구로1동,0,0,,1,1,0,1709
다사441447,,0,고척1동,0,0,1.5,1,1,1.5,1461
다사398422,,0,항동,0,0,1.5,1,1,1.5,1461
다사447460,,0,신도림동,0,0,,1,1,0,1709
다사414422,,0,오류2동,0,0,,1,1,0,1709
다사419440,,0,오류2동,0,0,4.5,1,1,4.5,1154
다사443448,,0,구로2동,0,0,,1,1,0,1709
다사406423,,0,항동,0,0,,1,1,0,1709
다사405443,,0,수궁동,0,0,1,1,1,1,1564
다사408422,,0,항동,0,0,,1,1,0,1709
다사400419,,0,항동,0,0,,1,1,0,1709
다사398426,,0,항동,0,0,1.5,1,1,1.5,1461
다사402441,,0,수궁동,0,0,,1,1,0,1709
다사405421,,0,항동,0,0,,1,1,0,1709
다사410423,,0,오류2동,0,0,,1,1,0,1709
다사406456,,0,수궁동,0,0,,1,1,0,1709
다사441444,,0,고척1동,0,0,1.5,1,1,1.5,1461
다사402429,,0,항동,0,0,,1,1,0,1709
다사442453,,0,고척1동,0,0,,1,1,0,1709
다사412438,,0,오류2동,0,0,1.5,1,1,1.5,1461
다사453449,,0,구로5동,0,0,4.5,1,1,4.5,1154
다사406438,,0,오류2동,0,0,1,1,1,1,1564
다사394445,,0,수궁동,0,0,,1,1,0,1709
다사404450,,0,수궁동,0,0,1,1,1.041,1.041,1548
다사421423,,0,오류2동,0,0,,1,1,0,1709
다사442440,,0,구로1동,0,0,,1,1,0,1709
다사452465,,0,신도림동,0,0,,1,1,0,1709
다사406428,,0,항동,0,0,,1,1,0,1709
다사404428,,0,항동,0,0,2,1,1,2,1402
다사406431,,0,항동,0,0,,1,1,0,1709
다사405450,,0,수궁동,0,0,1,1,1,1,1564
다사410427,,0,오류2동,0,0,1,1,1,1,1564
다사405427,,0,항동,0,0,,1,1,0,1709
다사398423,,0,항동,0,0,,1,1,0,1709
다사400430,,0,항동,0,0,1,1,1,1,1564
다사421430,,0,오류2동,0,0,,1,1,0,1709
다사452448,,0,구로2동,0,0,1,1,1,1,1564
다사466429,,0,구로3동,0,0,3,1,1,3,1290
다사424433,,0,개봉3동,0,0,,1,1,0,1709
다사413429,,0,오류2동,0,0,,1,1,0,1709
다사421429,,0,오류2동,0,0,,1,1,0,1709
다사400452,,0,수궁동,0,0,,1,1,0,1709
다사422441,,0,오류1동,0,0,2,1,1,2,1402
다사442444,,0,구로2동,0,0,,1,1,0,1709
다사463429,,0,구로3동,0,0,1.5,1,1,1.5,1461
다사412429,,0,오류2동,0,0,,1,1,0,1709
다사446441,,0,구로1동,0,0,3.5,1,1,3.5,1244
다사434447,,0,고척1동,0,0,1,1,1,1,1564
다사413426,,0,오류2동,0,0,3,1,1,3,1290
다사426454,,0,고척2동,0,0,,1,1,0,1709
다사449433,,0,구로1동,0,0,,1,1,0,1709
다사413448,,0,개봉1동,0,0,,1,1,0,1709
다사419431,,0,오류2동,0,0,,1,1,0,1709
다사406452,,0,수궁동,0,0,,1,1.041,0,1709
다사402434,,0,항동,0,0,2,1,1,2,1402
다사416422,,0,오류2동,0,0,3.5,1,1,3.5,1244
다사450466,,0,신도림동,0,0,,1,1,0,1709
다사445437,,0,구로1동,0,0,,1,1,0,1709
다사418419,,0,오류2동,0,0,,1,1,0,1709
다사453450,,0,구로5동,0,0,3.5,1,1,3.5,1244
다사399436,,0,수궁동,0,0,,1,1,0,1709
다사417452,,0,개봉1동,0,0,,1,1,0,1709
다사411436,,0,오류2동,0,0,3,1,1,3,1290
다사427443,,0,개봉1동,0,0,1,1,1,1,1564
다사424430,,0,개봉3동,0,0,1,1,1.041,1.041,1548
다사411450,,0,수궁동,0,0,1,1,1,1,1564
다사420433,,0,오류2동,0,0,,1,1,0,1709
다사443442,,0,구로1동,0,0,2.5,1,1,2.5,1344
다사411435,,0,오류2동,0,0,4,1,1,4,1198
다사422432,,0,개봉3동,0,0,,1,1,0,1709
다사414448,,0,개봉1동,0,0,,1,1,0,1709
다사402447,,0,수궁동,0,0,,1,1,0,1709
다사440438,,0,개봉2동,0,0,,1,1,0,1709
다사455462,,0,신도림동,0,0,3,1,1,3,1290
다사465427,,0,구로3동,0,0,1.5,1,1,1.5,1461
다사401429,,0,항동,0,0,,1,1,0,1709
다사405457,,0,수궁동,0,0,,1,1,0,1709
다사409453,,0,수궁동,0,0,,1,1,0,1709
다사441446,,0,고척1동,0,0,1.5,1,1,1.5,1461
다사406426,,0,항동,0,0,,1,1,0,1709
다사406420,,0,항동,0,0,,1,1,0,1709
다사414451,,0,개봉1동,0,0,,1,1,0,1709
다사411426,,0,오류2동,0,0,,1,1,0,1709
다사463449,,0,구로5동,0,0,,1,1,0,1709
다사410438,,0,오류2동,0,0,2.5,1,1,2.5,1344
다사414421,,0,오류2동,0,0,,1,1,0,1709
다사451444,,0,구로2동,0,0,2.5,1,1,2.5,1344
다사401430,,0,항동,0,0,1,1,1,1,1564
다사464431,,0,구로3동,0,0,2,1,1,2,1402
다사462457,,0,신도림동,0,0,4,1,1,4,1198
다사449451,,0,구로2동,0,0,1.5,1,1,1.5,1461
다사451431,,0,구로1동,0,0,,1,1,0,1709
다사429428,,0,개봉3동,0,0,,1,1,0,1709
다사405432,,0,항동,0,0,,1,1,0,1709
다사420455,,0,개봉1동,0,0,4,1,1,4,1198
다사442438,,0,구로1동,0,0,,1,1,0,1709
다사438439,,0,개봉2동,0,0,,1,1,0,1709
다사406455,,0,수궁동,0,0,1,1,1,1,1564
다사411431,,0,오류2동,0,0,,1,1,0,1709
다사467430,,0,구로3동,0,0.265,4,1,1,4.265,1171
다사446452,,0,구로2동,0,0,1.5,1,1,1.5,1461
다사401445,,0,수궁동,0,0,1,1,1,1,1564
다사420418,,0,오류2동,0,0,1,1,1,1,1564
다사425428,,0,개봉3동,0,0,2.5,1,1,2.5,1344
다사421418,,0,오류2동,0,0,,1,1,0,1709
다사419433,,0,오류2동,0,0,,1,1,0,1709
다사450463,,0,신도림동,0,0,,1,1,0,1709
다사463454,,0,구로5동,0,0,3,1,1,3,1290
다사423429,,0,개봉3동,0,0,,1,1,0,1709
다사417454,,0,,0,0,,1,1,0,1709
다사415450,,0,개봉1동,0,0,,1,1,0,1709
다사450432,,0,구로1동,0,0,1,1,1,1,1564
다사421421,,0,오류2동,0,0,,1,1,0,1709
다사447434,,0,구로1동,0,0,,1,1,0,1709
다사446437,,0,구로1동,0,0,1.5,1,1,1.5,1461
다사465424,,0,구로3동,0,0,3.5,1,1,3.5,1244
다사445450,,0,구로2동,0,0,1.5,1,1,1.5,1461
다사416449,,0,개봉1동,0,0,1,1,1,1,1564
다사462456,,0,구로5동,0,0,4,1,1,4,1198
다사405428,,0,항동,0,0,1,1,1,1,1564
다사468428,,0,구로3동,0,0.44,5,1,1,5.44,1058
다사420435,,0,오류2동,0,0,,1,1,0,1709
다사394419,,0,항동,0,0,1.5,1,1,1.5,1461
다사451441,,0,구로2동,0,0,,1,1,0,1709
다사401455,,0,수궁동,0,0,,1,1,0,1709
다사405429,,0,항동,0,0,1,1,1,1,1564
다사439440,,0,개봉2동,0,0,,1,1,0,1709
다사461440,,0,구로4동,0,0,3.5,1,1,3.5,1244
다사443437,,0,구로1동,0,0,,1,1,0,1709
다사412425,,0,오류2동,0,0,,1,1,0,1709
다사450462,,0,신도림동,0,0,,1,1,0,1709
다사411425,,0,오류2동,0,0,,1,1,0,1709
다사408456,,0,수궁동,0,0,,1,1,0,1709
다사430456,,0,고척2동,0,0,,1,1.041,0,1709
다사430457,,0,고척2동,0,0,1,1,1,1,1564
다사444445,,0,구로2동,0,0,2.5,1,1,2.5,1344
다사415451,,0,개봉1동,0,0,,1,1.041,0,1709
다사398424,,0,항동,0,0,,1,1,0,1709
다사400420,,0,항동,0,0,1.5,1,1,1.5,1461
다사413447,,0,오류1동,0,0,,1,1,0,1709
다사449463,,0,신도림동,0,0,,1,1,0,1709
다사408455,,0,수궁동,0,0,,1,1,0,1709
다사423456,,0,고척2동,0,0,1.5,1,1,1.5,1461
다사405430,,0,항동,0,0,,1,1,0,1709
다사448457,,0,신도림동,0,0,1.5,1,1,1.5,1461
다사397423,,0,항동,0,0,,1,1,0,1709
다사439444,,0,고척1동,0,0,1,1,1,1,1564
다사442443,,0,구로2동,0,0,1,1,1,1,1564
다사393443,,0,수궁동,0,0,,1,1,0,1709
다사444435,,0,구로1동,0,0,1.5,1,1,1.5,1461
다사409430,,0,오류2동,0,0,,1,1,0,1709
다사422431,,0,개봉3동,0,0,,1,1,0,1709
다사440445,,0,고척1동,0,0.97,1,1,1,1.97,1449
다사404436,,0,오류2동,0,0,1,1,1,1,1564
다사422434,,0,오류2동,0,0,1.5,1,1,1.5,1461
다사415419,,0,오류2동,0,0,,1,1,0,1709
다사402438,,0,수궁동,0,0.555,2.5,1,1,3.055,1288
다사398428,,0,항동,0,0,2.5,1,1,2.5,1344
다사412420,,0,오류2동,0,0,,1,1,0,1709
다사461458,,0,신도림동,0,0,,1,1.041,0,1709
다사443453,,0,고척1동,0,0,1,1,1,1,1564
다사451463,,0,신도림동,0,0,,1,1,0,1709
다사399449,,0,수궁동,0,0,,1,1,0,1709
다사394444,,0,수궁동,0,0,,1,1,0,1709
다사414423,,0,오류2동,0,0,,1,1,0,1709
다사404448,,0,수궁동,0,0,1.5,1,1,1.5,1461
다사467427,,0,구로3동,0,0,2,1,1,2,1402
다사426444,,0,개봉1동,0,0,,1,1,0,1709
다사434455,,0,고척2동,0,0,,1,1.041,0,1709
다사425438,,0,개봉2동,0,0,,1,1,0,1709
다사450433,,0,구로1동,0,0,1,1,1,1,1564
다사460457,,0,신도림동,0,0,4,1,1,4,1198
다사405449,,0,수궁동,0,0,1,1,1,1,1564
다사417453,,0,개봉1동,0,0,,1,1,0,1709
다사407452,,0,수궁동,0,0,,1,1,0,1709
다사409425,,0,항동,0,0,,1,1,0,1709
다사439438,,0,개봉2동,0,0,,1,1,0,1709
다사445451,,0,구로2동,0,0,,1,1,0,1709
다사454451,,0,신도림동,0,0,2.5,1,1,2.5,1344
다사463426,,0,구로3동,0,0.455,3,1,1,3.455,1272
다사400446,,0,수궁동,0,0,1,1,1,1,1564
다사402445,,0,수궁동,0,0,,1,1,0,1709
다사396438,,0,수궁동,0,0,1.5,1,1,1.5,1461
다사443446,,0,구로2동,0,0,,1,1,0,1709
다사407427,,0,항동,0,0,,1,1,0,1709
다사416419,,0,오류2동,0,0,,1,1,0,1709
다사444451,,0,고척1동,0,0,,1,1,0,1709
다사410451,,0,수궁동,0,0,,1,1,0,1709
다사411424,,0,오류2동,0,0,,1,1,0,1709
다사413438,,0,오류2동,0,0,1,1,1,1,1564
다사424457,,0,고척2동,0,0,,1,1,0,1709
다사446435,,0,구로1동,0,0,,1,1,0,1709
다사404430,,0,항동,0,0,,1,1,0,1709
다사423435,,0,개봉3동,0,0,,1,1,0,1709
다사446451,,0,구로2동,0,0,1.5,1,1,1.5,1461
다사403438,,0,수궁동,0,0,2.5,1,1,2.5,1344
다사406421,,0,항동,0,0,,1,1,0,1709
다사409450,,0,수궁동,0,0,,1,1,0,1709
다사411423,,0,오류2동,0,0,,1,1,0,1709
다사394440,,0,수궁동,0,0,2,1,1,2,1402
다사447436,,0,구로1동,0,0,,1,1,0,1709
다사433445,,0,고척1동,0,0,3,1,1,3,1290
다사464446,,0,구로5동,0,0,,1,1,0,1709
다사464442,,0,구로4동,0,0,,1,1,0,1709
다사421437,,0,오류2동,0,0,1,1,1,1,1564
다사402426,,0,항동,0,0,2,1,1,2,1402
다사409431,,0,오류2동,0,0,,1,1,0,1709
다사402422,,0,항동,0,0,1.5,1,1,1.5,1461
다사420417,,0,오류2동,0,0,,1,1,0,1709
다사403428,,0,항동,0,0,1,1,1,1,1564
다사437455,,0,고척2동,0,0,1,1,1,1,1564
다사406440,,0,수궁동,0,0,1.5,1,1.041,1.5615,1455
다사404452,,0,수궁동,0,0,,1,1,0,1709
다사446442,,0,구로1동,0,0.835,5,1,1,5.835,1022
다사445439,,0,구로1동,0,0,1.5,1,1,1.5,1461
다사463430,,0,구로3동,0,0.225,3,1,1,3.225,1276
다사407431,,0,오류2동,0,0,,1,1,0,1709
다사419453,,0,개봉1동,0,0,,1,1,0,1709
다사438438,,0,개봉2동,0,0,,1,1,0,1709
다사445436,,0,구로1동,0,0,,1,1,0,1709
다사442441,,0,구로1동,0,0,,1,1,0,1709
다사441442,,0,구로2동,0,0,2.5,1,1,2.5,1344
다사423437,,0,오류2동,0,0,1,1,1.041,1.041,1548
다사466428,,0,구로3동,0,0.885,3,1,1,3.885,1228
다사404456,,0,수궁동,0,0,,1,1,0,1709
다사403431,,0,항동,0,0,1,1,1,1,1564
다사426426,,0,개봉3동,0,0,,1,1,0,1709
다사405441,,0,수궁동,0,0,1.5,1,1,1.5,1461
다사450450,,0,구로2동,0,0,1.5,1,1,1.5,1461
다사464434,,0,구로3동,0,0,3.5,1,1,3.5,1244
다사441452,,0,고척1동,0,0,1,1,1,1,1564
다사397422,,0,항동,0,0,,1,1,0,1709
다사405452,,0,수궁동,0,0,1,1,1,1,1564
다사405439,,0,오류2동,0,0,2,1,1,2,1402
다사451446,,0,구로2동,0,0,,1,1,0,1709
다사463428,,0,구로3동,0,0.265,1.5,1,1,1.765,1452
다사471428,,0,구로3동,0,0.455,3.5,1,1,3.955,1224
다사421424,,0,오류2동,0,0,,1,1,0,1709
다사400451,,0,수궁동,0,0,,1,1,0,1709
다사434445,,0,고척1동,0,0,1.5,1,1,1.5,1461
다사445435,,0,구로1동,0,0,1,1,1,1,1564
다사449460,,0,신도림동,0,0,,1,1,0,1709
다사417429,,0,오류2동,0,0,3,1,1,3,1290
다사405444,,0,수궁동,0,0,1,1,1,1,1564
다사418426,,0,오류2동,0,0,3,1,1,3,1290
다사400448,,0,수궁동,0,0,,1,1,0,1709
다사463450,,0,구로5동,0,0,,1,1,0,1709
다사395443,,0,수궁동,0,0,,1,1,0,1709
다사423428,,0,개봉3동,0,0,4,1,1,4,1198
다사400447,,0,수궁동,0,0,,1,1,0,1709
다사412430,,0,오류2동,0,0,,1,1.041,0,1709
다사404457,,0,수궁동,0,0,,1,1,0,1709
다사455463,,0,신도림동,0,0,,1,1,0,1709
다사465431,,0,구로3동,0,0,2,1,1,2,1402
다사398445,,0,수궁동,0,0,2.5,1,1,2.5,1344
다사451439,,0,구로1동,0,0,,1,1.041,0,1709
다사404439,,0,수궁동,0,0,,1,1,0,1709
다사408452,,0,수궁동,0,0,,1,1,0,1709
다사448461,,0,신도림동,0,0,,1,1,0,1709
다사414439,,0,오류2동,0,0,5,1,1,5,1107
