"d_code","j_code","flow1_tot","flow2_tot"
11530510,1.117051e+12,2102368.9872,1893036.6255
11530510,1117051010001,671687.0081,470573.1628
11530510,1117051010002,149023.3629,111640.7801
11530510,1117051010003,393200.1198,235067.9644
11530510,1117051010004,69494.5886,71271.5446
11530510,1117051010005,58041.7976,64373.3835
11530510,1117051010006,250969.0629,268283.4985
11530510,1117051010007,245139.452,170269.4963
11530510,1117051010008,380665.9025,335809.3298
11530510,1117051010101,119781.1243,183659.7575
11530510,1117051010102,8769.4654,23041.4703
11530510,1117051010103,45891.8257,101940.0907
11530510,1117051010104,7653.4487,26649.4605
11530510,1117051010105,21061.493,53999.5099
11530510,1117051010106,57364.7464,113551.7031
11530510,1117051010107,62891.0532,85138.6504
11530510,1117051010201,31235.187,41507.9698
11530510,1117051010202,68919.2135,57710.041
11530510,1117051010301,144042.4439,188471.1355
11530510,1117051010401,9564.9654,8894.8601
11530510,1117051010402,19729.5464,37168.3182
11530510,1117051010501,18883.8712,20235.4019
11530510,1117051010601,68944.8952,48852.7297
11530510,1117051010602,16215.4211,16128.1149
11530510,1117051010701,80817.5764,181624.5534
11530510,1117051010702,146976.3487,290193.2466
11530510,1117051010703,151152.6185,300408.6595
11530510,1117051010704,83764.8763,110060.862
11530510,1117051020003,1230432.9099,483438.1265
11530510,1117051020101,327569.3928,445396.8569
11530510,1117051020102,59823.8366,87041.3857
11530510,1117051020103,336876.4252,408984.9329
11530510,1117051020104,113852.1835,173603.9717
11530510,1117051020105,61362.673,59043.3867
11530510,1117051020301,139386.8941,51557.1156
11530510,1117051020401,270519.7096,516716.1905
11530510,1117051020402,24021.7187,52679.8435
11530510,1117051020403,117021.8574,131260.6595
11530510,1117051020404,49831.193,64155.5324
11530510,1117051020405,381821.3187,104264.2221
11530510,1117051020501,344959.5026,331558.7123
11530510,1117051020502,378317.9287,456780.8125
11530510,1117051020503,181146.9015,172631.4412
11530510,1117051020601,64406.075,82718.7057
11530510,1117051030002,430455.8035,139243.4497
11530510,1117051030003,1651720.3582,412737.6016
11530510,1117051030101,146387.6812,127467.2373
11530510,1117051030201,139356.8874,152158.866
11530510,1117051030301,245808.3928,224646.8466
11530510,1117051030302,260515.9227,313955.2996
11530510,1117051030401,114294.2622,120536.2062
11530510,1117051040001,78614.9313,23357.7296
11530510,1117051040002,15835.03,6101.5065
11530510,1117051040004,15460.2965,0
11530510,1117051040101,207643.7628,242881.7931
11530510,1117051040201,143311.5333,164134.1315
11530510,1117051040202,43201.9024,115885.8595
11530510,1117051040203,42414.7976,144085.2497
11530510,1117051040204,16805.4469,66276.3839
11530510,1117051040205,171264.2308,260082.267
11530510,1117051040206,124017.4663,227231.6867
11530510,1117051040207,40539.5895,107256.0126
11530510,1117051040208,396797.4543,502956.9717
11530510,1117051040209,24641.4966,81898.5651
11530510,1117051040210,45898.1259,110224.968
11530510,1117051040211,155542.4974,127877.9999
11530510,1117051040212,212432.3581,190437.3693
11530510,1117051040213,144731.6334,160165.9918
11530510,1117051040301,567738.1489,190839.8271
11530510,1117051040401,85531.325,116014.4595
11530510,1117051040402,49941.4493,97213.7822
11530510,1117051040501,61496.0136,106978.3703
11530510,1117051040502,8716.6634,7409.7956
11530510,1117051040503,163816.9981,298871.2938
11530510,1117051040601,67107.0116,25606.9134
11530520,1.117052e+12,985045.821,1151216.7493
11530520,1117052010001,390905.7181,153875.5568
11530520,1117052010002,1441633.225,1534315.2355
11530520,1117052010003,8840.3212,0
11530520,1117052010101,125571.1676,164334.3422
11530520,1117052010102,152708.6525,138074.9057
11530520,1117052010103,78590.9891,162310.7689
11530520,1117052010104,49140.7833,88086.7933
11530520,1117052010105,98576.4931,148413.5369
11530520,1117052010106,74707.5391,100234.5651
11530520,1117052010107,77949.5763,98970.494
11530520,1117052010108,73498.3325,115384.8185
11530520,1117052010201,266965.6247,141755.4692
11530520,1117052010202,63104.1349,38567.6082
11530520,1117052010301,169986.3816,288253.3175
11530520,1117052010302,137935.685,203216.5728
11530520,1117052010401,72617.1869,126443.8653
11530520,1117052010501,48181.328,106704.152
11530520,1117052010601,34875.2254,72324.272
11530520,1117052010701,72189.2439,123592.1227
11530520,1117052010702,75402.3628,132576.554
11530520,1117052020001,419610.7186,88370.1448
11530520,1117052020003,152.4306,0
11530520,1117052020004,0,0
11530520,1117052020005,0,0
11530520,1117052020006,83492.6538,30247.9617
11530520,1117052020101,134503.475,220161.97
11530520,1117052020102,128523.3996,200227.1705
11530520,1117052020201,96835.6601,215510.0625
11530520,1117052020202,159991.8904,289654.7518
11530520,1117052020203,75300.4715,180996.3668
11530520,1117052020204,25021.5133,88377.629
11530520,1117052020205,27569.8297,91750.6834
11530520,1117052020301,113294.2966,162282.6012
11530520,1117052020302,149782.8001,156920.0663
11530520,1117052020303,135278.457,127681.5777
11530520,1117052020304,146472.1702,200315.1712
11530520,1117052020305,51271.9312,64921.3086
11530520,1117052020306,41829.3716,65186.6253
11530520,1117052020401,248445.9819,311933.2357
11530520,1117052020402,115763.1153,154397.4405
11530520,1117052020403,85652.8327,126669.6332
11530520,1117052020404,104864.2367,163337.6722
11530520,1117052020501,50062.2582,91729.0081
11530520,1117052020502,117066.8208,193859.9539
11530520,1117052020503,94339.2259,150109.475
11530520,1117052020504,16365.7046,43639.2983
11530520,1117052020701,26046.8073,46994.9112
11530520,1117052020702,73262.3318,143044.5059
11530520,1117052020703,31237.7517,44011.7454
11530520,1117052020801,22723.3895,46471.357
11530540,1.117054e+12,2114605.5877,1577178.746
11530540,1117054010001,306034.7386,213813.9938
11530540,1117054010002,1792519.0595,604783.972
11530540,1117054010003,0,0
11530540,1117054010101,66415.5346,149252.4358
11530540,1117054010102,132086.8769,156887.321
11530540,1117054010103,78115.2267,235287.9572
11530540,1117054010104,53233.0237,63227.3124
11530540,1117054010201,99266.2318,71085.773
11530540,1117054010202,62444.779,59128.4061
11530540,1117054010401,52422.9913,100419.0903
11530540,1117054010501,40253.0729,79023.8116
11530540,1117054010502,55416.3529,70317.1999
11530540,1117054010503,190858.402,398108.6275
11530540,1117054010504,41339.4572,97463.472
11530540,1117054010505,69596.2316,95362.7238
11530540,1117054010506,63876.2996,130693.1296
11530540,1117054010507,50862.941,113586.8171
11530540,1117054010601,44630.9967,94539.8297
11530540,1117054010701,42291.5104,84698.3616
11530540,1117054010702,64968.6589,124166.1557
11530540,1117054010703,42068.7574,100731.7337
11530540,1117054020001,307684.0123,444171.6547
11530540,1117054020002,27838.1526,63217.8065
11530540,1117054020003,139402.895,131494.0189
11530540,1117054020004,100095.4423,136835.7521
11530540,1117054020005,137490.3277,76417.0488
11530540,1117054020006,953019.0984,247268.5302
11530540,1117054020101,56935.8699,106705.8039
11530540,1117054020102,73468.6464,131182.7433
11530540,1117054020103,281409.6773,200287.5724
11530540,1117054020104,21032.0671,32390.0263
11530540,1117054020105,24.9293,105.6976
11530540,1117054020901,50712.6768,100082.048
11530540,1117054020902,27665.268,62752.722
11530540,1117054020903,39308.4234,83044.709
11530540,1117054030001,561831.3332,411091.4833
11530540,1117054030002,2853245.8422,597811.865
11530540,1117054030003,124361.3007,122282.7529
11530540,1117054040001,197201.5198,202791.3064
11530540,1117054040002,219160.9226,216277.1722
11530540,1117054040003,156226.8175,304889.1943
11530540,1117054040004,1963151.3936,989812.0804
11530540,1117054040005,231347.5401,247189.1211
11530540,1117054040006,321983.2644,354496.4248
11530540,1117054040007,203443.1389,295674.4611
11530540,1117054040008,468014.159,494407.5765
11530540,1117054040009,264592.0135,346636.4373
11530540,1117054040010,205795.1231,374047.9114
11530540,1117054040011,17610.3585,6985.3426
11530540,1117054040301,139683.2824,217789.9691
11530550,1.117055e+12,850119.3915,862528.3064
11530550,1117055010001,68647.9527,105533.1092
11530550,1117055010002,185789.5819,197050.3479
11530550,1117055010003,201896.0325,206708.3874
11530550,1117055010004,459812.9561,520412.9237
11530550,1117055010005,174096.8055,95083.2143
11530550,1117055010006,766264.9741,384550.1452
11530550,1117055010201,40263.0989,92371.7079
11530550,1117055010601,21769.6028,1120.3127
11530550,1117055010602,107787.6931,74036.0831
11530550,1117055010603,43440.4965,6959.6777
11530550,1117055010701,123457.9677,212187.044
11530550,1117055010801,151077.8868,324584.8463
11530550,1117055010901,26928.9631,21558.7971
11530550,1117055011001,58594.3845,64030.6991
11530550,1117055011002,147824.247,5440.8267
11530550,1117055011401,65747.4538,167236.2445
11530550,1117055011601,146982.375,133766.1063
11530550,1117055011801,80577.4901,161715.8269
11530550,1117055020001,104039.9701,80583.0439
11530550,1117055020002,55873.819,105282.7695
11530550,1117055020003,113096.5729,74741.7968
11530550,1117055020004,85891.0682,91412.9342
11530550,1117055020005,77083.0754,120433.9053
11530550,1117055020006,301278.0883,145853.2629
11530550,1117055020007,58211.205,84386.0329
11530550,1117055020008,20463.4383,47397.7963
11530550,1117055020009,66310.5735,109725.4873
11530550,1117055020010,145953.0254,79596.8074
11530550,1117055020011,78272.9477,113696.4817
11530550,1117055020012,21622.9692,25227.9761
11530550,1117055020013,257005.4664,175999.7804
11530550,1117055020014,78493.8989,82031.9544
11530550,1117055020016,201935.1802,137026.1824
11530550,1117055020101,122386.1594,210222.196
11530550,1117055020102,16930.0479,40154.0204
11530550,1117055020103,56011.7936,95776.198
11530550,1117055020104,18919.1236,41235.7328
11530550,1117055021001,49932.2715,83749.6858
11530550,1117055021002,14211.2893,18046.7124
11530550,1117055021003,56213.2479,92914.0374
11530550,1117055021101,47336.6049,87887.6955
11530550,1117055021102,20382.301,50159.669
11530550,1117055021103,78295.5587,146927.6919
11530550,1117055021104,30347.6431,51027.2242
11530550,1117055021105,79316.3832,149918.308
11530550,1117055021106,57348.9498,112963.0374
11530550,1117055021107,66940.3297,117947.5727
11530560,1.117056e+12,2068865.621,1841956.6073
11530560,1117056010001,363635.1538,168612.0542
11530560,1117056010002,1457892.6759,633193.6989
11530560,1117056010003,906747.5848,449180.1112
11530560,1117056010004,445443.4116,393532.7285
11530560,1117056010101,285581.9694,442403.7931
11530560,1117056010201,71657.1554,92683.1955
11530560,1117056010202,153992.293,328171.5991
11530560,1117056010203,48457.5612,66114.4226
11530560,1117056010204,80392.0803,184246.5767
11530560,1117056010205,169862.8894,281201.6359
11530560,1117056010206,81824.6547,100036.6419
11530560,1117056010207,63064.1909,99920.6697
11530560,1117056010401,479715.1001,610497.7328
11530560,1117056010501,282026.4176,215497.2586
11530560,1117056010502,137690.2974,113753.5494
11530560,1117056010801,360385.1936,687781.6696
11530560,1117056020001,53307.3165,37698.6803
11530560,1117056020002,85730.8426,113423.1626
11530560,1117056020003,174895.2756,241593.0872
11530560,1117056020004,103255.2518,125557.0828
11530560,1117056020005,224570.6722,244952.2235
11530560,1117056020006,156938.539,218026.4715
11530560,1117056020007,83877.5579,103116.7153
11530560,1117056020008,90860.2362,71268.0982
11530560,1117056020009,176445.7588,162206.063
11530560,1117056020010,1187447.1047,531944.622
11530560,1117056020011,1274031.0635,450800.448
11530560,1117056020101,76012.3134,248661.7671
11530560,1117056020301,158999.9558,283412.517
11530560,1117056020401,128459.4027,368339.9544
11530560,1117056020601,207277.7201,295535.698
11530560,1117056020701,32189.2755,28525.2384
11530560,1117056020702,128702.6572,135707.4768
11530560,1117056020703,87488.1059,104751.8847
11530560,1117056020704,47941.9682,32475.494
11530560,1117056020801,41112.448,52882.8052
11530560,1117056020901,49140.86,87704.1144
11530560,1117056020902,63805.601,75818.7777
11530560,1117056020903,46596.1916,72129.7462
11530560,1117056021401,23138.9301,70112.7265
11530560,1117056030001,99999.1282,158401.9484
11530560,1117056030002,246934.5207,219579.0297
11530560,1117056030003,72026.4359,120798.8098
11530560,1117056030004,94183.2822,145632.4735
11530560,1117056030005,384324.4325,405366.1352
11530560,1117056030006,286164.9444,260033.9319
11530560,1117056030007,86172.4555,103537.8419
11530560,1117056030008,11669.4663,0
11530560,1117056030009,562130.9502,49938.3638
11530560,1117056030101,95760.3513,162974.5684
11530560,1117056030102,39023.0012,43476.0789
11530560,1117056030201,132162.8183,257635.4036
11530560,1117056030301,74301.4348,85872.2068
11530560,1117056030401,267499.5289,422918.7855
11530560,1117056030901,117772.6992,72265.2416
11530560,1117056031101,111642.6224,66035.8934
11530560,1117056031201,458301.7503,458353.6878
11530560,1117056031501,22782.3492,55121.869
11530560,1117056031801,185258.7091,234829.4889
11530720,1.117061e+12,1286247.1503,1290697.075
11530720,1117061010001,151470.0656,307371.7776
11530720,1117061010002,150727.5172,188810.9872
11530720,1117061010003,285803.8095,150032.8243
11530720,1117061010004,129160.9234,11837.2724
11530720,1117061010005,49118.1891,94738.5444
11530720,1117061010006,511778.8839,232962.5075
11530720,1117061010007,107167.2091,187765.5947
11530720,1117061010008,287080.9056,181365.5742
11530720,1117061010009,61262.9534,82261.5759
11530720,1117061010010,177791.0539,333478.015
11530720,1117061010011,0,0
11530720,1117061010101,95701.1112,211032.4221
11530720,1117061010201,109965.1984,251416.7359
11530720,1117061010301,69410.5204,140414.4274
11530720,1117061010401,52447.3219,95477.937
11530720,1117061010601,65013.287,137637.5978
11530720,1117061010602,126641.5636,141369.711
11530720,1117061010701,40947.0594,76746.2235
11530720,1117061010702,75446.7998,147112.0124
11530720,1117061010703,50304.7883,103652.5811
11530720,1117061010801,74484.8301,121292.8263
11530720,1117061010802,103154.3811,207437.351
11530720,1117061010901,73996.1679,140487.2067
11530720,1117061020001,694019.3372,288297.3204
11530720,1117061020002,527874.9489,226705.6603
11530720,1117061020003,78583.1021,60321.1241
11530720,1117061020004,366586.0177,253906.176
11530720,1117061020005,409087.5674,247465.5408
11530720,1117061020006,101729.4744,143542.6691
11530720,1117061020101,28617.3727,61084.4534
11530720,1117061020201,125153.7249,196194.3293
11530720,1117061020202,108867.4603,221833.252
11530720,1117061020203,68338.7351,137385.4185
11530720,1117061020401,413764.6473,524934.5305
11530720,1117061020501,18405.7432,83112.936
11530720,1117061020502,187762.2951,265038.724
11530720,1117061020503,17302.5443,64182.4936
11530720,1117061020601,83881.6908,129449.464
11530720,1117061020602,119500.4041,153883.7498
11530720,1117061020701,169785.8902,216352.9601
11530720,1117061020702,157321.154,208211.085
11530720,1117061020703,207828.5171,299842.158
11530720,1117061020704,107245.9736,140736.7778
11530720,1117061030001,409808.3725,45869.9077
11530720,1117061030101,62908.2424,117811.3997
11530720,1117061030102,54225.4754,86094.4458
11530720,1117061030103,259784.6044,360632.759
11530720,1117061030104,99910.076,130081.6292
11530720,1117061030105,121108.6757,232200.5301
11530730,1.117062e+12,850356.5756,1118410.0997
11530730,1117062010001,44888.6367,100821.358
11530730,1117062010002,341183.7856,300343.8972
11530730,1117062010003,136712.8935,86331.8575
11530730,1117062010004,235257.2906,251202.6563
11530730,1117062010005,63327.1199,58652.1876
11530730,1117062010006,40775.9652,97124.8921
11530730,1117062010007,153211.1461,106681.3317
11530730,1117062010008,41084.0238,89460.1147
11530730,1117062010009,37866.8334,53672.0891
11530730,1117062010010,60671.123,76254.6406
11530730,1117062010011,81256.1841,83154.6043
11530730,1117062010012,193700.1583,195947.2184
11530730,1117062010101,50018.9164,90475.0337
11530730,1117062010201,95317.7869,152708.8577
11530730,1117062010301,31752.3442,79552.5666
11530730,1117062010302,29553.586,59315.5808
11530730,1117062010303,22046.886,55075.7935
11530730,1117062010304,62377.1606,111244.9397
11530730,1117062010305,72353.3989,108582.8388
11530730,1117062010306,35354.0921,90325.5623
11530730,1117062010501,150242.4482,245270.3966
11530730,1117062010801,106469.0174,202282.7939
11530730,1117062010901,178976.4242,346551.0923
11530730,1117062011001,115964.8417,220119.4337
11530730,1117062020001,202870.291,136885.952
11530730,1117062020002,44647.5691,90497.1092
11530730,1117062020003,53751.7384,98930.4255
11530730,1117062020004,55257.2048,86879.5306
11530730,1117062020005,34167.3021,77275.1551
11530730,1117062020006,52640.3759,89584.7933
11530730,1117062020007,377566.3318,196194.6239
11530730,1117062020008,92998.4759,102450.5488
11530730,1117062020009,99941.3122,82450.4582
11530730,1117062020010,91064.5623,142795.4399
11530730,1117062020011,225711.6334,157009.7831
11530730,1117062020012,64862.1453,141519.4936
11530730,1117062020013,36207.8961,82667.9912
11530730,1117062020014,53578.1604,88905.0128
11530730,1117062020015,53588.242,120850.8028
11530730,1117062020016,158119.5208,209944.7458
11530730,1117062020017,98661.0333,152284.7737
11530730,1117062020018,61893.0038,92262.5735
11530730,1117062020019,91209.954,90112.6154
11530730,1117062020020,252386.3602,284609.7917
11530730,1117062020301,65806.282,137361.0643
11530730,1117062020302,68536.6584,140622.7765
11530730,1117062020303,93025.1725,147045.6997
11530730,1117062020304,126467.4752,173091.4805
11530730,1117062020401,75167.3001,124823.3183
11530730,1117062020402,104998.9615,152713.8599
11530730,1117062020501,134777.2865,202841.3871
11530730,1117062020601,64092.5583,106448.1277
11530730,1117062020701,33907.2634,76447.8505
11530730,1117062020702,104303.0207,182245.2073
11530750,1.117064e+12,1383260.3967,1537236.8124
11530750,1117064010001,70798.9925,126716.198
11530750,1117064010002,114522.0593,145194.7839
11530750,1117064010003,137051.8039,198374.1596
11530750,1117064010004,113975.7008,130862.2454
11530750,1117064010005,102038.5701,160738.4218
11530750,1117064010006,160724.6457,169861.4645
11530750,1117064010007,152593.3242,227311.0021
11530750,1117064010008,107917.9927,145103.7616
11530750,1117064010009,102770.3437,186958.7659
11530750,1117064010010,91103.3707,146440.1646
11530750,1117064010011,163817.7464,163406.0031
11530750,1117064010012,123709.2206,161027.7588
11530750,1117064010013,100218.9882,139932.6398
11530750,1117064010014,82053.3331,132035.2675
11530750,1117064010015,217094.5539,242591.5703
11530750,1117064010016,126267.9819,181150.3125
11530750,1117064010017,87271.0189,108738.9742
11530750,1117064010018,137823.8478,147452.0338
11530750,1117064010019,207884.4728,213474.7636
11530750,1117064010020,91242.6649,185532.9306
11530750,1117064010021,520487.0315,303487.9293
11530750,1117064010022,170908.7532,199791.7986
11530750,1117064010023,271713.1102,212484.122
11530750,1117064010024,115232.3354,163127.8028
11530750,1117064010025,92624.1617,127263.7873
11530750,1117064010026,169472.5272,195423.3103
11530750,1117064010027,124611.3891,187167.6922
11530750,1117064011101,147450.4419,227760.0987
11530750,1117064011102,60175.3877,68730.5461
11530750,1117064011103,181003.769,262980.9164
11530750,1117064011104,159906.7233,277117.3179
11530750,1117064011201,348698.9796,328786.3224
11530750,1117064011202,315435.9296,271599.6175
11530750,1117064020001,871557.3572,312280.9236
11530750,1117064020002,280253.6691,244386.4508
11530750,1117064020004,247155.0485,180600.5408
11530750,1117064020101,33004.6274,73554.7942
11530750,1117064020102,71246.9761,180345.1044
11530750,1117064020103,22978.2938,61481.4862
11530750,1117064020104,42311.2712,97078.3079
11530750,1117064020201,34627.7419,41301.1519
11530750,1117064020202,68856.9186,44843.39
11530750,1117064020203,28271.6177,85119.7955
11530750,1117064020204,29429.6349,96049.064
11530750,1117064020205,127773.3577,93816.916
11530750,1117064020206,29127.4909,62207.1223
11530750,1117064020207,108512.1708,156449.562
11530750,1117064020208,85206.742,109836.2306
11530750,1117064020209,83507.9314,57301.2015
11530750,1117064020210,99147.7805,118320.3679
11530750,1117064020211,131738.2638,169750.8901
11530750,1117064020212,79974.3086,95070.2917
11530750,1117064020213,146691.7797,275680.1812
11530750,1117064020214,66771.0871,113420.2329
11530750,1117064020301,65907.147,112328.8107
11530750,1117064020302,23215.088,57112.4823
11530750,1117064020303,50869.1029,93429.6597
11530750,1117064020304,45827.2305,86371.2346
11530750,1117064020305,46064.6039,100145.8365
11530750,1117064020501,450926.5496,531060.9793
11530750,1117064020601,257345.8514,113996.232
11530750,1117064020602,104549.5346,209732.5918
11530760,1.117065e+12,745671.0154,841965.4335
11530760,1117065010001,690201.8645,320117.5094
11530760,1117065010002,79258.7019,60646.7357
11530760,1117065010003,393869.924,688100.359
11530760,1117065010004,153527.5747,134295.8027
11530760,1117065010005,102859.2182,171629.5479
11530760,1117065020001,121033.9811,207565.0455
11530760,1117065020002,95114.5355,113033.6316
11530760,1117065020003,53788.8405,75260.0578
11530760,1117065020004,221728.2059,197175.1771
11530760,1117065020005,228327.7398,200071.6018
11530760,1117065020006,105541.4505,99801.4904
11530760,1117065020007,325056.498,371803.2095
11530760,1117065020008,116009.5732,128583.8617
11530760,1117065020009,152961.0873,194351.4728
11530760,1117065020010,147470.2876,123209.3889
11530760,1117065020011,222749.4282,155875.8946
11530760,1117065020012,51789.9203,73369.6071
11530760,1117065020013,64049.5803,103261.3168
11530760,1117065020014,52885.4659,71613.9145
11530760,1117065020015,19856.9553,36881.2633
11530760,1117065020016,24619.2438,51911.6843
11530760,1117065020017,21330.3502,46474.2097
11530760,1117065020018,120166.3497,68220.6689
11530760,1117065020019,96960.1766,110862.8877
11530760,1117065020020,45753.2636,83772.5777
11530760,1117065020021,63975.5613,105650.9171
11530760,1117065020022,57377.1623,96256.7924
11530760,1117065020101,64584.8628,84183.9975
11530760,1117065020102,57887.9199,135090.5535
11530760,1117065020103,49735.9979,67919.6057
11530760,1117065020104,53486.8705,77870.0186
11530760,1117065020105,64836.0006,106287.2865
11530760,1117065020106,46976.195,62648.9481
11530760,1117065020107,66182.0114,82962.6787
11530760,1117065020108,69940.1274,129880.0096
11530760,1117065020109,96454.904,195399.5012
11530760,1117065020201,105244.259,140258.9429
11530760,1117065020401,62767.0326,111884.7505
11530760,1117065020501,64773.93,119113.7387
11530760,1117065020601,45750.1534,61659.6806
11530770,1.117067e+12,1010239.4682,982276.3498
11530770,1117067010001,189255.2633,251611.8733
11530770,1117067010002,844157.4792,624088.2583
11530770,1117067010003,117540.1741,141834.5582
11530770,1117067010004,205537.7793,203999.8346
11530770,1117067010005,235547,214752.697
11530770,1117067010006,183119.5019,167727.8403
11530770,1117067010007,201700.71,195620.9128
11530770,1117067010008,65458.331,72112.4089
11530770,1117067010009,58682.659,83852.7224
11530770,1117067010010,88856.2725,128970.3935
11530770,1117067010301,106420.7368,122754.6013
11530770,1117067010302,6224.7705,7463.3887
11530770,1117067020001,228564.7051,186690.2258
11530770,1117067020002,108044.6903,172376.4977
11530770,1117067020003,338295.9248,296055.4676
11530770,1117067020004,128909.9944,169861.9006
11530770,1117067020005,152722.7492,220666.6759
11530770,1117067020006,209616.0997,178352.081
11530770,1117067020007,196426.4838,128023.6501
11530770,1117067020008,129006.2153,193375.5866
11530770,1117067020009,81718.3492,162861.9292
11530770,1117067020010,45763.8436,130264.1753
11530770,1117067020301,136670.1221,156920.7892
11530770,1117067020302,15798.6513,22850.6151
11530770,1117067020303,31970.0848,48250.4633
11530770,1117067020304,29137.2003,40465.6792
11530770,1117067020305,19559.3688,31525.1339
11530770,1117067020306,47724.9747,70170.0404
11530770,1117067020501,125985.6094,192045.0687
11530770,1117067030001,253302.918,84296.2143
11530770,1117067030002,80447.482,151712.089
11530770,1117067030003,546294.5114,521066.3521
11530770,1117067030004,44101.1782,61071.9934
11530770,1117067030005,667752.6538,197292.8193
11530770,1117067030301,227636.8089,382256.1652
11530770,1117067030401,46863.2255,57778.4083
11530770,1117067030402,24693.6229,34075.7356
11530770,1117067030403,53544.7881,61462.2673
11530770,1117067030501,85440.0097,85353.236
11530770,1117067030801,141648.8649,185085.5814
11530780,1.117068e+12,2997669.8212,3296056.5338
11530780,1117068010001,152320.8513,104552.6233
11530780,1117068010002,287933.0726,136183.1231
11530780,1117068020001,590409.5095,383208.5408
11530780,1117068020002,120420.0789,161436.9032
11530780,1117068020003,118893.5743,220393.779
11530780,1117068020004,499576.2746,274719.9078
11530780,1117068020005,0,0
11530780,1117068020006,588912.0506,552366.6101
11530780,1117068020007,535706.9836,198003.4978
11530780,1117068020008,306054.8388,337524.8073
11530780,1117068020009,411062.4908,425202.0117
11530780,1117068020010,579944.2113,202745.2234
11530780,1117068020011,319450.3832,193420.0749
11530780,1117068020012,327093.4981,478453.5184
11530780,1117068020013,217667.0527,242972.4211
11530780,1117068020014,73978.4745,175918.6535
11530780,1117068020015,108180.0665,156983.1364
11530780,1117068020016,214168.1857,328275.4294
11530780,1117068020017,81338.5857,167033.7979
11530780,1117068020101,0,0
11530780,1117068020102,8.3546,0
11530780,1117068020103,97010.6713,108082.4463
11530780,1117068020104,13.5565,0
11530780,1117068020201,337358.4268,333349.3618
11530780,1117068020202,162826.4409,139997.1541
11530780,1117068020301,59556.5,131859.9058
11530780,1117068020302,80149.9268,109442.0842
11530780,1117068020501,121048.0664,123880.8403
11530780,1117068020502,721244.6152,774579.2814
11530780,1117068020503,571724.5775,761422.4208
11530780,1117068020601,219613.2896,337313.4878
11530780,1117068020801,54055.2694,153281.363
11530780,1117068020901,133985.3419,166645.1817
11530780,1117068020902,120388.1436,172532.8208
11530780,1117068021001,75338.8318,124435.1268
11530780,1117068021002,173338.4326,316469.5519
11530780,1117068021201,167942.5597,329882.4204
11530780,1117068021202,193374.0619,177919.1771
11530780,1117068021203,124072.6139,182459.8386
11530780,1117068021204,175876.0845,106724.7388
11530780,1117068021205,77842.2168,182869.7189
11530780,1117068021206,196353.8607,246273.9304
11530780,1117068021207,129802.2971,103248.4697
11530780,1117068030001,1456697.1457,1279376.9032
11530780,1117068030002,414631.5836,189530.8685
11530780,1117068030003,272231.6067,339865.628
11530780,1117068030004,1935162.2811,2166108.7201
11530780,1117068030005,93580.9924,170376.9521
11530780,1117068030006,80848.4035,155081.6058
11530780,1117068030007,113107.0202,126574.6121
11530780,1117068030008,102477.3675,139559.248
11530780,1117068030009,325841.2533,323369.943
11530780,1117068030010,227479.6067,353919.4312
11530780,1117068030011,688836.4609,627106.5957
11530780,1117068030012,300417.8127,231526.2548
11530780,1117068030013,196817.56,297155.3258
11530780,1117068030014,3500.0852,8776.9171
11530780,1117068030501,70223.8196,133363.8007
11530780,1117068030601,77663.1749,176698.1211
11530780,1117068030602,163702.4864,249543.8826
11530780,1117068030603,96956.9974,212414.0235
11530780,1117068030604,228263.0722,298581.5438
11530780,1117068031401,169815.8238,281847.6404
11530780,1117068031402,118377.3466,198530.3018
11530780,1117068031501,170805.2284,264870.6992
11530780,1117068031502,179343.7205,264870.3923
11530780,1117068031503,190091.4879,299202.1158
11530780,1117068031504,156078.0993,205357.4986
11530780,1117068031601,141830.5523,179787.9047
11530780,1117068031602,54619.2064,88116.109
11530780,1117068031603,129521.1093,166468.529
11530780,1117068031604,122781.4728,166718.9612
11530780,1117068031701,90131.6327,98524.9732
11530780,1117068031702,100813.7352,126347.2446
11530780,1117068031703,133627.4884,171800.3758
11530780,1117068031901,134433.6098,160643.0599
11530780,1117068031902,179144.1243,231411.7282
11530780,1117068031903,117545.9482,187478.5237
11530780,1117068031904,111490.2325,145380.2278
11530780,1117068031905,124293.8162,168194.0725
11530780,1117068031906,106556.4838,148606.8381
11530780,1117068031907,65251.1196,90452.4591
11530780,1117068032001,75395.5249,129161.8063
11530780,1117068032002,80363.9159,168969.1675
11530780,1117068032101,90383.406,74304.3857
11530780,1117068032102,69244.7522,87213.7913
11530780,1117068032103,104219.7163,88476.8321
11530790,1.117069e+12,1245259.6255,1297158.0777
11530790,1117069010001,108513.9795,178217.7239
11530790,1117069010002,93874.7276,163926.3801
11530790,1117069010003,55705.036,88117.4466
11530790,1117069010004,286237.093,322914.0786
11530790,1117069010005,67898.5456,98448.9646
11530790,1117069010006,104604.6735,138820.8705
11530790,1117069010007,190125.5682,139714.1429
11530790,1117069010008,25473.7765,0
11530790,1117069010009,208245.3315,133887.8471
11530790,1117069010010,660972.8614,421615.8611
11530790,1117069010011,145107.7993,109196.6924
11530790,1117069010012,190132.0133,68767.4098
11530790,1117069010013,180556.6942,238628.1339
11530790,1117069010014,112893.2216,107920.4823
11530790,1117069010015,87591.3218,129987.9907
11530790,1117069010016,102387.0574,140001.8569
11530790,1117069010017,62638.8809,105808.2967
11530790,1117069010018,78430.4649,80780.3994
11530790,1117069010019,187889.4398,123262.9017
11530790,1117069010020,124888.1947,120132.4884
11530790,1117069010021,109761.0756,189517.7108
11530790,1117069010301,68381.7972,141292.5704
11530790,1117069010401,176588.6161,218272.2265
11530790,1117069010402,81159.3958,143586.2873
11530790,1117069010403,127459.2512,168068.9702
11530790,1117069010404,85097.2551,181501.5007
11530790,1117069010405,160729.0358,253995.8555
11530790,1117069010406,85741.3411,180529.4955
11530790,1117069010901,77477.1281,124013.5377
11530790,1117069020001,178388.9815,145006.0107
11530790,1117069020002,402764.045,322626.2872
11530790,1117069020003,180621.5332,148060.0538
11530790,1117069020004,68473.0757,86696.3518
11530790,1117069020005,210132.5781,194645.1553
11530790,1117069020006,42487.3029,104292.1394
11530790,1117069020007,81727.6104,118990.861
11530790,1117069020008,40172.3733,80306.9802
11530790,1117069020009,411469.5525,325554.6804
11530790,1117069020010,202585.2138,142105.0061
11530790,1117069020011,107721.1893,146367.0627
11530790,1117069020012,138866.4481,141139.9463
11530790,1117069020013,105216.1843,207906.5657
11530790,1117069020014,53987.6866,114107.3925
11530790,1117069020015,72228.5843,84892.6928
11530790,1117069020016,64065.6858,77290.0273
11530790,1117069020017,52072.467,50219.3495
11530790,1117069020501,16524.5407,48621.551
11530790,1117069030001,371131.9334,189633.7686
11530790,1117069030002,570604.3069,358627.9212
11530790,1117069030003,110599.3213,186154.324
11530790,1117069030004,288698.4641,375868.0962
11530595,1.11707e+12,543781.9361,593276.5989
11530595,1117070010001,237972.6909,191020.7049
11530595,1117070010002,592754.3563,447749.6921
11530595,1117070010003,588848.2702,901297.0695
11530595,1117070010004,294755.8879,381729.3898
11530595,1117070010005,94553.3349,182893.8557
11530595,1117070010006,35037.159,45779.9928
11530595,1117070010007,82173.3013,75667.2608
11530595,1117070010008,11891.7183,48058.7656
11530595,1117070010009,423279.7437,314377.194
11530595,1117070010010,54482.9043,68912.3241
11530595,1117070010011,66387.6443,162211.0011
11530595,1117070010012,139342.3182,90054.2126
11530595,1117070010013,167760.8031,308054.2751
11530595,1117070010014,71102.2096,61442.7033
11530595,1117070010015,503720.5227,308035.8214
11530595,1117070010016,55573.4622,69180.9992
11530595,1117070010017,17053.2818,35779.4867
11530595,1117070010018,109400.2317,77109.2518
11530595,1117070010019,27677.9465,21669.9289
11530595,1117070010020,117650.6741,292670.0488
11530530,1.117071e+12,1505793.0456,1376859.0404
11530530,1117071010001,363900.1467,47722.089
11530530,1117071020001,1279863.0935,785693.9122
11530530,1117071020002,99238.6747,78326.2125
11530530,1117071020003,119675.4375,100386.5144
11530530,1117071020004,120008.4877,141514.2309
11530530,1117071020005,60425.5473,90108.7602
11530530,1117071020101,76400.7751,107262.2319
11530530,1117071020102,45285.922,103136.8948
11530530,1117071020103,99450.82,175091.9661
11530530,1117071020201,37824.3764,83654.9497
11530530,1117071030001,1381537.8625,744631.0555
11530530,1117071030101,109509.9502,185678.8196
11530530,1117071040001,317859.505,243734.18
11530530,1117071040002,209977.6511,143463.4512
11530530,1117071040101,32618.2812,101064.7753
11530530,1117071050001,52417.0921,118318.634
11530530,1117071050002,273825.7563,233573.3788
11530530,1117071050003,48504.0904,50059.5364
11530530,1117071050004,60301.6465,105863.3589
11530530,1117071050005,46509.899,68568.4635
11530530,1117071050006,112587.4768,50257.4388
11530530,1117071050007,55343.4166,105671.4816
11530530,1117071050008,253554.8189,202068.9226
11530530,1117071050201,39403.6882,102797.3765
11530530,1117071050202,11495.3505,43095.0889
11530530,1117071060001,75856.3168,134234.5933
11530530,1117071060002,411356.0132,361116.8628
11530530,1117071060003,33072.7074,77728.5796
11530530,1117071060004,127532.3385,160862.6748
11530530,1117071060005,45350.1322,90316.8672
11530530,1117071060006,153608.3127,255273.4221
11530530,1117071060007,238623.5952,173345.5207
11530530,1117071060008,116455.3341,188461.6532
11530530,1117071060009,91337.8532,104892.6022
11530530,1117071060101,64882.5894,124027.7317
11530530,1117071070001,59067.7338,68073.7482
11530530,1117071070002,736249.1062,501921.3975
11530530,1117071070003,191714.1404,254390.3829
11530530,1117071070004,71559.5663,104433.7193
11530530,1117071070005,267123.8221,374510.2949
11530530,1117071080001,150887.7743,205695.9467
11530530,1117071080002,70144.0647,54271.7436
11530530,1117071080003,107068.0965,104976.247
11530530,1117071080004,191953.8358,325077.3441
11530530,1117071090001,23900.5827,46973.687
11530530,1117071090002,62875.7227,102836.5548
11530530,1117071090003,45761.3089,89100.3602
11530530,1117071090004,73590.3357,97603.6591
11530530,1117071090005,186840.4193,125918.2482
11530530,1117071090006,137948.7202,124397.9446
11530530,1117071090007,495096.0948,393874.0918
11530530,1117071090008,123137.294,75026.3312
11530530,1117071090009,76576.5151,79078.3125
11530530,1117071090010,73877.0202,62340.5999
11530740,1.117072e+12,1513154.8708,1525357.2208
11530740,1117072010001,135872.3201,71568.5813
11530740,1117072010002,45240.8744,65647.6754
11530740,1117072010003,92994.1797,112839.8276
11530740,1117072010004,352073.2752,311098.6568
11530740,1117072010005,121787.1225,92677.096
11530740,1117072010006,57129.1356,71504.6524
11530740,1117072010007,290557.5951,312741.67
11530740,1117072020001,71975.8408,143824.8863
11530740,1117072020002,106384.529,102257.0012
11530740,1117072020003,102228.4231,117487.3605
11530740,1117072020004,64005.6246,103910.627
11530740,1117072020005,65718.1803,96561.0082
11530740,1117072020006,165374.4651,214153.6436
11530740,1117072020007,69857.6891,74969.9761
11530740,1117072020008,72381.3942,99712.0423
11530740,1117072020009,84511.9821,119860.7751
11530740,1117072020010,103442.7805,170449.9942
11530740,1117072020011,94811.46,83033.6047
11530740,1117072020012,71364.0367,72449.9252
11530740,1117072020101,89308.4864,181410.2491
11530740,1117072020501,70821.0911,129987.3481
11530740,1117072030001,76575.555,131705.3546
11530740,1117072030002,197796.5732,154430.1087
11530740,1117072030003,100662.9814,153641.2451
11530740,1117072030004,132334.5746,174897.6149
11530740,1117072030005,222355.6675,174114.324
11530740,1117072030101,76027.2201,143253.8891
11530740,1117072030201,28839.3047,68017.2706
11530740,1117072030202,10533.0483,39945.8492
11530740,1117072040001,1228403.8437,716968.5991
11530740,1117072050001,407996.9073,186094.7188
11530740,1117072050002,37692.2678,71661.8338
11530740,1117072050003,40208.3613,55825.1842
11530740,1117072050004,40815.6922,57851.0317
11530740,1117072050005,181943.7814,99378.9379
11530740,1117072050006,305765.7108,860969.1798
11530740,1117072050007,224564.465,204457.1453
11530740,1117072050008,57651.948,75998.76
11530740,1117072050009,31424.0331,48856.036
11530740,1117072050010,129949.3937,91737.1744
11530740,1117072050011,37991.4678,63694.4008
11530740,1117072050012,85509.9653,100542.7195
11530740,1117072050013,44161.5194,79255.2024
11530740,1117072050101,89076.777,136235.4437
11530740,1117072050102,127377.3452,189425.4476
11530740,1117072050103,90923.9588,143373.8615
11530740,1117072050104,126156.0856,216543.2434
11530740,1117072050105,222899.1458,150568.7963
11530740,1117072050201,35885.1037,91587.3962
11530740,1117072060001,578032.2417,270007.0697
11530740,1117072060002,806581.2242,247208.2973
11530740,1117072060101,95459.3552,187635.842
11530740,1117072060201,137581.4086,194465.3844
11530740,1117072060202,104808.6681,163485.5237
11530740,1117072060301,31399.3561,39381.7814
11530740,1117072060401,59765.1476,76925.9686
11530740,1117072060402,11698.5584,24580.0674
11530740,1117072060403,26162.8577,71399.2914
11530740,1117072060404,12409.7114,35784.9806
11530740,1117072060405,24364.5982,68695.4437
11530740,1117072060406,6586.8884,9150.3497
11530740,1117072060407,38443.2997,92320.9752
11530740,1117072060408,777163.6621,781111.522
11530740,1117072060409,19571.1778,49772.1993
11530740,1117072060410,13075.4683,40267.4355
11530740,1117072060411,11340.1749,31286.1597
11530740,1117072060412,14883.5455,37720.9438
